fecha_corte,vigencia,tc,BANCO BISA N,BANCO BISA Monto,BANCO DE CRÉDITO N,BANCO DE CRÉDITO Monto,BANCO DE LA NACIÓN ARGENTINA N,BANCO DE LA NACIÓN ARGENTINA Monto,BANCO ECONÓMICO N,BANCO ECONÓMICO Monto,BANCO FIE N,BANCO FIE Monto,BANCO FORTALEZA N,BANCO FORTALEZA Monto,BANCO GANADERO N,BANCO GANADERO Monto,BANCO MERCANTIL SANTA CRUZ N,BANCO MERCANTIL SANTA CRUZ Monto,BANCO NACIONAL DE BOLIVIA N,BANCO NACIONAL DE BOLIVIA Monto,BANCO PRODEM N,BANCO PRODEM Monto,BANCO PYME DE LA COMUNIDAD N,BANCO PYME DE LA COMUNIDAD Monto,BANCO PYME ECOFUTURO N,BANCO PYME ECOFUTURO Monto,BANCO SOLIDARIO N,BANCO SOLIDARIO Monto,BANCO UNION N,BANCO UNION Monto,TOTAL BANCOS N,TOTAL BANCOS Monto
2026-06-26,2026-06-29,7.0000,,,,,,,,,,,,,5,5743,,,,,,,,,,,,,,,5,5743
2026-06-26,2026-06-29,7.0100,,,,,,,,,,,,,1,197,,,,,,,,,,,,,,,1,197
2026-06-26,2026-06-29,7.2000,,,,,,,4,10107,,,,,,,2,2901,,,,,,,,,,,,,6,13008
2026-06-26,2026-06-29,7.5000,,,,,,,,,,,,,,,7,13240,,,,,,,,,2,5300,,,9,18540
2026-06-26,2026-06-29,8.0000,,,,,,,,,,,,,1,5000,1,2000,,,,,,,,,,,,,2,7000
2026-06-26,2026-06-29,8.2000,,,,,,,,,,,,,,,,,1,469,,,,,,,,,,,1,469
2026-06-26,2026-06-29,8.4000,,,,,,,,,,,,,,,3,1000,,,,,,,,,,,,,3,1000
2026-06-26,2026-06-29,8.5000,12,22524,,,,,,,,,,,,,,,,,,,,,,,,,,,12,22524
2026-06-26,2026-06-29,8.7000,,,,,,,,,,,,,,,1,4834,,,,,,,,,,,,,1,4834
2026-06-26,2026-06-29,8.8500,,,,,,,,,,,,,,,2,478750,,,,,,,,,,,,,2,478750
2026-06-26,2026-06-29,9.0000,37,82783,,,,,,,,,,,,,,,,,,,,,,,,,,,37,82783
2026-06-26,2026-06-29,9.0500,,,,,,,,,,,,,,,,,,,,,,,,,,,2,650,2,650
2026-06-26,2026-06-29,9.1000,,,2,2379,,,,,,,,,,,,,,,,,,,,,,,,,2,2379
2026-06-26,2026-06-29,9.1500,1,14965,,,,,,,,,,,,,,,,,,,,,,,,,,,1,14965
2026-06-26,2026-06-29,9.2000,1,249965,,,,,,,,,,,,,,,,,,,,,,,,,,,1,249965
2026-06-26,2026-06-29,9.3200,,,,,,,,,,,,,1,107,,,,,,,,,,,,,,,1,107
2026-06-26,2026-06-29,9.5000,5,43654,13,19102,,,,,,,,,1,5005,,,,,,,,,,,,,,,19,67762
2026-06-26,2026-06-29,9.6000,3,220425,,,,,,,,,,,63,32733,,,,,,,,,,,,,,,66,253157
2026-06-26,2026-06-29,9.6300,,,,,,,,,,,,,1,30465,,,,,,,,,,,,,,,1,30465
2026-06-26,2026-06-29,9.6500,1,5507,,,,,,,,,,,,,2,93295,,,,,,,,,,,,,3,98802
2026-06-26,2026-06-29,9.7000,7,14864,,,1,7425,,,,,,,71,214200,,,,,,,,,,,,,,,79,236489
2026-06-26,2026-06-29,9.7150,1,60000,,,,,,,,,,,,,,,,,,,,,,,,,,,1,60000
2026-06-26,2026-06-29,9.7300,,,,,,,1,2000000,,,,,2,752803,,,,,,,,,,,,,,,3,2752803
2026-06-26,2026-06-29,9.7400,,,,,,,,,,,,,,,1,54792,,,,,,,,,2,100000,,,3,154792
2026-06-26,2026-06-29,9.7500,8,146317,,,,,,,,,,,,,,,1,1440000,,,,,,,,,,,9,1586317
2026-06-26,2026-06-29,9.7600,1,1054,,,,,1,40000,,,,,,,,,,,,,,,,,,,,,2,41054
2026-06-26,2026-06-29,9.7800,3,591315,,,,,,,,,,,,,,,,,,,,,,,,,,,3,591315
2026-06-26,2026-06-29,9.8000,3,3717,,,,,4,1144025,,,,,,,2,999857,,,,,,,,,,,,,9,2147599
2026-06-26,2026-06-29,9.8100,1,500000,,,,,1,2000000,,,,,,,1,1500000,,,,,,,,,,,,,3,4000000
2026-06-26,2026-06-29,9.8120,1,2000000,,,,,,,,,,,,,,,,,,,,,,,,,,,1,2000000
2026-06-26,2026-06-29,9.8200,,,,,,,,,,,1,400000,1,2000000,,,,,,,,,,,,,,,2,2400000
2026-06-29,2026-06-30,8.0000,,,,,,,,,,,,,,,,,1,34975,,,,,,,,,,,1,34975
2026-06-29,2026-06-30,8.3000,,,,,,,,,,,,,,,,,1,49204,,,,,,,,,,,1,49204
2026-06-29,2026-06-30,8.5000,,,,,,,,,,,,,,,,,2,92667,,,,,,,,,,,2,92667
2026-06-29,2026-06-30,9.1000,,,,,,,,,,,,,,,,,1,30000,,,,,,,,,,,1,30000
2026-06-29,2026-06-30,9.2300,,,,,,,,,,,,,,,,,,,,,1,2,,,,,,,1,2
2026-06-29,2026-06-30,9.2400,,,,,,,,,,,,,,,,,,,,,,,,,20,5589,,,20,5589
2026-06-29,2026-06-30,9.6300,,,11,88037,23,8870,,,,,,,253,438730,,,,,21,10687,,,,,,,,,308,546324
2026-06-29,2026-06-30,9.6600,,,,,,,,,,,,,,,,,,,,,,,,,1,11538,,,1,11538
2026-06-29,2026-06-30,9.6700,,,,,,,,,,,,,,,1,0,,,,,,,,,,,,,1,0
2026-06-29,2026-06-30,9.6800,,,,,,,,,,,,,,,232,445169,,,,,,,,,,,,,232,445169
2026-06-29,2026-06-30,9.6900,,,,,,,,,,,,,,,1,1,,,,,,,,,,,,,1,1
2026-06-29,2026-06-30,9.7000,2,410,,,,,,,,,,,73,300885,,,1,21410,,,,,,,2,115,,,78,322820
2026-06-29,2026-06-30,9.7200,1,507000,,,,,,,,,,,16,13752,1,49000,,,,,,,,,1,19095,,,19,588847
2026-06-29,2026-06-30,9.7250,,,,,,,,,,,,,,,,,1,1,,,,,,,,,,,1,1
2026-06-29,2026-06-30,9.7300,1,1500000,,,,,46,86920,21,105419,9,123435,483,966621,,,286,193334,,,7,7542,1,730,,,116,676658,970,3660659
2026-06-29,2026-06-30,9.7310,1,700000,,,,,,,,,,,,,,,,,,,,,,,,,,,1,700000
2026-06-29,2026-06-30,9.7320,,,,,,,,,,,,,,,,,2,5,,,,,,,,,,,2,5
2026-06-29,2026-06-30,9.7410,,,,,,,,,,,,,,,,,1,0,,,,,,,,,,,1,0
2026-06-29,2026-06-30,9.7500,,,,,,,,,,,,,,,,,,,,,,,,,3,209935,,,3,209935
2026-06-29,2026-06-30,9.7800,,,,,,,,,,,,,,,2,3885,,,,,,,,,,,,,2,3885
2026-06-29,2026-06-30,9.7900,,,,,,,,,,,,,,,,,1,1000000,,,,,,,,,,,1,1000000
2026-06-29,2026-06-30,9.8000,,,,,,,1,330174,,,,,,,,,,,,,,,,,,,,,1,330174
2026-06-29,2026-06-30,9.8050,,,,,,,,,,,,,,,1,7655708,,,,,,,,,,,,,1,7655708
2026-06-29,2026-06-30,9.8100,,,,,,,,,,,,,,,1,1678212,,,,,,,,,,,,,1,1678212
2026-06-29,2026-06-30,9.8200,,,,,,,,,,,,,1,1382,,,,,,,,,,,,,,,1,1382
2026-06-29,2026-06-30,9.9000,,,1,700,,,,,,,,,,,,,,,,,,,,,,,,,1,700
2026-06-29,2026-06-30,9.9100,,,,,,,4,1010,,,,,,,,,,,,,,,,,,,,,4,1010
2026-06-29,2026-06-30,9.9900,,,1,9000,,,,,,,,,,,,,,,,,,,,,,,,,1,9000
2026-06-29,2026-06-30,10.0700,,,1,1664,,,,,,,,,,,,,,,,,,,,,,,,,1,1664
2026-06-29,2026-06-30,10.1100,,,1,296,,,,,,,,,,,,,,,,,,,,,,,,,1,296
2026-06-30,2026-07-01,8.3000,,,,,,,,,,,,,,,,,1,961,,,,,,,,,,,1,961
2026-06-30,2026-07-01,9.0000,,,,,,,,,,,,,,,,,1,126000,,,,,,,,,,,1,126000
2026-06-30,2026-07-01,9.2700,,,,,,,,,,,,,,,,,,,,,,,,,24,3584,,,24,3584
2026-06-30,2026-07-01,9.5500,,,,,,,,,,,,,,,1,1,,,,,,,,,,,,,1,1
2026-06-30,2026-07-01,9.5600,,,,,,,,,,,,,,,168,257401,,,9,3759,,,,,,,,,177,261160
2026-06-30,2026-07-01,9.6300,,,,,,,,,,,,,6,62823,,,,,,,,,,,,,,,6,62823
2026-06-30,2026-07-01,9.6600,43,87397,17,37197,26,6332,31,9356,12,11564,,,163,161961,,,,,,,,,,,,,,,292,313806
2026-06-30,2026-07-01,9.7000,1,100000,,,,,,,,,,,278,304112,,,,,,,,,,,2,24275,,,281,428387
2026-06-30,2026-07-01,9.7100,,,,,,,,,,,1,167387,,,,,,,,,,,,,,,,,1,167387
2026-06-30,2026-07-01,9.7200,,,,,,,1,105560,,,,,,,,,,,,,,,,,3,144498,,,4,250058
2026-06-30,2026-07-01,9.7300,1,200000,,,,,,,,,1,2445,114,1250413,,,,,,,,,,,1,112990,,,117,1565848
2026-06-30,2026-07-01,9.7301,,,,,,,,,,,,,1,600000,,,,,,,,,,,,,,,1,600000
2026-06-30,2026-07-01,9.7500,9,129806,,,,,,,,,,,,,,,,,,,,,,,1,22763,,,10,152569
2026-06-30,2026-07-01,9.7600,,,1,10000,,,,,,,1,1,68,14269,,,184,256505,,,3,244,6,602,,,100,96187,363,377808
2026-06-30,2026-07-01,9.7610,,,,,,,,,,,,,,,,,1,1,,,,,,,,,,,1,1
2026-06-30,2026-07-01,9.7800,,,2,1977718,,,,,,,,,,,,,,,,,,,,,,,,,2,1977718
2026-06-30,2026-07-01,9.7850,,,,,,,,,,,,,,,,,1,109456,,,,,,,,,,,1,109456
2026-06-30,2026-07-01,9.8000,4,2342,,,,,,,,,,,,,,,1,0,,,,,,,1,1599905,,,6,1602247
2026-06-30,2026-07-01,9.8100,,,,,,,,,,,,,1,399975,,,,,,,,,,,,,,,1,399975
2026-06-30,2026-07-01,9.8200,,,,,,,,,,,,,,,1,900000,,,,,,,,,,,,,1,900000
2026-06-30,2026-07-01,9.8300,1,1001797,,,,,,,,,,,5,9,,,,,,,,,,,,,,,6,1001806
2026-06-30,2026-07-01,9.8400,,,,,,,2,26,,,,,,,,,,,,,,,,,,,,,2,26
2026-06-30,2026-07-01,9.8600,,,,,,,,,,,,,,,3,83334,,,,,,,,,,,,,3,83334
2026-06-30,2026-07-01,10.2100,,,,,,,,,,,,,,,3,9354,,,,,,,,,,,,,3,9354
2026-06-30,2026-07-01,11.7600,,,,,,,,,,,,,,,1,850,,,,,,,,,,,,,1,850
2026-07-01,2026-07-02,9.2700,,,,,,,,,,,,,,,,,,,,,,,,,17,26102,,,17,26102
2026-07-01,2026-07-02,9.3600,,,,,,,,,,,,,,,,,,,13,5846,,,3,3620,,,,,16,9466
2026-07-01,2026-07-02,9.5600,,,,,,,,,,,,,,,360,406827,,,,,,,,,,,,,360,406827
2026-07-01,2026-07-02,9.6300,,,,,,,,,,,,,1,65822,,,,,,,,,,,,,,,1,65822
2026-07-01,2026-07-02,9.6599,,,1,43,,,,,,,,,,,,,,,,,,,,,,,,,1,43
2026-07-01,2026-07-02,9.6600,33,139166,31,72182,26,16886,29,37026,15,8284,,,164,124592,,,,,,,,,,,,,,,298,398137
2026-07-01,2026-07-02,9.6800,1,50000,,,,,,,,,,,,,,,,,,,,,,,,,,,1,50000
2026-07-01,2026-07-02,9.7000,3,404965,2,220502,,,,,,,,,356,357648,,,,,,,,,,,2,3345,,,363,986460
2026-07-01,2026-07-02,9.7100,1,2781,,,,,,,,,,,,,,,,,,,,,,,,,,,1,2781
2026-07-01,2026-07-02,9.7300,1,50000,,,,,,,,,1,29975,38,1105936,,,,,,,,,,,,,,,40,1185911
2026-07-01,2026-07-02,9.7500,10,129840,,,,,,,,,,,,,,,24,1684458,,,,,,,2,1854436,,,36,3668734
2026-07-01,2026-07-02,9.7550,1,91000,,,,,,,,,,,,,,,,,,,,,,,,,,,1,91000
2026-07-01,2026-07-02,9.7570,,,,,,,,,,,,,,,,,17,1,,,,,,,,,,,17,1
2026-07-01,2026-07-02,9.7600,3,196804,1,1000,,,,,,,3,66896,23,1539,,,1949,1296200,,,3,216,,,1,249835,73,119022,2056,1931511
2026-07-01,2026-07-02,9.7650,1,70000,,,,,,,,,,,,,,,,,,,,,,,,,,,1,70000
2026-07-01,2026-07-02,9.7700,1,1484555,,,,,,,,,,,,,,,,,,,,,,,,,,,1,1484555
2026-07-01,2026-07-02,9.7800,4,534140,,,,,1,174440,,,,,2,446478,,,,,,,,,,,,,,,7,1155058
2026-07-01,2026-07-02,9.7950,1,10000000,,,,,,,,,,,,,,,,,,,,,,,,,,,1,10000000
2026-07-01,2026-07-02,9.8000,10,1823250,1,699930,,,,,,,,,1,612982,,,18,0,,,,,,,1,499955,,,31,3636117
2026-07-01,2026-07-02,9.8050,,,,,,,,,,,,,1,499980,,,,,,,,,,,,,,,1,499980
2026-07-01,2026-07-02,9.8100,,,,,,,,,,,,,1,2000000,,,,,,,,,,,,,,,1,2000000
2026-07-01,2026-07-02,9.8500,,,,,,,,,,,,,1,700000,,,,,,,,,,,,,,,1,700000
2026-07-01,2026-07-02,9.8600,,,,,,,,,,,,,4,7,,,,,,,,,,,,,,,4,7
2026-07-01,2026-07-02,9.9000,,,,,,,,,,,,,,,,,,,,,,,,,,,1,1504313,1,1504313
2026-07-02,2026-07-03,9.2900,,,,,,,,,,,,,,,,,,,,,,,,,27,19191,,,27,19191
2026-07-02,2026-07-03,9.3800,,,,,,,,,,,,,,,,,,,,,,,2,2640,,,,,2,2640
2026-07-02,2026-07-03,9.4800,,,,,,,,,,,,,,,,,,,8,4502,,,,,,,,,8,4502
2026-07-02,2026-07-03,9.5600,,,,,,,,,,,,,,,1,190740,,,,,,,,,,,,,1,190740
2026-07-02,2026-07-03,9.5800,,,,,,,,,,,,,152,190091,187,171363,,,,,,,,,,,,,339,361454
2026-07-02,2026-07-03,9.6000,,,,,,,,,,,,,121,29727,,,,,,,,,,,,,,,121,29727
2026-07-02,2026-07-03,9.6300,,,,,,,,,,,,,3,31045,,,,,,,,,,,,,,,3,31045
2026-07-02,2026-07-03,9.6600,3,1973,,,,,,,,,,,2,8,,,,,,,,,,,,,,,5,1981
2026-07-02,2026-07-03,9.6800,28,130934,33,24304,15,2149,33,280180,12,40169,,,,,,,,,,,,,,,,,,,121,477737
2026-07-02,2026-07-03,9.7000,,,,,,,,,,,,,176,280051,1,6940,,,,,,,,,1,19780,,,178,306771
2026-07-02,2026-07-03,9.7300,,,,,,,,,,,,,63,1338543,,,,,,,,,,,,,,,63,1338543
2026-07-02,2026-07-03,9.7500,4,6471,,,,,,,,,,,,,,,1,0,,,,,,,1,12651,,,6,19122
2026-07-02,2026-07-03,9.7600,3,178860,,,,,,,,,,,,,,,,,,,,,,,,,,,3,178860
2026-07-02,2026-07-03,9.7700,,,,,,,,,,,,,,,,,2,44000,,,,,,,1,5576,,,3,49576
2026-07-02,2026-07-03,9.7760,,,,,,,,,,,,,,,,,1,1,,,,,,,,,,,1,1
2026-07-02,2026-07-03,9.7800,5,383854,1,112383,9,25562,,,,,2,16,18,101353,1,114000,1062,1523349,,,3,2262,,,3,23434,75,209115,1179,2495327
2026-07-02,2026-07-03,9.7810,,,,,,,,,,,,,1,382982,,,,,,,,,,,,,,,1,382982
2026-07-02,2026-07-03,9.7850,2,430000,,,,,,,,,,,,,,,,,,,,,,,,,,,2,430000
2026-07-02,2026-07-03,9.7900,,,,,,,1,500000,,,,,1,447982,,,1,999960,,,,,,,1,133518,,,4,2081460
2026-07-02,2026-07-03,9.8000,3,100039,,,,,1,700000,,,,,,,,,,,,,,,,,2,89818,,,6,889857
2026-07-02,2026-07-03,9.8050,1,1020800,,,,,,,,,,,,,,,,,,,,,,,,,,,1,1020800
2026-07-02,2026-07-03,9.8100,1,49970,,,,,1,139983,,,,,,,1,187600,,,,,,,,,1,127405,,,4,504958
2026-07-02,2026-07-03,9.8150,1,3000000,,,,,,,,,,,,,,,,,,,,,,,,,,,1,3000000
2026-07-02,2026-07-03,9.8200,1,1000000,,,,,,,,,,,2,300000,,,,,,,,,,,,,,,3,1300000
2026-07-02,2026-07-03,9.8299,,,,,,,,,,,,,1,344,,,,,,,,,,,,,,,1,344
2026-07-02,2026-07-03,9.8300,,,,,,,,,,,,,1,800000,1,249907,,,,,,,,,,,,,2,1049907
2026-07-02,2026-07-03,9.8350,,,,,,,,,,,,,1,699982,,,,,,,,,,,,,,,1,699982
2026-07-02,2026-07-03,9.8400,2,2149500,,,,,,,,,,,1,959982,,,,,,,,,,,,,,,3,3109482
2026-07-02,2026-07-03,9.8500,,,1,699940,,,,,,,,,1,1400,1,17983,,,,,,,,,,,,,3,719323
2026-07-02,2026-07-03,9.8600,,,,,,,,,,,,,7,1874,,,,,,,,,,,,,,,7,1874
2026-07-02,2026-07-03,9.9000,,,1,402892,,,,,,,,,,,,,,,,,,,,,,,,,1,402892
2026-07-02,2026-07-03,10.0000,,,,,,,,,,,,,,,,,34,0,,,,,,,,,,,34,0
2026-07-03,2026-07-06,9.2900,,,,,,,,,,,,,,,,,,,,,,,,,1,29001,,,1,29001
2026-07-03,2026-07-06,9.3100,,,,,,,,,,,,,,,,,,,,,,,,,16,1974,,,16,1974
2026-07-03,2026-07-06,9.4000,,,,,,,,,,,,,,,,,,,,,,,5,3815,,,,,5,3815
2026-07-03,2026-07-06,9.5800,,,,,,,,,,,,,1,2,,,,,,,,,,,,,,,1,2
2026-07-03,2026-07-06,9.5900,,,,,,,,,,,,,,,2,9,,,,,,,,,,,,,2,9
2026-07-03,2026-07-06,9.6000,,,,,,,,,,,,,191,105083,136,757251,,,,,,,,,,,,,327,862334
2026-07-03,2026-07-06,9.6200,,,,,,,,,,,,,,,2,4,,,,,,,,,,,,,2,4
2026-07-03,2026-07-06,9.6300,,,,,,,,,,,,,2,45083,,,,,,,,,,,,,,,2,45083
2026-07-03,2026-07-06,9.7000,38,136637,6,8585,10,11336,31,159927,8,761,,,294,323549,,,,,7,18491,,,,,,,,,394,659286
2026-07-03,2026-07-06,9.7200,3,35460,,,,,,,,,,,,,,,,,,,,,,,,,,,3,35460
2026-07-03,2026-07-06,9.7300,,,,,,,,,,,,,33,1391657,,,,,,,,,,,,,,,33,1391657
2026-07-03,2026-07-06,9.7500,1,402,,,,,,,,,,,,,,,,,,,,,,,,,,,1,402
2026-07-03,2026-07-06,9.7600,1,56455,,,,,,,,,,,,,1,92572,,,,,,,,,,,,,2,149027
2026-07-03,2026-07-06,9.7800,1,386417,,,,,,,,,1,28000,,,,,,,,,,,,,,,,,2,414417
2026-07-03,2026-07-06,9.7900,,,,,,,,,,,,,1,450000,,,3,10085,,,,,,,,,,,4,460085
2026-07-03,2026-07-06,9.8000,3,95005,6,223547,,,1,53397,,,1,200000,39,2304,3,29594,1071,1855909,,,3,64,,,3,74276,83,318733,1213,2852828
2026-07-03,2026-07-06,9.8100,,,4,14676,,,,,,,1,905622,1,1374111,,,1,300000,,,,,,,,,,,7,2594409
2026-07-03,2026-07-06,9.8200,1,129115,4,14640,,,,,,,,,,,1,1051501,,,,,,,,,,,,,6,1195256
2026-07-03,2026-07-06,9.8300,1,177123,,,,,,,,,,,,,1,187022,,,,,,,,,,,,,2,364145
2026-07-03,2026-07-06,9.8400,,,,,,,1,300000,,,,,1,400000,,,,,,,,,,,,,,,2,700000
2026-07-03,2026-07-06,9.8500,1,633862,,,,,,,,,,,3,4354619,,,,,,,,,,,,,,,4,4988480
2026-07-03,2026-07-06,9.8700,,,,,,,2,186474,,,,,,,,,,,,,,,,,,,,,2,186474
2026-07-03,2026-07-06,9.8800,,,,,,,,,,,,,3,17,,,,,,,,,,,1,97200,,,4,97217
2026-07-03,2026-07-06,9.8850,,,,,,,,,,,,,,,,,,,,,,,,,1,599962,,,1,599962
2026-07-03,2026-07-06,9.9000,,,4,1204340,,,2,306318,,,,,,,,,,,,,,,,,,,,,6,1510658
2026-07-03,2026-07-06,9.9500,1,500000,,,,,1,748804,,,,,,,,,,,,,,,,,,,,,2,1248804
2026-07-03,2026-07-06,9.9600,,,,,,,,,,,,,,,1,199845,,,,,,,,,,,,,1,199845
2026-07-03,2026-07-06,9.9650,,,,,,,,,,,,,,,1,1500000,,,,,,,,,,,,,1,1500000
2026-07-03,2026-07-06,10.0000,,,,,,,,,,,,,,,1,0,,,,,,,,,,,,,1,0
2026-07-03,2026-07-06,10.2500,,,,,,,,,,,,,,,1,59,,,,,,,,,,,,,1,59
2026-07-06,2026-07-07,9.3400,,,,,,,,,,,,,,,,,,,,,,,,,21,1608,,,21,1608
2026-07-06,2026-07-07,9.4300,,,,,,,22,21372,,,,,,,,,,,,,,,3,47414,,,,,25,68786
2026-07-06,2026-07-07,9.6000,,,,,,,,,,,,,1,42440,1,6,,,,,,,,,,,,,2,42446
2026-07-06,2026-07-07,9.6300,,,,,,,,,,,,,199,129283,201,260082,,,,,,,,,,,,,400,389365
2026-07-06,2026-07-07,9.7000,3,2704,3,2500,,,,,,,,,227,393939,,,1,2000,,,,,,,,,,,234,401143
2026-07-06,2026-07-07,9.7300,39,105731,7,35701,29,5134,,,17,15603,2,2674,12,1124923,,,9,36096,9,4406,,,,,,,,,124,1330268
2026-07-06,2026-07-07,9.7400,1,25962,,,,,,,,,,,,,,,,,,,,,,,,,,,1,25962
2026-07-06,2026-07-07,9.7500,,,,,,,,,,,1,8880,,,,,,,,,,,,,,,,,1,8880
2026-07-06,2026-07-07,9.7800,1,144935,,,,,,,,,,,,,1,21455,,,,,,,,,,,,,2,166390
2026-07-06,2026-07-07,9.8000,1,22000,,,,,,,,,,,,,,,,,,,,,,,,,,,1,22000
2026-07-06,2026-07-07,9.8299,,,,,,,,,,,,,1,69,,,,,,,,,,,,,,,1,69
2026-07-06,2026-07-07,9.8300,2,18700,,,1,12475,,,,,6,1745,117,4441,3,49488,161,115500,,,4,7049,,,,,64,180125,358,389523
2026-07-06,2026-07-07,9.8302,,,,,,,,,,,,,1,16,,,,,,,,,,,,,,,1,16
2026-07-06,2026-07-07,9.8400,,,,,,,,,,,,,,,,,1,1,,,,,,,,,,,1,1
2026-07-06,2026-07-07,9.8500,2,821090,,,,,,,,,,,,,,,,,,,,,,,2,45445,,,4,866535
2026-07-06,2026-07-07,9.8620,,,,,,,,,,,,,,,,,,,,,,,,,2,500000,,,2,500000
2026-07-06,2026-07-07,9.8700,,,,,,,1,181531,,,,,,,,,,,,,,,,,,,,,1,181531
2026-07-06,2026-07-07,9.8800,1,292281,,,,,,,,,,,,,,,,,,,,,,,,,,,1,292281
2026-07-06,2026-07-07,9.8900,1,199965,,,,,,,,,,,,,,,,,,,,,,,,,,,1,199965
2026-07-06,2026-07-07,9.9000,3,1313120,,,,,4,695604,,,,,1,985,2,109876,,,,,,,,,2,10243,,,12,2129827
2026-07-06,2026-07-07,9.9200,,,,,,,1,300000,,,,,,,,,,,,,,,,,,,,,1,300000
2026-07-06,2026-07-07,9.9296,,,,,,,,,,,,,1,71,,,,,,,,,,,,,,,1,71
2026-07-06,2026-07-07,9.9300,,,1,849700,,,,,,,,,2,5,,,,,,,,,,,,,,,3,849705
2026-07-06,2026-07-07,9.9500,1,700000,1,505643,,,,,,,,,,,,,,,,,,,,,3,311275,,,5,1516918
2026-07-06,2026-07-07,9.9700,,,,,,,,,,,,,,,,,,,,,,,,,4,93599,,,4,93599
2026-07-06,2026-07-07,10.0000,,,,,,,,,,,,,,,2,1100040,,,,,,,,,,,,,2,1100040
2026-07-06,2026-07-07,10.0850,,,,,,,,,,,,,,,1,600000,,,,,,,,,,,,,1,600000
2026-07-06,2026-07-07,10.1500,,,,,,,,,,,,,,,1,399915,,,,,,,,,,,,,1,399915
2026-07-07,2026-07-08,9.4000,,,,,,,,,,,,,,,,,,,,,,,,,11,20294,,,11,20294
2026-07-07,2026-07-08,9.4900,,,,,,,25,33885,,,,,,,,,,,,,,,3,107,,,,,28,33992
2026-07-07,2026-07-08,9.6000,,,,,,,,,,,,,1,43754,,,,,,,,,,,,,,,1,43754
2026-07-07,2026-07-08,9.6300,,,,,,,,,,,,,5,43290,,,,,,,,,,,,,,,5,43290
2026-07-07,2026-07-08,9.6800,,,,,,,,,,,,,,,1,0,,,,,,,,,,,,,1,0
2026-07-07,2026-07-08,9.6900,,,,,,,,,,,,,137,44202,138,39464,,,,,,,,,,,,,275,83666
2026-07-07,2026-07-08,9.6934,,,,,,,,,,,,,1,4,,,,,,,,,,,,,,,1,4
2026-07-07,2026-07-08,9.7000,,,,,,,,,,,,,248,296354,,,,,,,,,,,,,,,248,296354
2026-07-07,2026-07-08,9.7300,2,4771,,,,,,,,,,,76,1173281,,,1,20,1,1,,,,,,,,,80,1178073
2026-07-07,2026-07-08,9.7500,2,1524,,,,,,,,,,,,,,,2,1750,,,,,,,,,,,4,3274
2026-07-07,2026-07-08,9.7900,37,56928,15,28166,10,23805,1,3915,25,14763,,,,,,,2,10616,8,13866,,,,,,,,,98,152059
2026-07-07,2026-07-08,9.8000,3,24851,,,,,,,,,,,,,,,1,939,,,,,,,,,,,4,25790
2026-07-07,2026-07-08,9.8500,,,1,148543,,,,,,,,,,,,,,,,,,,,,,,,,1,148543
2026-07-07,2026-07-08,9.8700,1,62538,,,,,,,,,,,,,,,,,,,,,,,,,,,1,62538
2026-07-07,2026-07-08,9.8800,,,,,,,,,,,,,,,,,1,14947,,,,,,,,,,,1,14947
2026-07-07,2026-07-08,9.8900,10,305472,,,1,9659,,,,,2,200,59,250063,1,292,148,421862,,,1,2000,,,,,79,159336,301,1148883
2026-07-07,2026-07-08,9.8990,,,1,58615,,,,,,,,,,,,,,,,,,,,,,,,,1,58615
2026-07-07,2026-07-08,9.9000,,,1,303030,,,,,,,,,,,,,1,2999975,,,,,,,,,,,2,3303005
2026-07-07,2026-07-08,9.9001,,,,,,,,,,,,,1,391,,,,,,,,,,,,,,,1,391
2026-07-07,2026-07-08,9.9296,,,,,,,,,,,,,1,68,,,,,,,,,,,,,,,1,68
2026-07-07,2026-07-08,9.9300,,,,,,,,,,,,,5,301552,,,1,99975,,,,,,,,,,,6,401527
2026-07-07,2026-07-08,9.9400,1,493713,,,,,,,,,,,1,299982,,,1,1108125,,,,,,,,,,,3,1901820
2026-07-07,2026-07-08,9.9500,4,1672238,1,180000,,,1,299120,,,,,,,,,,,,,,,,,2,109900,,,8,2261258
2026-07-07,2026-07-08,9.9620,,,,,,,,,,,,,,,,,,,,,,,,,1,499905,,,1,499905
2026-07-07,2026-07-08,9.9700,,,1,99945,,,,,,,,,,,,,,,,,,,,,1,6116,,,2,106061
2026-07-07,2026-07-08,9.9800,1,1020000,,,,,1,500000,,,,,2,494208,,,,,,,,,,,3,1579970,,,7,3594179
2026-07-07,2026-07-08,10.0000,2,649900,,,,,,,,,,,3,1646671,,,,,,,,,,,1,199983,,,6,2496553
2026-07-07,2026-07-08,10.0200,1,999960,,,,,,,,,,,,,1,1001429,,,,,,,,,,,,,2,2001389
2026-07-07,2026-07-08,10.0500,1,500000,,,,,1,500000,,,,,,,,,,,,,,,,,1,97105,,,3,1097105
2026-07-07,2026-07-08,10.0600,,,,,,,,,,,,,1,431808,,,,,,,,,,,,,,,1,431808
2026-07-07,2026-07-08,10.1100,,,,,,,,,,,,,3,600000,,,,,,,,,,,,,,,3,600000
2026-07-07,2026-07-08,10.1300,,,,,,,,,,,,,,,,,1,1199975,,,,,,,,,,,1,1199975
2026-07-07,2026-07-08,10.1600,,,,,,,,,,,,,1,649975,,,,,,,,,,,,,,,1,649975
2026-07-08,2026-07-09,9.2700,,,,,,,,,,,,,,,,,,,,,,,,,1,150000,,,1,150000
2026-07-08,2026-07-09,9.4600,,,,,,,,,,,,,,,,,,,,,,,,,22,8026,,,22,8026
2026-07-08,2026-07-09,9.5000,,,,,,,,,,,,,,,,,1,150000,,,,,,,,,,,1,150000
2026-07-08,2026-07-09,9.5600,,,,,,,15,3236,,,,,,,,,,,,,,,3,422,,,,,18,3658
2026-07-08,2026-07-09,9.6000,,,,,,,,,,,,,1,16886,,,,,,,,,,,,,,,1,16886
2026-07-08,2026-07-09,9.6300,,,,,,,,,,,,,1,27213,,,,,,,,,,,,,,,1,27213
2026-07-08,2026-07-09,9.6600,,,,,,,,,,,,,1,36855,,,,,,,,,,,,,,,1,36855
2026-07-08,2026-07-09,9.6900,,,,,,,,,,,,,4,20,,,,,,,,,,,,,,,4,20
2026-07-08,2026-07-09,9.7000,,,,,,,,,,,,,34,27902,,,,,,,,,,,,,,,34,27902
2026-07-08,2026-07-09,9.7300,,,,,,,,,,,,,2,250203,,,,,,,,,,,,,,,2,250203
2026-07-08,2026-07-09,9.7600,,,,,,,,,,,,,232,1510509,145,278412,1,51,,,,,,,,,,,378,1788972
2026-07-08,2026-07-09,9.7900,1,242,,,,,,,,,,,,,,,,,,,,,,,,,,,1,242
2026-07-08,2026-07-09,9.8000,,,,,,,,,,,,,,,,,4,2990,,,,,,,6,4752,,,10,7742
2026-07-08,2026-07-09,9.8600,55,224706,12,7752,10,3320,,,22,12445,,,,,,,87,258331,13,57246,,,,,,,,,199,563800
2026-07-08,2026-07-09,9.8700,1,34660,,,,,,,,,,,,,,,,,,,,,,,,,,,1,34660
2026-07-08,2026-07-09,9.8800,2,2288,,,,,,,,,,,,,,,,,,,,,,,,,,,2,2288
2026-07-08,2026-07-09,9.8900,1,39620,,,,,,,,,1,125000,,,,,,,,,,,,,,,,,2,164620
2026-07-08,2026-07-09,9.9000,2,108822,,,,,,,,,,,,,,,,,,,,,,,,,,,2,108822
2026-07-08,2026-07-09,9.9100,1,70000,,,,,,,,,,,,,,,,,,,,,,,,,,,1,70000
2026-07-08,2026-07-09,9.9500,,,,,,,,,,,,,,,,,105,2812505,,,,,,,,,,,105,2812505
2026-07-08,2026-07-09,9.9600,10,354128,2,362603,,,2,32097,,,,,2,17,2,7042,3,6501,,,3,1101,,,1,29900,68,47994,93,841382
2026-07-08,2026-07-09,9.9603,,,,,,,,,,,,,2,37,,,,,,,,,,,,,,,2,37
2026-07-08,2026-07-09,9.9649,,,,,,,,,,,,,1,1,,,,,,,,,,,,,,,1,1
2026-07-08,2026-07-09,9.9700,,,,,,,,,,,,,,,1,41340,,,,,,,,,,,,,1,41340
2026-07-08,2026-07-09,9.9800,,,,,,,,,,,,,,,,,,,,,,,,,2,150000,,,2,150000
2026-07-08,2026-07-09,9.9900,,,,,,,,,,,,,3,94,,,,,,,,,,,,,,,3,94
2026-07-08,2026-07-09,10.0000,3,767287,,,,,,,,,,,1,150000,,,2,,,,,,,,,,,,6,917287
2026-07-08,2026-07-09,10.0200,,,,,,,,,,,,,,,3,3093065,,,,,,,,,,,,,3,3093065
2026-07-08,2026-07-09,10.0300,,,,,,,,,,,,,1,184529,,,,,,,,,,,,,,,1,184529
2026-07-08,2026-07-09,10.0500,,,,,,,,,,,,,1,400000,,,,,,,,,,,1,13905,,,2,413905
2026-07-08,2026-07-09,10.0600,2,207875,,,,,,,,,,,,,4,560000,,,,,,,,,,,,,6,767875
2026-07-08,2026-07-09,10.0700,,,,,,,,,,,,,,,,,1,375918,,,,,,,1,113600,,,2,489518
2026-07-08,2026-07-09,10.1000,3,246999,3,499444,,,,,,,,,2,1977845,,,,,,,,,,,,,,,8,2724288
2026-07-08,2026-07-09,10.1500,,,6,394967,,,,,,,1,300000,,,,,,,,,,,,,,,,,7,694967
2026-07-08,2026-07-09,10.1600,2,523491,,,,,,,,,,,,,,,,,,,,,,,,,,,2,523491
2026-07-08,2026-07-09,10.1750,,,,,,,,,,,,,,,,,,,,,,,,,1,129288,,,1,129288
2026-07-08,2026-07-09,10.1850,1,100000,,,,,,,,,,,,,,,,,,,,,,,,,,,1,100000
2026-07-08,2026-07-09,10.2410,,,,,,,,,,,,,1,1500000,,,,,,,,,,,,,,,1,1500000
2026-07-08,2026-07-09,10.2500,,,,,,,,,,,,,1,500000,1,1000000,,,,,,,,,,,,,2,1500000
2026-07-08,2026-07-09,10.2550,1,1000000,,,,,,,,,,,,,,,,,,,,,,,,,,,1,1000000
2026-07-08,2026-07-09,10.2650,,,,,,,,,,,,,,,3,1659895,,,,,,,,,,,,,3,1659895
2026-07-08,2026-07-09,10.3050,,,,,,,,,,,,,,,,,,,,,,,,,1,499880,,,1,499880
2026-07-08,2026-07-09,10.3490,,,,,,,,,,,,,,,3,5000000,,,,,,,,,,,,,3,5000000
2026-07-09,2026-07-10,7.5000,,,,,,,,,,,2,1814,,,,,,,,,,,,,,,,,2,1814
2026-07-09,2026-07-10,9.6000,,,,,,,,,,,,,1,3003,,,,,,,,,,,24,9897,,,25,12900
2026-07-09,2026-07-10,9.6300,,,,,,,,,,,,,1,15301,,,,,,,,,,,,,,,1,15301
2026-07-09,2026-07-10,9.7000,,,,,,,,,,,,,1,10209,,,,,,,,,1,10,,,,,2,10219
2026-07-09,2026-07-10,9.7300,,,,,,,,,,,,,4,270172,,,,,,,,,,,,,,,4,270172
2026-07-09,2026-07-10,9.7600,,,,,,,,,,,,,4,168,,,,,,,,,,,,,,,4,168
2026-07-09,2026-07-10,9.8400,,,,,,,,,,,,,41,823895,,,,,,,,,,,,,,,41,823895
2026-07-09,2026-07-10,9.8600,,,1,166,,,,,,,,,,,,,,,,,,,,,,,,,1,166
2026-07-09,2026-07-10,9.9000,5,14540,,,,,,,,,,,132,70774,103,64353,,,,,,,,,,,,,240,149666
2026-07-09,2026-07-10,9.9300,,,,,,,,,,,,,,,,,,,,,,,,,1,13333,,,1,13333
2026-07-09,2026-07-10,9.9500,6,12440,,,,,,,,,,,,,,,,,,,,,,,,,,,6,12440
2026-07-09,2026-07-10,9.9650,2,120000,,,,,,,,,,,,,,,,,,,,,,,,,,,2,120000
2026-07-09,2026-07-10,9.9850,,,,,,,,,,,,,1,50000,,,,,,,,,,,,,,,1,50000
2026-07-09,2026-07-10,9.9900,,,,,,,,,,,,,1,49280,,,,,,,,,,,,,,,1,49280
2026-07-09,2026-07-10,10.0000,24,29036,33,178225,8,2932,31,14520,14,31651,,,,,,,90,430494,15,70219,,,,,1,36061,,,216,793137
2026-07-09,2026-07-10,10.0500,,,3,239883,,,,,,,,,,,,,,,,,,,,,4,39182,,,7,279065
2026-07-09,2026-07-10,10.0600,,,,,,,,,,,,,2,4,2,500000,,,,,,,,,,,,,4,500004
2026-07-09,2026-07-10,10.0900,,,,,,,,,,,,,,,,,119,136505,,,,,,,,,,,119,136505
2026-07-09,2026-07-10,10.1000,4,174304,3,527840,,,1,36232,,,,,84,405809,1,100000,4,1600660,,,4,570,,,2,41743,80,59816,183,2946974
2026-07-09,2026-07-10,10.1500,4,566740,,,,,,,,,,,,,2,252327,,,,,,,,,,,,,6,819067
2026-07-09,2026-07-10,10.1600,,,2,251336,,,,,,,,,,,,,,,,,,,,,,,,,2,251336
2026-07-09,2026-07-10,10.1700,,,,,,,1,100000,,,,,,,,,,,,,,,,,,,,,1,100000
2026-07-09,2026-07-10,10.1800,,,,,,,,,,,,,,,,,,,,,,,,,1,299905,,,1,299905
2026-07-09,2026-07-10,10.1810,,,,,,,,,,,,,,,,,,,,,,,,,1,300000,,,1,300000
2026-07-09,2026-07-10,10.1900,,,1,5000,,,,,,,,,,,,,,,,,,,,,,,,,1,5000
2026-07-09,2026-07-10,10.2000,,,1,15850,,,1,70000,,,,,2,200000,,,,,,,,,,,1,11429,,,5,297279
2026-07-09,2026-07-10,10.2200,1,189280,,,,,,,,,,,,,,,,,,,,,,,,,,,1,189280
2026-07-09,2026-07-10,10.2300,,,,,,,,,,,,,,,,,1,1499975,,,,,,,,,,,1,1499975
2026-07-09,2026-07-10,10.2500,2,1195675,1,200000,,,1,74000,,,,,,,20,459053,,,,,,,,,,,,,24,1928728
2026-07-09,2026-07-10,10.2530,,,,,,,,,,,,,1,1500000,,,,,,,,,,,,,,,1,1500000
2026-07-09,2026-07-10,10.2550,,,1,1000000,,,,,,,,,,,,,,,,,,,,,,,,,1,1000000
2026-07-09,2026-07-10,10.2600,,,,,,,,,,,,,,,1,3008543,,,,,,,,,,,,,1,3008543
2026-07-09,2026-07-10,10.2700,,,4,480000,,,1,30000,,,,,,,,,,,,,,,,,,,,,5,510000
2026-07-09,2026-07-10,10.2800,1,600000,,,,,1,400000,,,,,,,,,,,,,,,,,,,,,2,1000000
2026-07-09,2026-07-10,10.3000,1,1000000,2,1000619,,,,,,,,,1,200000,,,,,,,,,,,,,,,4,2200619
2026-07-09,2026-07-10,10.3300,,,,,,,,,,,,,,,1,3000128,,,,,,,,,,,,,1,3000128
2026-07-09,2026-07-10,10.3400,,,,,,,,,,,,,,,2,2500000,,,,,,,,,,,,,2,2500000
2026-07-09,2026-07-10,10.3800,,,1,938394,,,,,,,,,,,,,,,,,,,,,,,,,1,938394
2026-07-09,2026-07-10,10.4000,,,1,350000,,,,,,,,,,,,,,,,,,,,,,,,,1,350000
2026-07-09,2026-07-10,10.4500,,,,,,,,,,,,,1,505669,,,,,,,,,,,,,,,1,505669
2026-07-09,2026-07-10,10.4700,,,,,,,,,,,,,,,,,,,,,,,,,2,479810,,,2,479810
2026-07-09,2026-07-10,10.4900,,,,,,,,,,,,,,,,,,,,,,,,,2,300000,,,2,300000
2026-07-09,2026-07-10,10.5000,,,,,,,,,,,,,,,,,,,,,,,,,1,99880,,,1,99880
2026-07-09,2026-07-10,10.5500,,,,,,,,,,,,,,,1,47,,,,,,,,,1,499905,,,2,499952
2026-07-10,2026-07-13,9.6000,,,,,,,,,,,,,1,1652,,,,,,,,,,,,,,,1,1652
2026-07-10,2026-07-13,9.6300,,,,,,,,,,,,,1,22232,,,,,,,,,,,,,,,1,22232
2026-07-10,2026-07-13,9.7000,,,,,,,,,,,,,2,5547,,,,,,,,,,,,,,,2,5547
2026-07-10,2026-07-13,9.7300,,,,,,,,,,,,,2,274449,,,,,,,,,,,21,2398,,,23,276847
2026-07-10,2026-07-13,9.8400,,,,,,,,,,,,,,,,,,,,,,,2,112,,,,,2,112
2026-07-10,2026-07-13,9.8500,,,,,,,,,,,,,,,,,,,,,,,,,1,400,,,1,400
2026-07-10,2026-07-13,9.9000,10,56371,,,,,,,,,,,3,13,,,,,,,,,,,,,,,13,56384
2026-07-10,2026-07-13,9.9500,4,4686,,,,,,,,,,,,,,,,,,,,,,,,,,,4,4686
2026-07-10,2026-07-13,9.9600,,,,,,,,,,,,,1,56285,,,,,,,,,,,,,,,1,56285
2026-07-10,2026-07-13,10.0400,,,,,,,,,,,,,162,92859,190,57504,,,,,,,,,,,,,352,150364
2026-07-10,2026-07-13,10.1000,,,,,,,,,,,,,,,,,2,9500,,,,,,,,,,,2,9500
2026-07-10,2026-07-13,10.1400,44,207611,22,28888,12,3349,25,6394,10,718,,,,,,,93,585250,9,3750,,,,,,,,,215,835960
2026-07-10,2026-07-13,10.1500,,,1,29950,,,1,500000,,,,,1,199948,,,,,,,,,,,,,,,3,729898
2026-07-10,2026-07-13,10.1900,2,3114,,,,,,,,,,,,,,,,,,,,,,,,,,,2,3114
2026-07-10,2026-07-13,10.2000,,,1,50000,,,,,1,4267,,,29,979049,,,1,3499955,,,,,,,3,59904,,,35,4593175
2026-07-10,2026-07-13,10.2300,1,100000,,,,,,,,,,,,,,,125,24871,,,,,,,,,,,126,124871
2026-07-10,2026-07-13,10.2400,4,48871,2,47498,4,1841,,,,,2,431,39,401960,13,267274,1,450000,,,1,68,,,1,25376,80,339509,147,1582829
2026-07-10,2026-07-13,10.2500,4,530416,,,,,,,,,,,,,1,12500,,,,,,,,,2,28997,,,7,571913
2026-07-10,2026-07-13,10.2580,,,,,,,,,,,,,,,,,2,3107633,,,,,,,,,,,2,3107633
2026-07-10,2026-07-13,10.2700,,,,,,,,,,,1,48440,,,,,,,,,,,,,,,,,1,48440
2026-07-10,2026-07-13,10.2800,,,,,,,,,,,,,,,1,29300,,,,,,,,,,,,,1,29300
2026-07-10,2026-07-13,10.2900,3,75000,,,,,,,,,,,,,,,1,2611715,,,,,,,,,,,4,2686715
2026-07-10,2026-07-13,10.3000,4,2257939,,,,,,,,,,,1,150970,,,,,,,,,,,,,,,5,2408909
2026-07-10,2026-07-13,10.3200,,,2,173695,,,,,,,,,,,,,,,,,,,,,,,,,2,173695
2026-07-10,2026-07-13,10.3300,2,13000,,,,,,,,,,,,,,,,,,,,,,,,,,,2,13000
2026-07-10,2026-07-13,10.3400,,,2,25000,,,,,,,,,,,2,100000,,,,,,,,,,,,,4,125000
2026-07-10,2026-07-13,10.3500,2,176010,,,,,,,,,,,,,,,,,,,,,,,1,13413,,,3,189423
2026-07-10,2026-07-13,10.3700,,,,,,,,,,,,,,,,,,,,,,,,,1,99887,,,1,99887
2026-07-10,2026-07-13,10.3800,1,500000,,,,,,,,,,,,,,,,,,,,,,,,,,,1,500000
2026-07-10,2026-07-13,10.4000,4,1379406,1,99930,,,,,,,,,,,,,,,,,,,,,1,39905,,,6,1519241
2026-07-10,2026-07-13,10.4200,1,100000,,,,,,,,,,,,,,,,,,,,,,,,,,,1,100000
2026-07-10,2026-07-13,10.4350,,,,,,,,,,,,,3,300000,,,,,,,,,,,,,,,3,300000
2026-07-10,2026-07-13,10.4500,,,,,,,,,,,,,,,1,334000,,,,,,,,,,,,,1,334000
2026-07-10,2026-07-13,10.4800,1,698000,,,,,,,,,,,,,,,,,,,,,,,,,,,1,698000
2026-07-10,2026-07-13,10.5000,3,1600000,1,581244,,,1,100000,,,,,,,,,,,,,,,,,,,,,5,2281244
2026-07-10,2026-07-13,10.5200,,,,,,,,,,,,,,,,,,,,,,,,,1,1000000,,,1,1000000
2026-07-10,2026-07-13,10.5500,1,500000,1,798448,,,1,1000000,,,,,,,,,,,,,,,,,2,1795393,,,5,4093841
2026-07-10,2026-07-13,10.6000,,,,,,,1,399975,,,,,,,,,,,,,,,,,,,,,1,399975
2026-07-10,2026-07-13,10.6200,,,1,4000000,,,,,,,,,1,1000000,,,,,,,,,,,,,,,2,5000000
2026-07-10,2026-07-13,10.6400,,,,,,,1,1800000,,,,,,,,,,,,,,,,,,,,,1,1800000
2026-07-10,2026-07-13,10.6900,,,,,,,,,,,,,,,1,56,,,,,,,,,,,,,1,56
2026-07-10,2026-07-13,10.7100,,,,,,,,,,,,,,,,,,,,,,,,,2,499965,,,2,499965
2026-07-10,2026-07-13,10.7500,,,,,,,,,,,,,,,,,,,,,,,,,1,449880,,,1,449880
2026-07-13,2026-07-14,9.6000,,,,,,,,,,,,,1,440,,,,,,,,,,,,,,,1,440
2026-07-13,2026-07-14,9.6300,,,,,,,,,,,,,1,43924,,,,,,,,,,,,,,,1,43924
2026-07-13,2026-07-14,9.7000,,,,,,,,,,,,,1,2755,,,,,,,,,,,,,,,1,2755
2026-07-13,2026-07-14,9.7300,,,,,,,,,,,,,1,254257,,,,,,,,,,,,,,,1,254257
2026-07-13,2026-07-14,9.8800,,,,,,,,,,,,,,,,,,,,,,,,,15,5520,,,15,5520
2026-07-13,2026-07-14,9.9600,,,,,,,,,,,,,1,48988,,,,,,,,,,,,,,,1,48988
2026-07-13,2026-07-14,9.9900,,,,,,,,,,,,,,,,,2,582,,,,,,,,,,,2,582
2026-07-13,2026-07-14,10.0000,,,,,,,,,,,,,,,,,,,,,,,2,99,1,6905,,,3,7004
2026-07-13,2026-07-14,10.1000,3,2367,,,,,,,,,,,,,,,,,,,,,,,,,,,3,2367
2026-07-13,2026-07-14,10.1400,,,,,,,,,,,,,,,,,1,41,,,,,,,,,,,1,41
2026-07-13,2026-07-14,10.1900,,,,,,,,,,,,,,,1,1,,,,,,,,,,,,,1,1
2026-07-13,2026-07-14,10.2000,,,,,,,,,,,,,181,1050211,182,291463,2,1380,,,,,,,1,3655,,,366,1346709
2026-07-13,2026-07-14,10.2400,,,,,,,,,,,,,18,25265,,,,,,,,,,,1,19655,,,19,44920
2026-07-13,2026-07-14,10.2500,,,,,,,,,,,,,,,,,,,,,,,,,1,57810,,,1,57810
2026-07-13,2026-07-14,10.3000,37,163823,46,129929,15,1372,26,28314,21,66249,,,,,,,105,265942,14,19587,,,,,1,38343,,,265,713559
2026-07-13,2026-07-14,10.3200,,,,,,,,,,,,,1,70000,,,,,,,,,,,,,,,1,70000
2026-07-13,2026-07-14,10.3500,1,14000,,,,,,,,,,,,,,,,,,,,,,,,,,,1,14000
2026-07-13,2026-07-14,10.3600,,,,,,,,,,,,,2,13768,,,,,,,,,,,,,,,2,13768
2026-07-13,2026-07-14,10.3900,,,,,,,,,,,,,,,,,131,64072,,,,,,,,,,,131,64072
2026-07-13,2026-07-14,10.4000,2,4765,1,53800,1,1154,2,103976,,,6,70,7,16760,,,1,110554,,,1,252,,,1,116601,126,254558,148,662490
2026-07-13,2026-07-14,10.4001,,,,,,,,,,,,,3,128,,,,,,,,,,,,,,,3,128
2026-07-13,2026-07-14,10.4300,,,,,,,,,,,,,,,,,,,,,,,,,3,110956,,,3,110956
2026-07-13,2026-07-14,10.4500,2,134165,,,,,,,,,,,1,34311,,,,,,,,,,,,,,,3,168476
2026-07-13,2026-07-14,10.5000,,,35,73100,,,,,1,32431,,,3,8,1,70000,,,,,,,,,2,111983,,,42,287522
2026-07-13,2026-07-14,10.5100,,,,,,,,,,,,,1,2,,,,,,,,,,,,,,,1,2
2026-07-13,2026-07-14,10.5250,,,,,,,,,1,300000,,,,,,,,,,,,,,,,,,,1,300000
2026-07-13,2026-07-14,10.5500,2,759965,,,,,,,,,,,,,1,30000,,,,,,,,,,,,,3,789965
2026-07-13,2026-07-14,10.5600,1,1210000,,,,,,,,,,,,,,,,,,,,,,,,,,,1,1210000
2026-07-13,2026-07-14,10.6000,,,,,,,1,300000,,,,,,,3,19942,,,,,,,,,1,1779375,,,5,2099317
2026-07-13,2026-07-14,10.6400,,,,,,,,,,,,,,,1,1000000,,,,,,,,,,,,,1,1000000
2026-07-13,2026-07-14,10.6500,,,,,,,,,,,,,,,1,607651,,,,,,,,,,,,,1,607651
2026-07-13,2026-07-14,10.7100,,,,,,,,,,,,,,,1,99920,,,,,,,,,,,,,1,99920
2026-07-13,2026-07-14,10.7680,,,,,,,,,,,,,,,1,1500000,,,,,,,,,,,,,1,1500000
2026-07-13,2026-07-14,10.8500,,,,,,,,,,,,,,,1,900,,,,,,,,,,,,,1,900
2026-07-14,2026-07-15,9.6000,,,,,,,,,,,,,1,564,,,,,,,,,,,,,,,1,564
2026-07-14,2026-07-15,9.6300,,,,,,,,,,,,,1,35111,,,,,,,,,,,,,,,1,35111
2026-07-14,2026-07-15,9.7300,,,,,,,,,,,,,1,198007,,,,,,,,,,,,,,,1,198007
2026-07-14,2026-07-15,9.7600,,,,,,,,,,,,,,,,,,,,,,,,,,,4,215,4,215
2026-07-14,2026-07-15,9.9600,,,,,,,,,,,,,1,44400,,,,,,,,,,,,,,,1,44400
2026-07-14,2026-07-15,9.9800,,,,,,,,,,,,,,,,,,,,,,,,,20,8732,,,20,8732
2026-07-14,2026-07-15,10.0000,,,,,,,,,,,,,,,,,5,9950,,,,,,,,,,,5,9950
2026-07-14,2026-07-15,10.1000,,,,,,,,,,,,,,,,,,,,,,,6,1146,,,,,6,1146
2026-07-14,2026-07-15,10.2000,,,,,,,,,,,,,4,7,,,,,,,,,,,,,,,4,7
2026-07-14,2026-07-15,10.2400,,,,,,,,,,,,,1,3523,,,,,,,,,,,,,,,1,3523
2026-07-14,2026-07-15,10.3000,,,,,,,,,,,,,112,71820,152,220031,,,,,,,,,,,,,264,291851
2026-07-14,2026-07-15,10.3093,,,,,,,,,,,,,1,5,,,,,,,,,,,,,,,1,5
2026-07-14,2026-07-15,10.3600,,,,,,,,,,,,,2,95588,,,,,,,,,,,,,,,2,95588
2026-07-14,2026-07-15,10.4000,27,227318,44,137237,5,6320,34,11605,21,72232,,,,,,,81,335881,15,11639,,,,,9,9230,,,236,811462
2026-07-14,2026-07-15,10.4500,,,,,,,,,,,,,,,,,,,,,,,,,2,115045,,,2,115045
2026-07-14,2026-07-15,10.4600,1,99980,,,,,,,,,,,27,700257,,,,,,,,,,,,,,,28,800237
2026-07-14,2026-07-15,10.4900,,,,,,,,,,,,,,,,,91,46946,,,,,,,,,,,91,46946
2026-07-14,2026-07-15,10.5000,5,2279357,55,400886,3,3000,1,51000,,,2,570,77,28812,3,290214,,,,,4,2129,,,,,133,104667,283,3160634
2026-07-14,2026-07-15,10.5100,,,,,,,,,,,,,2,375294,,,,,,,,,,,,,,,2,375294
2026-07-14,2026-07-15,10.5500,1,85751,,,,,,,,,,,1,500000,,,,,,,,,,,2,28964,,,4,614715
2026-07-14,2026-07-15,10.5800,2,168864,,,,,,,,,,,,,,,,,,,,,,,,,,,2,168864
2026-07-14,2026-07-15,10.6000,2,1199960,3,149238,,,,,,,,,,,4,222925,,,,,,,,,3,154690,,,12,1726813
2026-07-14,2026-07-15,10.6100,1,5890000,,,,,,,,,,,,,,,,,,,,,,,,,,,1,5890000
2026-07-14,2026-07-15,10.6200,1,1000000,,,,,,,,,,,1,300000,,,,,,,,,,,,,,,2,1300000
2026-07-14,2026-07-15,10.6300,,,1,31930,,,,,,,,,,,,,,,,,,,,,,,,,1,31930
2026-07-14,2026-07-15,10.6500,4,1015639,3,61271,,,3,900000,,,,,1,100000,,,,,,,,,,,,,,,11,2076911
2026-07-14,2026-07-15,10.7000,,,5,1041657,,,,,1,250000,1,49975,1,1132250,,,,,,,,,,,,,,,8,2473882
2026-07-14,2026-07-15,10.7050,,,,,,,,,,,,,,,1,1845791,,,,,,,,,,,,,1,1845791
2026-07-14,2026-07-15,10.7200,,,,,,,,,,,,,,,1,349915,,,,,,,,,,,,,1,349915
2026-07-14,2026-07-15,10.7300,,,,,,,,,,,,,2,1111325,,,,,,,,,,,,,,,2,1111325
2026-07-14,2026-07-15,10.7600,,,,,,,1,2000000,1,100000,,,,,,,,,,,,,,,,,,,2,2100000
2026-07-14,2026-07-15,10.7700,,,,,,,,,,,,,1,499975,,,,,,,,,,,,,,,1,499975
2026-07-14,2026-07-15,10.7900,,,,,,,,,,,,,,,1,2000000,,,,,,,,,,,,,1,2000000
2026-07-14,2026-07-15,10.8000,,,1,2999915,,,,,,,,,,,,,,,,,,,,,,,,,1,2999915
2026-07-14,2026-07-15,10.8200,,,,,,,,,1,500000,,,,,,,,,,,,,,,,,,,1,500000
2026-07-14,2026-07-15,10.8450,,,,,,,,,2,1300000,,,,,,,,,,,,,,,,,,,2,1300000
2026-07-14,2026-07-15,10.8600,,,,,,,,,,,,,,,1,9999920,,,,,,,,,,,,,1,9999920
2026-07-15,2026-07-16,9.6000,,,,,,,,,,,,,1,1868,,,,,,,,,,,,,,,1,1868
2026-07-15,2026-07-16,9.6300,,,,,,,,,,,,,1,33813,,,,,,,,,,,,,,,1,33813
2026-07-15,2026-07-16,9.7000,,,,,,,,,,,,,4,2223,,,,,,,,,,,,,,,4,2223
2026-07-15,2026-07-16,9.7300,,,,,,,,,,,,,33,241865,,,,,,,,,,,,,,,33,241865
2026-07-15,2026-07-16,9.9600,,,,,,,,,,,,,1,25756,,,,,,,,,,,,,1,130,2,25886
2026-07-15,2026-07-16,10.0000,,,,,,,,,,,,,,,,,1,100,,,,,,,,,,,1,100
2026-07-15,2026-07-16,10.1000,,,,,,,,,,,,,,,,,,,,,,,,,,,1,50,1,50
2026-07-15,2026-07-16,10.1700,,,,,,,,,,,,,,,,,,,,,,,,,34,1816,,,34,1816
2026-07-15,2026-07-16,10.2400,,,,,,,,,,,,,,,,,,,,,,,,,,,2,15,2,15
2026-07-15,2026-07-16,10.3000,6,8139,,,,,,,,,,,7,419,,,,,,,,,4,600,,,,,17,9158
2026-07-15,2026-07-16,10.4000,,,,,,,,,,,,,,,,,1,35,,,,,,,,,,,1,35
2026-07-15,2026-07-16,10.4600,,,,,,,,,,,,,1,432688,,,,,,,,,,,,,,,1,432688
2026-07-15,2026-07-16,10.5000,,,1,39646,,,,,,,,,152,150088,199,270256,1,1500,,,,,,,1,35675,,,354,497165
2026-07-15,2026-07-16,10.5200,,,,,,,,,,,,,,,2,1,,,,,,,,,,,,,2,1
2026-07-15,2026-07-16,10.5500,,,,,,,,,,,,,,,1,0,,,,,,,,,,,,,1,0
2026-07-15,2026-07-16,10.6000,22,62758,18,39909,7,11048,38,157222,31,4732,2,9635,2,1,1,100000,163,318553,8,13772,,,,,,,,,292,717630
2026-07-15,2026-07-16,10.6500,,,,,,,,,,,,,,,,,1,200000,,,,,,,,,,,1,200000
2026-07-15,2026-07-16,10.6600,,,,,,,,,,,,,159,590322,,,,,,,,,,,,,,,159,590322
2026-07-15,2026-07-16,10.6900,,,,,,,,,,,,,,,,,130,120316,,,,,,,,,,,130,120316
2026-07-15,2026-07-16,10.7000,2,1303,,,4,78000,,,,,2,2541,75,20527,1,1000,,,,,4,1025,,,4,251708,206,543367,298,899471
2026-07-15,2026-07-16,10.7100,,,,,,,1,300000,,,,,,,,,,,,,,,,,,,,,1,300000
2026-07-15,2026-07-16,10.7200,,,21,305679,,,,,,,,,,,,,,,,,,,,,,,,,21,305679
2026-07-15,2026-07-16,10.7300,,,,,,,,,,,,,,,,,1,195350,,,,,,,,,,,1,195350
2026-07-15,2026-07-16,10.7400,,,,,,,,,,,,,1,3000000,,,,,,,,,,,,,,,1,3000000
2026-07-15,2026-07-16,10.7500,3,179963,,,,,,,,,,,1,61500,,,,,,,,,,,,,,,4,241463
2026-07-15,2026-07-16,10.7600,,,,,,,,,,,1,341913,,,,,,,,,,,,,,,,,1,341913
2026-07-15,2026-07-16,10.7700,1,50000,,,,,,,,,,,3,1443347,,,,,,,,,,,1,66063,,,5,1559410
2026-07-15,2026-07-16,10.7800,,,,,,,,,,,1,300000,,,,,,,,,,,,,,,,,1,300000
2026-07-15,2026-07-16,10.7900,,,,,,,,,,,,,,,,,1,2000000,,,,,,,,,,,1,2000000
2026-07-15,2026-07-16,10.8000,,,58,636460,,,,,,,,,,,4,562932,,,,,1,49,,,2,119690,,,65,1319131
2026-07-15,2026-07-16,10.8300,,,,,,,,,,,,,,,,,,,,,,,,,1,99905,,,1,99905
2026-07-15,2026-07-16,10.8500,,,,,,,,,,,,,1,184378,,,,,,,,,,,,,,,1,184378
2026-07-15,2026-07-16,10.8600,,,3,1277202,,,,,,,,,,,,,,,,,,,,,,,,,3,1277202
2026-07-15,2026-07-16,10.8700,,,,,,,,,,,,,1,300000,,,,,,,,,,,,,,,1,300000
2026-07-15,2026-07-16,10.8800,,,2,100000,,,,,,,,,1,599982,,,,,,,,,,,,,,,3,699982
2026-07-15,2026-07-16,10.9000,,,2,799925,,,,,,,,,,,,,,,,,,,,,,,,,2,799925
2026-07-15,2026-07-16,10.9100,,,,,,,,,,,,,,,,,,,,,,,,,1,180000,,,1,180000
2026-07-15,2026-07-16,10.9500,,,,,,,,,,,,,,,,,,,,,,,,,2,499975,,,2,499975
2026-07-15,2026-07-16,10.9950,,,,,,,,,,,,,,,,,,,,,,,,,2,749785,,,2,749785
2026-07-17,2026-07-20,9.6000,,,,,,,,,,,,,1,748,,,,,,,,,,,,,,,1,748
2026-07-17,2026-07-20,9.6300,,,,,,,,,,,,,1,21604,,,,,,,,,,,,,,,1,21604
2026-07-17,2026-07-20,9.7000,,,,,,,,,,,,,1,294,,,,,,,,,,,,,,,1,294
2026-07-17,2026-07-20,9.7300,,,,,,,,,,,,,1,178322,,,,,,,,,,,,,,,1,178322
2026-07-17,2026-07-20,9.8000,,,,,,,,,,,1,44,,,,,,,,,,,,,,,,,1,44
2026-07-17,2026-07-20,9.9600,,,,,,,,,,,,,1,14969,,,,,,,,,,,,,,,1,14969
2026-07-17,2026-07-20,10.2100,,,,,,,,,,,,,,,,,,,,,,,,,32,9563,,,32,9563
2026-07-17,2026-07-20,10.2400,,,,,,,,,,,,,1,1109,,,,,,,,,,,,,,,1,1109
2026-07-17,2026-07-20,10.3500,,,,,,,,,,,,,,,,,,,,,,,5,15500,,,,,5,15500
2026-07-17,2026-07-20,10.4000,,,,,,,,,,,,,,,,,,,,,,,,,,,1,101,1,101
2026-07-17,2026-07-20,10.5000,,,,,,,,,,,,,1,1521,1,0,,,,,,,,,1,11292,1,10,4,12823
2026-07-17,2026-07-20,10.5300,,,,,,,,,,,,,,,1,0,,,,,,,,,,,,,1,0
2026-07-17,2026-07-20,10.5400,,,,,,,,,,,,,,,2,1,,,,,,,,,,,,,2,1
2026-07-17,2026-07-20,10.5500,,,,,,,,,,,,,126,132668,153,957274,127,318391,,,,,,,,,,,406,1408333
2026-07-17,2026-07-20,10.5700,,,,,,,,,,,,,,,1,0,,,,,,,,,,,,,1,0
2026-07-17,2026-07-20,10.6000,,,,,,,,,,,,,,,,,1,498500,,,,,,,,,,,1,498500
2026-07-17,2026-07-20,10.6300,,,,,,,,,,,,,,,,,1,100000,,,,,,,,,,,1,100000
2026-07-17,2026-07-20,10.6500,82,219962,31,15128,10,9840,33,19890,24,5701,2,605,,,,,,,9,1485,,,,,,,,,191,272611
2026-07-17,2026-07-20,10.7000,1,17100,1,10000,,,,,,,,,12,5802,1,100000,,,,,,,,,,,,,15,132902
2026-07-17,2026-07-20,10.7100,,,,,,,,,,,,,12,843289,,,,,,,,,,,,,,,12,843289
2026-07-17,2026-07-20,10.7400,,,,,,,,,,,,,,,,,125,63219,,,,,,,,,,,125,63219
2026-07-17,2026-07-20,10.7500,15,238425,6,268783,7,123325,,,,,3,247,89,24325,4,2702831,4,6123264,,,3,1211,,,,,216,1039948,347,10522358
2026-07-17,2026-07-20,10.7700,,,,,,,,,,,1,261750,,,,,,,,,,,,,,,,,1,261750
2026-07-17,2026-07-20,10.7800,1,46255,,,,,,,,,1,299975,,,,,,,,,,,,,,,,,2,346230
2026-07-17,2026-07-20,10.8000,7,588860,1,54935,,,,,,,,,1,489980,,,1,299985,,,,,,,,,,,10,1433760
2026-07-17,2026-07-20,10.8500,1,100000,50,756535,,,1,20000,,,,,2,599971,2,451290,,,,,,,,,,,,,56,1927796
2026-07-17,2026-07-20,10.8600,,,,,,,,,,,1,250000,,,,,,,,,,,,,,,,,1,250000
2026-07-17,2026-07-20,10.8700,,,,,,,,,,,,,,,1,153000,,,,,,,,,,,,,1,153000
2026-07-17,2026-07-20,10.9000,3,350000,,,,,,,,,,,1,817487,,,,,,,,,,,,,,,4,1167487
2026-07-17,2026-07-20,10.9200,,,,,,,,,,,,,1,500000,,,,,,,,,,,,,,,1,500000
2026-07-17,2026-07-20,10.9300,,,2,599885,,,,,,,,,4,1343141,,,,,,,,,,,,,,,6,1943026
2026-07-17,2026-07-20,10.9500,5,2897473,,,,,,,,,,,1,479388,,,1,500000,,,,,,,,,,,7,3876861
2026-07-17,2026-07-20,10.9510,,,,,,,,,,,,,1,559092,,,,,,,,,,,,,,,1,559092
2026-07-17,2026-07-20,10.9560,,,,,,,,,,,,,,,1,100000,,,,,,,,,,,,,1,100000
2026-07-17,2026-07-20,10.9600,4,1799925,,,,,,,,,,,1,3999921,,,,,,,,,,,,,,,5,5799846
2026-07-17,2026-07-20,10.9610,1,1765350,,,,,,,,,,,,,,,,,,,,,,,,,,,1,1765350
2026-07-17,2026-07-20,10.9750,1,415887,,,,,,,,,,,,,,,,,,,,,,,,,,,1,415887
2026-07-17,2026-07-20,10.9810,,,,,,,,,,,,,,,,,,,,,,,,,3,285,,,3,285
2026-07-17,2026-07-20,10.9950,,,,,,,,,,,,,,,,,,,,,,,,,1,95,,,1,95
2026-07-17,2026-07-20,11.0150,,,,,,,,,,,,,,,,,,,,,,,,,3,649880,,,3,649880
2026-07-17,2026-07-20,11.0200,,,,,,,,,,,,,,,2,2000054,,,,,,,,,,,,,2,2000054
2026-07-17,2026-07-20,11.1500,,,,,,,,,,,,,,,,,,,,,,,1,569921,,,,,1,569921
2026-07-20,2026-07-21,9.0000,,,,,,,,,,,,,,,,,1,250,,,,,,,,,,,1,250
2026-07-20,2026-07-21,9.6000,,,,,,,,,,,,,1,49,,,,,,,,,,,,,,,1,49
2026-07-20,2026-07-21,9.6300,,,,,,,,,,,,,1,23139,,,,,,,,,,,,,,,1,23139
2026-07-20,2026-07-21,9.7000,,,,,,,,,,,,,1,361,,,,,,,,,,,,,,,1,361
2026-07-20,2026-07-21,9.7300,,,,,,,,,,,,,1,157478,,,,,,,,,,,,,,,1,157478
2026-07-20,2026-07-21,9.8000,,,,,,,,,,,1,2200,,,,,,,,,,,,,,,,,1,2200
2026-07-20,2026-07-21,9.9600,,,,,,,,,,,,,1,12381,,,,,,,,,,,,,,,1,12381
2026-07-20,2026-07-21,10.3100,,,,,,,,,,,,,,,,,,,,,,,,,42,8936,,,42,8936
2026-07-20,2026-07-21,10.4500,,,,,,,,,,,,,,,,,,,,,,,6,6050,,,,,6,6050
2026-07-20,2026-07-21,10.5000,,,,,,,,,,,,,,,,,1,5480,,,,,,,,,,,1,5480
2026-07-20,2026-07-21,10.6000,,,,,,,,,,,,,,,,,1,3000,,,,,,,,,,,1,3000
2026-07-20,2026-07-21,10.6400,,,,,,,,,,,,,,,1,4,,,,,,,,,,,,,1,4
2026-07-20,2026-07-21,10.6500,,,1,49,,,,,,,,,145,66764,145,165752,97,78383,,,,,,,,,,,388,310948
2026-07-20,2026-07-21,10.6600,,,,,,,,,,,,,,,3,7,,,,,,,,,,,,,3,7
2026-07-20,2026-07-21,10.7000,,,,,,,,,,,,,7,2814,,,,,,,,,,,,,,,7,2814
2026-07-20,2026-07-21,10.7500,32,126606,44,36571,33,2539,28,9265,24,4003,2,627,10,29064,,,,,8,3923,,,,,,,2,95,183,212692
2026-07-20,2026-07-21,10.7800,1,90000,,,,,,,,,,,,,,,,,,,,,,,,,,,1,90000
2026-07-20,2026-07-21,10.8000,1,4640,,,,,,,,,1,6326,,,,,,,,,,,,,,,,,2,10966
2026-07-20,2026-07-21,10.8100,,,,,,,,,,,,,11,855433,,,,,,,,,,,,,,,11,855433
2026-07-20,2026-07-21,10.8200,,,,,,,,,,,1,37700,,,,,,,,,,,,,1,44905,,,2,82605
2026-07-20,2026-07-21,10.8400,,,,,,,,,,,,,,,,,116,67756,,,,,,,,,,,116,67756
2026-07-20,2026-07-21,10.8500,6,803636,7,460607,2,200,1,56000,,,7,16210,32,50366,1,100000,6,108259,,,5,457,,,1,9270,272,638421,340,2243426
2026-07-20,2026-07-21,10.8700,,,1,475458,,,,,,,,,,,1,499932,,,,,,,,,,,,,2,975390
2026-07-20,2026-07-21,10.9000,4,945377,1,196241,,,,,,,,,2,499960,,,,,,,,,,,,,,,7,1641578
2026-07-20,2026-07-21,10.9200,,,,,,,,,,,,,1,109975,1,137935,,,,,,,,,,,,,2,247910
2026-07-20,2026-07-21,10.9300,1,323941,,,,,,,,,,,,,,,,,,,,,,,,,,,1,323941
2026-07-20,2026-07-21,10.9500,,,49,17078,,,,,,,,,3,1484507,2,100000,,,,,,,,,1,25730,,,55,1627315
2026-07-20,2026-07-21,10.9700,,,1,538577,,,,,,,,,,,,,,,,,,,,,,,,,1,538577
2026-07-20,2026-07-21,10.9750,1,4000000,,,,,,,,,,,,,,,,,,,,,,,,,,,1,4000000
2026-07-20,2026-07-21,10.9800,,,,,,,,,,,,,1,1000000,,,,,,,,,,,3,101315,,,4,1101315
2026-07-20,2026-07-21,11.0300,,,,,,,,,,,,,,,,,,,,,,,,,2,305241,,,2,305241
2026-07-20,2026-07-21,11.0500,,,,,,,,,,,,,,,,,,,,,,,,,,,1,199975,1,199975
2026-07-20,2026-07-21,11.1000,,,,,,,,,,,,,,,,,,,,,,,,,1,200000,,,1,200000
2026-07-21,2026-07-22,9.6000,,,,,,,,,,,,,1,651,,,,,,,,,,,,,,,1,651
2026-07-21,2026-07-22,9.6300,,,,,,,,,,,,,1,22380,,,,,,,,,,,,,,,1,22380
2026-07-21,2026-07-22,9.7000,,,,,,,,,,,,,1,691,,,,,,,,,,,,,,,1,691
2026-07-21,2026-07-22,9.7300,,,,,,,,,,,,,1,151036,,,,,,,,,,,,,,,1,151036
2026-07-21,2026-07-22,9.9600,,,,,,,,,,,,,1,9968,,,,,,,,,,,,,,,1,9968
2026-07-21,2026-07-22,10.3600,,,,,,,,,,,,,,,,,,,,,,,,,33,16633,,,33,16633
2026-07-21,2026-07-22,10.5000,,,,,,,,,,,,,,,,,,,,,,,5,317,,,,,5,317
2026-07-21,2026-07-22,10.6500,,,,,,,,,,,,,1,5,,,3,1403,,,,,,,,,,,4,1408
2026-07-21,2026-07-22,10.7000,,,,,,,,,,,,,116,223725,132,132846,105,464687,,,,,,,,,,,353,821258
2026-07-21,2026-07-22,10.7500,11,207972,,,,,,,,,,,3,2757,,,,,,,,,,,1,36000,1,14,16,246743
2026-07-21,2026-07-22,10.8000,51,107349,30,63130,18,4805,35,10840,14,7580,4,1314,,,,,,,10,6503,,,,,1,205,,,163,201726
2026-07-21,2026-07-22,10.8100,,,,,,,,,,,,,2,301253,,,,,,,,,,,,,,,2,301253
2026-07-21,2026-07-22,10.8500,,,,,,,,,,,,,24,11581,,,,,,,,,,,2,54910,,,26,66491
2026-07-21,2026-07-22,10.8600,,,,,,,,,,,,,18,461488,,,,,,,,,,,,,,,18,461488
2026-07-21,2026-07-22,10.8900,,,,,,,,,,,,,,,,,125,41630,,,,,,,,,,,125,41630
2026-07-21,2026-07-22,10.9000,10,325015,4,50647,1,1000,,,1,420000,3,106,124,167152,1,5000,1,1,,,11,1676,1,199870,1,16511,157,619759,315,1806736
2026-07-21,2026-07-22,10.9400,1,1171075,,,,,,,,,,,,,,,,,,,,,,,,,,,1,1171075
2026-07-21,2026-07-22,10.9500,2,86145,27,10692,,,,,,,,,3,100002,1,380000,1,150000,,,,,,,1,21599,,,35,748438
2026-07-21,2026-07-22,10.9600,,,,,,,,,,,1,100000,,,,,,,,,,,,,,,,,1,100000
2026-07-21,2026-07-22,10.9700,2,53653,,,,,,,,,,,,,,,,,,,,,,,,,,,2,53653
2026-07-21,2026-07-22,10.9770,1,200000,,,,,,,,,,,,,,,,,,,,,,,,,,,1,200000
2026-07-21,2026-07-22,10.9800,1,19281,,,1,50000,,,,,,,,,,,,,,,,,,,,,,,2,69281
2026-07-21,2026-07-22,11.0000,7,2949895,2,171290,,,,,,,,,,,2,106100,,,,,,,,,,,,,11,3227285
2026-07-21,2026-07-22,11.0100,1,299458,,,,,,,,,,,,,,,,,,,,,,,1,3825,,,2,303283
2026-07-21,2026-07-22,11.0200,1,100000,,,,,,,,,,,,,1,40350,,,,,,,,,,,,,2,140350
2026-07-21,2026-07-22,11.0300,,,,,,,,,,,,,1,100000,,,,,,,,,,,,,,,1,100000
2026-07-21,2026-07-22,11.0500,1,3000000,,,,,,,,,,,,,,,,,,,,,,,3,5475580,,,4,8475580
2026-07-21,2026-07-22,11.0800,,,1,245000,,,,,,,,,,,,,,,,,,,,,,,,,1,245000
2026-07-21,2026-07-22,11.0850,,,,,,,,,,,,,,,,,1,500000,,,,,,,,,,,1,500000
2026-07-21,2026-07-22,11.1000,,,,,,,,,,,,,1,331016,,,,,,,,,,,1,2052703,,,2,2383718
2026-07-21,2026-07-22,11.1050,,,,,,,,,,,,,,,,,,,,,,,,,1,210000,,,1,210000
2026-07-21,2026-07-22,11.1200,,,,,,,,,,,,,1,499975,,,,,,,,,,,,,,,1,499975
2026-07-21,2026-07-22,11.1300,,,,,,,,,,,,,1,1000000,,,,,,,,,,,,,,,1,1000000
2026-07-21,2026-07-22,11.1500,,,1,300000,,,,,,,,,2,944610,,,,,,,,,,,,,,,3,1244610
2026-07-21,2026-07-22,11.3500,,,,,,,,,,,,,,,1,189,,,,,,,,,,,,,1,189
2026-07-22,2026-07-23,9.6000,,,,,,,,,,,,,1,910,,,,,,,,,,,,,,,1,910
2026-07-22,2026-07-23,9.6300,,,,,,,,,,,,,1,13194,,,,,,,,,,,,,,,1,13194
2026-07-22,2026-07-23,9.7000,,,,,,,,,,,,,1,57,,,,,,,,,,,,,,,1,57
2026-07-22,2026-07-23,9.7300,,,,,,,,,,,,,1,127266,,,,,,,,,,,,,,,1,127266
2026-07-22,2026-07-23,9.9200,,,1,8002,,,,,,,,,,,,,,,,,,,,,,,,,1,8002
2026-07-22,2026-07-23,9.9600,,,,,,,,,,,,,1,10117,,,,,,,,,,,,,,,1,10117
2026-07-22,2026-07-23,10.4500,,,,,,,,,,,,,,,,,,,,,,,,,27,2025,,,27,2025
2026-07-22,2026-07-23,10.5000,,,,,,,,,,,1,106,,,,,,,,,,,,,,,,,1,106
2026-07-22,2026-07-23,10.6000,,,,,,,,,,,,,,,,,,,,,,,5,1520,,,,,5,1520
2026-07-22,2026-07-23,10.7000,,,,,,,,,,,,,4,532,,,1,1120,,,,,,,,,,,5,1652
2026-07-22,2026-07-23,10.7500,12,150757,1,7000,,,,,,,,,,,,,1,1600,,,,,,,,,,,14,159357
2026-07-22,2026-07-23,10.8000,6,5537,,,,,,,,,,,134,220869,294,234448,131,467180,,,,,,,,,,,565,928034
2026-07-22,2026-07-23,10.8100,,,,,,,,,,,,,,,2,1,,,,,,,,,,,,,2,1
2026-07-22,2026-07-23,10.8500,6,6644,,,,,,,,,,,12,4263,1,19068,,,,,,,,,1,11645,1,4,21,41625
2026-07-22,2026-07-23,10.9000,33,193952,15,45210,18,4206,31,45121,21,4591,1,30200,21,6538,1,2000,,,8,12127,,,,,,,,,149,343946
2026-07-22,2026-07-23,10.9200,2,34770,,,,,,,,,,,,,,,,,,,,,,,,,,,2,34770
2026-07-22,2026-07-23,10.9300,,,,,,,,,,,,,,,,,,,,,,,,,1,9035,,,1,9035
2026-07-22,2026-07-23,10.9400,,,,,,,,,,,,,,,1,32000,,,,,,,,,,,,,1,32000
2026-07-22,2026-07-23,10.9500,3,141931,,,,,,,,,,,1,349701,,,,,,,,,,,1,112650,,,5,604282
2026-07-22,2026-07-23,10.9600,,,,,,,,,,,,,18,722099,1,215605,,,,,,,,,,,,,19,937704
2026-07-22,2026-07-23,10.9800,,,,,,,,,,,,,,,,,,,,,,,,,1,28930,,,1,28930
2026-07-22,2026-07-23,10.9900,1,882820,,,,,,,,,,,,,,,121,34356,,,,,,,,,,,122,917176
2026-07-22,2026-07-23,11.0000,16,284716,2,56128,1,900,,,,,7,57501,61,135841,7,45797,2,23,,,6,1178,,,2,2505,80,179795,184,764384
2026-07-22,2026-07-23,11.0039,1,99965,,,,,,,,,,,,,,,,,,,,,,,,,,,1,99965
2026-07-22,2026-07-23,11.0300,1,100000,,,,,,,,,,,,,1,14910,,,,,,,,,,,,,2,114910
2026-07-22,2026-07-23,11.0400,1,408322,,,,,,,,,,,,,,,,,,,,,,,,,,,1,408322
2026-07-22,2026-07-23,11.0500,2,1620827,1,10000,,,,,,,1,16965,,,,,1,60000,,,,,,,3,629924,,,8,2337716
2026-07-22,2026-07-23,11.0700,,,,,,,,,,,,,,,,,1,1111998,,,,,,,,,,,1,1111998
2026-07-22,2026-07-23,11.0800,,,1,99988,,,,,,,,,,,,,,,,,,,,,,,,,1,99988
2026-07-22,2026-07-23,11.1000,4,441108,32,261970,,,1,54900,,,,,2,58000,3,50000,2,1100000,,,,,,,,,,,44,1965979
2026-07-22,2026-07-23,11.1200,3,619975,2,1233021,,,,,,,,,,,1,212355,,,,,,,,,,,,,6,2065351
2026-07-22,2026-07-23,11.1300,,,1,2000000,,,,,,,,,,,,,3,4000000,,,,,,,,,,,4,6000000
2026-07-22,2026-07-23,11.1350,1,1000000,,,,,,,,,,,,,,,,,,,,,,,,,,,1,1000000
2026-07-22,2026-07-23,11.1500,4,4200025,,,,,1,64210,,,,,,,,,,,,,,,,,,,,,5,4264235
2026-07-22,2026-07-23,11.1550,,,,,,,,,,,,,1,689982,,,,,,,,,,,,,,,1,689982
2026-07-22,2026-07-23,11.1600,,,,,,,,,,,,,,,1,2308530,,,,,,,,,,,,,1,2308530
2026-07-22,2026-07-23,11.1700,,,1,445000,,,,,,,,,,,,,,,,,,,,,,,,,1,445000
2026-07-22,2026-07-23,11.2000,,,,,,,4,1965712,,,,,,,,,,,,,,,,,,,,,4,1965712
2026-07-22,2026-07-23,11.2500,,,,,,,,,,,,,1,2999921,,,,,,,,,,,,,,,1,2999921
2026-07-22,2026-07-23,11.2800,,,,,,,,,,,,,1,4999935,,,,,,,,,,,,,,,1,4999935
2026-07-22,2026-07-23,11.3000,,,,,,,,,,,,,,,,,,,,,,,,,1,199880,,,1,199880
2026-07-22,2026-07-23,11.4000,,,,,,,,,,,,,,,,,,,,,,,,,2,994760,,,2,994760
2026-07-23,2026-07-24,9.6300,,,,,,,,,,,,,1,15580,,,,,,,,,,,,,,,1,15580
2026-07-23,2026-07-24,9.7000,,,,,,,,,,,,,1,619,,,,,,,,,,,,,,,1,619
2026-07-23,2026-07-24,9.7300,,,,,,,,,,,,,1,138766,,,,,,,,,,,,,,,1,138766
2026-07-23,2026-07-24,9.9600,,,,,,,,,,,,,1,12801,,,,,,,,,,,,,,,1,12801
2026-07-23,2026-07-24,10.5700,,,,,,,,,,,,,,,,,,,,,,,,,30,13859,,,30,13859
2026-07-23,2026-07-24,10.7000,,,,,,,,,,,1,1650,1,729,,,,,,,,,,,,,,,2,2379
2026-07-23,2026-07-24,10.7300,,,,,,,,,,,,,,,,,,,,,,,3,470,,,,,3,470
2026-07-23,2026-07-24,10.7500,,,,,,,,,,,,,1,268,,,,,,,,,,,,,,,1,268
2026-07-23,2026-07-24,10.8000,9,36543,,,,,,,,,,,14,40,,,,,,,,,,,,,,,23,36584
2026-07-23,2026-07-24,10.8500,6,3501,,,,,,,,,,,1,856,,,,,,,,,,,,,,,7,4358
2026-07-23,2026-07-24,10.8900,,,,,,,,,,,,,,,1,0,,,,,,,,,,,,,1,0
2026-07-23,2026-07-24,10.9000,,,,,,,,,,,,,1,867,1,190400,2,12700,,,,,,,,,1,10,5,203976
2026-07-23,2026-07-24,10.9200,,,,,,,,,,,1,15000,,,,,,,,,,,,,,,,,1,15000
2026-07-23,2026-07-24,10.9300,,,,,,,,,,,,,130,397862,184,170949,105,207471,,,,,,,,,,,419,776281
2026-07-23,2026-07-24,10.9600,,,,,,,,,,,,,3,228110,,,,,,,,,,,,,,,3,228110
2026-07-23,2026-07-24,11.0000,1,24919,,,,,,,,,,,12,65596,1,5392,,,,,,,,,2,2466,,,16,98373
2026-07-23,2026-07-24,11.0300,53,440090,10,73542,17,20972,32,15077,15,2814,1,1,,,,,,,10,103793,,,,,,,,,138,656288
2026-07-23,2026-07-24,11.0500,,,,,,,,,,,,,,,,,,,,,,,,,1,15522,,,1,15522
2026-07-23,2026-07-24,11.1000,2,1100000,,,,,,,,,,,2,2,1,38400,2,900000,,,,,,,,,,,7,2038402
2026-07-23,2026-07-24,11.1200,,,,,,,,,,,,,,,,,106,32950,,,,,,,,,,,106,32950
2026-07-23,2026-07-24,11.1300,8,227790,3,36334,,,1,100000,,,2,16,120,633862,1,19935,5,2534690,,,8,6085,,,,,64,55272,212,3613984
2026-07-23,2026-07-24,11.1500,,,2,82860,,,,,,,1,100000,1,700000,,,,,,,,,,,,,,,4,882860
2026-07-23,2026-07-24,11.1700,,,,,,,,,,,,,2,117700,,,,,,,,,,,,,,,2,117700
2026-07-23,2026-07-24,11.1800,,,1,109620,,,,,,,,,,,1,6073,,,,,,,,,,,,,2,115693
2026-07-23,2026-07-24,11.2000,2,2162392,4,88452,,,1,128260,,,1,30000,,,,,,,,,,,,,2,120000,,,10,2529104
2026-07-23,2026-07-24,11.2100,1,100000,,,,,,,,,,,,,,,,,,,,,,,,,,,1,100000
2026-07-23,2026-07-24,11.2200,1,32649,,,,,,,,,,,,,1,350000,,,,,,,,,,,,,2,382649
2026-07-23,2026-07-24,11.2300,6,3159075,44,33861,,,,,,,,,,,2,479932,,,,,,,,,,,,,52,3672868
2026-07-23,2026-07-24,11.2500,,,1,131475,,,,,,,,,,,1,34954,,,,,,,,,,,,,2,166429
2026-07-23,2026-07-24,11.2621,1,179965,,,,,,,,,,,,,,,,,,,,,,,,,,,1,179965
2026-07-23,2026-07-24,11.2700,2,500000,,,,,,,,,,,,,,,,,,,,,,,1,800000,,,3,1300000
2026-07-23,2026-07-24,11.2800,,,,,,,,,,,,,76,3999921,,,,,,,,,,,,,,,76,3999921
2026-07-23,2026-07-24,11.2830,1,1657361,,,,,,,,,,,,,,,,,,,,,,,,,,,1,1657361
2026-07-23,2026-07-24,11.3000,1,500000,,,,,,,,,,,,,,,,,,,,,,,,,,,1,500000
2026-07-23,2026-07-24,11.3200,,,,,,,1,199990,,,,,,,,,,,,,,,,,,,,,1,199990
2026-07-23,2026-07-24,11.3400,,,,,,,,,,,,,,,2,2447495,,,,,,,,,,,,,2,2447495
2026-07-23,2026-07-24,11.3500,1,400000,,,,,,,,,,,,,,,,,,,,,,,1,749905,,,2,1149905
2026-07-23,2026-07-24,11.3700,,,,,,,,,,,,,1,553246,,,,,,,,,,,,,,,1,553246
2026-07-23,2026-07-24,11.4000,,,,,,,,,,,,,,,,,,,,,,,,,5,304931,,,5,304931
2026-07-23,2026-07-24,11.4500,,,,,,,,,,,1,399975,,,,,,,,,,,,,,,,,1,399975
2026-07-24,2026-07-27,9.6300,,,,,,,,,,,,,1,21365,,,,,,,,,,,,,,,1,21365
2026-07-24,2026-07-27,9.7300,,,,,,,,,,,,,1,83994,,,,,,,,,,,,,,,1,83994
2026-07-24,2026-07-27,9.9600,,,,,,,,,,,,,1,7687,,,,,,,,,,,,,,,1,7687
2026-07-24,2026-07-27,10.6500,,,,,,,,,,,,,,,,,,,,,,,,,30,7685,,,30,7685
2026-07-24,2026-07-27,10.7000,,,,,,,,,,,,,1,56,,,,,,,,,,,,,,,1,56
2026-07-24,2026-07-27,10.7500,,,,,,,,,,,,,2,316,,,,,,,,,,,,,,,2,316
2026-07-24,2026-07-27,10.8100,,,,,,,,,,,,,,,,,,,,,,,7,2980,,,,,7,2980
2026-07-24,2026-07-27,10.8500,,,,,,,,,,,,,1,1116,,,,,,,,,,,,,,,1,1116
2026-07-24,2026-07-27,10.9000,,,,,,,,,,,,,1,227,,,,,,,,,,,,,,,1,227
2026-07-24,2026-07-27,10.9300,,,,,,,,,,,,,9,798,,,,,,,,,,,,,,,9,798
2026-07-24,2026-07-27,10.9500,,,,,,,,,,,,,,,,,1,2600,,,,,,,,,,,1,2600
2026-07-24,2026-07-27,11.0000,,,,,,,,,,,,,1,2201,2,1,,,,,,,,,,,,,3,2202
2026-07-24,2026-07-27,11.0100,,,,,,,,,,,,,124,171362,210,620247,112,521881,,,,,,,,,,,446,1313490
2026-07-24,2026-07-27,11.0200,,,,,,,,,,,,,,,3,2,,,,,,,,,,,,,3,2
2026-07-24,2026-07-27,11.0300,1,3038,,,,,,,,,,,,,1,1000,,,,,,,,,,,,,2,4038
2026-07-24,2026-07-27,11.0500,,,,,,,,,,,,,,,,,,,,,,,,,4,5285,,,4,5285
2026-07-24,2026-07-27,11.1000,8,8050,,,,,,,,,,,,,,,,,,,,,,,2,10530,,,10,18580
2026-07-24,2026-07-27,11.1100,64,108031,19,20212,35,7462,30,30747,16,3355,4,250,,,,,1,2116,15,2634,,,,,,,,,184,174807
2026-07-24,2026-07-27,11.1200,,,,,,,,,,,,,1,100000,,,,,,,,,,,,,,,1,100000
2026-07-24,2026-07-27,11.1300,,,,,,,,,,,,,36,266617,,,,,,,,,,,,,,,36,266617
2026-07-24,2026-07-27,11.1700,,,,,,,,,,,,,1,60000,,,,,,,,,,,,,,,1,60000
2026-07-24,2026-07-27,11.1800,,,1,5000,,,,,,,,,,,,,1,1139775,,,,,,,,,,,2,1144775
2026-07-24,2026-07-27,11.2000,2,540000,,,,,,,,,,,,,,,138,20821,,,,,,,,,,,140,560821
2026-07-24,2026-07-27,11.2100,8,553112,1,26235,,,,,,,,,85,353912,3,112722,7,4846758,,,4,142044,,,,,67,35890,175,6070672
2026-07-24,2026-07-27,11.2300,,,,,,,,,,,,,2,1,1,19955,,,,,,,,,,,,,3,19956
2026-07-24,2026-07-27,11.2500,1,64975,1,62834,,,,,,,,,,,,,2,178925,,,,,,,1,1896,,,5,308630
2026-07-24,2026-07-27,11.2550,,,,,,,,,,,1,200000,,,,,,,,,,,,,,,,,1,200000
2026-07-24,2026-07-27,11.2600,1,34149,,,,,,,,,,,,,1,70000,1,100000,,,,,,,,,,,3,204149
2026-07-24,2026-07-27,11.3000,3,354277,,,,,,,,,,,3,925307,,,,,,,,,,,,,,,6,1279583
2026-07-24,2026-07-27,11.3100,,,28,26755,,,,,,,,,1,10,,,1,50000,,,,,,,,,,,30,76765
2026-07-24,2026-07-27,11.3200,2,264000,,,,,,,,,,,,,,,,,,,,,,,,,,,2,264000
2026-07-24,2026-07-27,11.3400,1,775455,,,,,,,,,,,,,,,,,,,,,,,,,,,1,775455
2026-07-24,2026-07-27,11.3500,1,159975,1,71677,,,,,,,1,786257,,,,,,,,,,,,,2,29510,,,5,1047419
2026-07-24,2026-07-27,11.3600,1,500000,,,,,,,,,,,,,,,,,,,,,,,,,,,1,500000
2026-07-24,2026-07-27,11.3700,1,172404,,,,,,,,,,,,,,,,,,,,,,,,,,,1,172404
2026-07-24,2026-07-27,11.3900,,,,,,,,,,,,,1,358339,,,,,,,,,,,,,,,1,358339
2026-07-24,2026-07-27,11.4000,2,892498,,,,,1,891510,,,,,,,,,,,,,,,,,1,205420,,,4,1989427
2026-07-24,2026-07-27,11.4100,1,300000,,,,,,,,,,,1,2768443,,,,,,,,,,,,,,,2,3068443
2026-07-24,2026-07-27,11.4110,1,5000000,,,,,,,,,,,,,,,,,,,,,,,,,,,1,5000000
2026-07-24,2026-07-27,11.4200,2,2186302,,,,,,,,,,,2,2809895,,,,,,,,,,,,,,,4,4996197
2026-07-24,2026-07-27,11.4300,1,300000,,,,,,,,,,,1,399982,,,,,,,,,,,,,,,2,699982
2026-07-24,2026-07-27,11.4500,1,500000,3,634502,,,,,,,,,,,,,,,,,,,,,,,,,4,1134502
2026-07-24,2026-07-27,11.5000,,,1,1218652,,,,,,,,,,,,,,,,,,,,,1,200000,,,2,1418652
2026-07-24,2026-07-27,11.5500,,,,,,,,,,,,,2,594542,,,,,,,,,,,,,,,2,594542
2026-07-24,2026-07-27,11.6000,,,1,750000,,,,,,,,,,,,,,,,,,,,,,,,,1,750000
2026-07-24,2026-07-27,11.6050,,,,,,,,,,,,,1,199975,,,,,,,,,,,,,,,1,199975
2026-07-24,2026-07-27,11.6100,,,,,,,1,1000000,,,,,,,,,,,,,,,,,,,,,1,1000000
2026-07-24,2026-07-27,11.6110,,,,,,,,,,,,,1,489000,,,,,,,,,,,,,,,1,489000
2026-07-24,2026-07-27,11.6400,,,1,2000000,,,,,,,,,,,,,,,,,,,,,,,,,1,2000000
2026-07-27,2026-07-28,9.6000,,,,,,,,,,,,,1,21,,,,,,,,,,,,,,,1,21
2026-07-27,2026-07-28,9.6300,,,,,,,,,,,,,1,28105,,,,,,,,,,,,,,,1,28105
2026-07-27,2026-07-28,9.7000,,,,,,,,,,,,,1,84,,,,,,,,,,,,,,,1,84
2026-07-27,2026-07-28,9.7300,,,,,,,,,,,,,1,142327,,,,,,,,,,,,,,,1,142327
2026-07-27,2026-07-28,9.9600,,,,,,,,,,,,,1,15197,,,,,,,,,,,,,,,1,15197
2026-07-27,2026-07-28,10.0000,,,,,,,,,,,,,,,,,1,151,,,,,,,,,,,1,151
2026-07-27,2026-07-28,10.6000,,,,,,,,,,,,,,,,,1,10425,,,,,,,,,,,1,10425
2026-07-27,2026-07-28,10.7000,,,,,,,,,,,,,1,42,,,,,,,,,,,,,,,1,42
2026-07-27,2026-07-28,10.8000,,,,,,,,,,,,,,,,,,,,,,,,,20,12233,,,20,12233
2026-07-27,2026-07-28,10.9700,,,,,,,,,,,,,,,,,,,,,,,4,350,,,,,4,350
2026-07-27,2026-07-28,10.9900,,,1,1295,,,,,,,,,,,,,,,,,,,,,,,,,1,1295
2026-07-27,2026-07-28,11.0000,,,,,,,,,,,,,1,109,,,,,,,,,,,,,,,1,109
2026-07-27,2026-07-28,11.1200,,,,,,,,,,,,,,,,,1,3700,,,,,,,,,,,1,3700
2026-07-27,2026-07-28,11.1300,,,,,,,,,,,,,1,229,,,,,,,,,,,,,1,6,2,235
2026-07-27,2026-07-28,11.1500,,,,,,,,,,,,,,,2,1,1,149975,,,,,,,,,,,3,149976
2026-07-27,2026-07-28,11.1600,,,,,,,,,,,,,,,2,1,,,,,,,,,,,,,2,1
2026-07-27,2026-07-28,11.1700,,,,,,,,,,,,,139,44019,217,170088,116,59450,,,,,,,,,,,472,273557
2026-07-27,2026-07-28,11.1800,,,,,,,,,,,,,,,2,1,,,,,,,,,,,,,2,1
2026-07-27,2026-07-28,11.2100,,,,,,,,,,,,,3,2123,,,,,,,,,,,,,,,3,2123
2026-07-27,2026-07-28,11.2300,,,,,,,,,,,1,17798,,,,,,,,,,,,,,,,,1,17798
2026-07-27,2026-07-28,11.2700,22,211313,9,28097,33,4894,35,35282,18,9465,2,3008,,,,,,,23,22014,,,,,,,,,142,314073
2026-07-27,2026-07-28,11.3000,1,1266,,,,,1,53231,,,2,586120,,,,,,,,,,,,,2,137009,,,6,777626
2026-07-27,2026-07-28,11.3200,,,,,,,,,,,,,,,1,268721,,,,,,,,,,,,,1,268721
2026-07-27,2026-07-28,11.3500,5,2649,,,,,,,,,,,,,,,,,,,,,,,3,94731,,,8,97380
2026-07-27,2026-07-28,11.3600,,,,,,,,,,,,,,,,,133,24307,,,,,,,,,,,133,24307
2026-07-27,2026-07-28,11.3699,,,,,,,,,,,,,1,35,,,,,,,,,,,,,,,1,35
2026-07-27,2026-07-28,11.3700,3,26971,4,41485,3,7725,,,,,9,30137,58,1161694,10,758111,,,,,5,5293,,,2,135404,58,53375,152,2220195
2026-07-27,2026-07-28,11.4000,3,142672,1,93356,,,1,2000000,,,,,,,,,,,,,,,,,2,46460,,,7,2282488
2026-07-27,2026-07-28,11.4200,5,170333,,,,,,,,,,,1,1299921,,,,,,,,,,,,,,,6,1470253
2026-07-27,2026-07-28,11.4300,,,1,5125,,,,,,,,,,,,,,,,,,,,,,,,,1,5125
2026-07-27,2026-07-28,11.4500,1,10150,1,59945,,,,,,,,,,,,,1,75000,,,,,,,,,,,3,145095
2026-07-27,2026-07-28,11.4700,,,44,25519,,,,,,,,,1,1,1,34000,,,,,,,,,2,78165,,,48,137685
2026-07-27,2026-07-28,11.5000,6,954422,1,700000,,,,,,,,,1,250000,,,1,184378,,,,,,,3,227507,,,12,2316307
2026-07-27,2026-07-28,11.5200,,,,,,,1,499980,,,,,,,,,,,,,,,,,,,,,1,499980
2026-07-27,2026-07-28,11.5500,1,200000,,,,,,,,,,,,,,,,,,,,,,,,,,,1,200000
2026-07-27,2026-07-28,11.5700,,,,,,,,,1,36975,,,,,,,,,,,,,,,,,,,1,36975
2026-07-27,2026-07-28,11.5800,1,284076,,,,,,,,,,,,,,,,,,,,,,,,,,,1,284076
2026-07-27,2026-07-28,11.6000,3,899331,2,31066,,,1,500000,,,,,,,,,,,,,,,,,,,,,6,1430398
2026-07-27,2026-07-28,11.6100,,,,,,,,,,,,,,,1,181540,,,,,,,,,,,,,1,181540
2026-07-27,2026-07-28,11.6400,,,2,4342,,,,,,,,,,,,,,,,,,,,,,,,,2,4342
2026-07-27,2026-07-28,11.6500,2,733543,,,,,,,,,,,,,,,,,,,,,,,,,,,2,733543
2026-07-27,2026-07-28,11.7000,,,2,1106720,,,,,,,,,2,1219975,3,1745930,,,,,,,,,1,299880,,,8,4372505
2026-07-27,2026-07-28,11.7500,,,,,,,,,,,,,,,,,,,,,,,,,2,100000,,,2,100000
2026-07-27,2026-07-28,11.7600,,,,,,,,,,,,,,,,,,,,,,,,,1,150000,,,1,150000
2026-07-27,2026-07-28,11.8000,,,,,,,,,,,1,130025,,,,,,,,,,,,,,,,,1,130025
2026-07-27,2026-07-28,11.8500,,,,,,,,,,,1,299975,,,,,,,,,,,,,,,,,1,299975
2026-07-27,2026-07-28,11.9000,,,1,2000000,,,,,,,,,,,,,,,,,,,,,,,,,1,2000000
2026-07-28,2026-07-29,9.6300,,,,,,,,,,,,,1,16429,,,,,,,,,,,,,,,1,16429
2026-07-28,2026-07-29,9.7000,,,,,,,,,,,,,1,103,,,,,,,,,,,,,,,1,103
2026-07-28,2026-07-29,9.7300,,,,,,,,,,,,,1,124999,,,,,,,,,,,,,,,1,124999
2026-07-28,2026-07-29,9.9600,,,,,,,,,,,,,1,9251,,,,,,,,,,,,,,,1,9251
2026-07-28,2026-07-29,10.8500,,,,,,,,,,,,,1,92,,,,,,,,,,,,,,,1,92
2026-07-28,2026-07-29,10.9000,,,,,,,,,,,,,1,999,,,,,,,,,,,,,,,1,999
2026-07-28,2026-07-29,10.9600,,,,,,,,,,,,,,,,,,,,,,,,,25,2991,,,25,2991
2026-07-28,2026-07-29,11.0000,,,,,,,,,,,,,1,182,,,,,,,,,,,2,2615,,,3,2797
2026-07-28,2026-07-29,11.1300,,,,,,,,,,,,,1,175,,,,,,,,,,,,,,,1,175
2026-07-28,2026-07-29,11.1400,,,,,,,,,,,,,,,,,,,,,,,6,739,,,,,6,739
2026-07-28,2026-07-29,11.1500,,,,,,,,,,,,,,,,,,,,,,,,,2,249200,,,2,249200
2026-07-28,2026-07-29,11.1700,,,,,,,,,,,,,1,20,,,2,66,,,,,,,,,,,3,86
2026-07-28,2026-07-29,11.2100,,,,,,,,,,,,,1,183,,,,,,,,,1,41728,,,,,2,41911
2026-07-28,2026-07-29,11.2500,,,,,,,,,,,,,,,,,1,1800,,,,,,,,,,,1,1800
2026-07-28,2026-07-29,11.3300,,,,,,,,,,,,,,,2,1,,,,,,,,,,,,,2,1
2026-07-28,2026-07-29,11.3400,,,,,,,,,,,,,151,175925,184,182601,118,275529,,,,,,,,,,,453,634054
2026-07-28,2026-07-29,11.3500,9,40346,,,,,,,,,,,,,1,0,,,,,,,,,,,,,10,40347
2026-07-28,2026-07-29,11.3600,,,,,,,,,,,,,,,1,0,,,,,,,,,,,,,1,0
2026-07-28,2026-07-29,11.3700,,,,,,,,,,,,,29,9148,,,,,,,,,,,,,1,200,30,9348
2026-07-28,2026-07-29,11.3800,,,,,,,,,,,,,,,1,0,,,,,,,,,,,,,1,0
2026-07-28,2026-07-29,11.4200,,,,,,,,,,,,,,,,,1,13736,,,,,,,,,,,1,13736
2026-07-28,2026-07-29,11.4300,,,,,,,,,,,,,,,,,,,,,,,1,200000,,,,,1,200000
2026-07-28,2026-07-29,11.4400,42,117729,22,306175,25,6737,33,131937,21,3247,2,46,,,,,1,5000,16,5435,,,,,,,,,162,576307
2026-07-28,2026-07-29,11.4500,,,,,,,,,,,,,,,,,,,,,,,,,1,5000,,,1,5000
2026-07-28,2026-07-29,11.4700,,,,,,,,,,,,,4,5,,,,,,,,,,,,,,,4,5
2026-07-28,2026-07-29,11.4900,1,1300,,,,,,,,,,,,,,,,,,,,,,,,,,,1,1300
2026-07-28,2026-07-29,11.5000,,,1,14867,,,1,32000,,,,,,,,,,,,,,,,,1,27960,,,3,74827
2026-07-28,2026-07-29,11.5300,,,,,,,,,,,,,,,,,131,57600,,,,,,,,,,,131,57600
2026-07-28,2026-07-29,11.5400,7,40407,,,1,18070,,,,,4,178,75,977144,3,5213,5,530835,,,3,426,,,,,47,41814,145,1614086
2026-07-28,2026-07-29,11.5500,1,22040,,,,,,,,,,,,,,,1,100000,,,,,,,,,,,2,122040
2026-07-28,2026-07-29,11.5760,,,,,,,,,,,,,,,,,1,18982,,,,,,,,,,,1,18982
2026-07-28,2026-07-29,11.5900,,,,,,,,,,,,,,,1,150000,,,,,,,,,,,,,1,150000
2026-07-28,2026-07-29,11.6000,2,103275,6,238321,,,1,500000,,,,,,,,,2,1500000,,,,,,,3,563448,,,14,2905044
2026-07-28,2026-07-29,11.6200,,,,,,,,,,,,,,,1,35835,,,,,,,,,,,,,1,35835
2026-07-28,2026-07-29,11.6400,1,81621,36,13949,,,,,,,,,,,3,50000,1,11280,,,,,,,,,,,41,156851
2026-07-28,2026-07-29,11.6500,3,301444,,,,,,,,,,,,,,,,,,,,,,,1,60901,,,4,362345
2026-07-28,2026-07-29,11.6600,,,,,,,,,,,,,1,112942,2,16575,,,,,,,,,,,,,3,129517
2026-07-28,2026-07-29,11.6700,1,915200,,,,,,,,,,,,,,,,,,,,,,,,,,,1,915200
2026-07-28,2026-07-29,11.6900,1,169975,,,,,,,,,,,,,,,,,,,,,,,,,,,1,169975
2026-07-28,2026-07-29,11.7000,2,342550,1,15000,,,,,,,,,2,4000000,1,724564,,,,,,,,,,,,,6,5082114
2026-07-28,2026-07-29,11.7400,,,,,,,,,1,21840,,,,,,,,,,,,,,,,,,,1,21840
2026-07-28,2026-07-29,11.7500,7,1238602,,,,,,,,,,,,,,,,,,,,,,,,,,,7,1238602
2026-07-28,2026-07-29,11.7600,,,,,,,,,,,,,,,,,,,,,,,,,1,150000,,,1,150000
2026-07-28,2026-07-29,11.7800,1,70000,,,,,,,,,,,1,900000,,,,,,,,,,,,,,,2,970000
2026-07-28,2026-07-29,11.8000,1,4000000,,,,,,,,,,,2,3325236,1,0,,,,,,,,,,,,,4,7325236
2026-07-28,2026-07-29,11.8100,1,300000,,,,,,,,,,,,,,,,,,,,,,,,,,,1,300000
2026-07-28,2026-07-29,11.8500,,,,,,,,,,,,,,,1,199895,,,,,,,,,,,,,1,199895
2026-07-28,2026-07-29,11.8700,1,999975,,,,,,,,,,,,,,,,,,,,,,,3,799880,,,4,1799855
2026-07-28,2026-07-29,11.9000,1,200000,,,,,,,,,,,,,,,,,,,,,,,3,699905,,,4,899905
2026-07-28,2026-07-29,11.9300,,,,,,,,,,,,,2,669982,,,,,,,,,,,,,,,2,669982
2026-07-28,2026-07-29,11.9500,,,,,,,1,199990,,,,,1,22528,,,,,,,,,,,,,,,2,222518
2026-07-28,2026-07-29,11.9800,,,,,,,1,1000000,,,,,1,1000000,,,,,,,,,,,,,,,2,2000000
2026-07-28,2026-07-29,11.9900,,,2,730000,,,,,,,,,,,,,,,,,,,,,,,,,2,730000
2026-07-28,2026-07-29,12.0000,,,,,,,,,,,,,,,3,1299812,,,,,,,,,1,99820,,,4,1399632
2026-07-28,2026-07-29,12.0100,,,,,,,,,,,,,,,1,999925,,,,,,,,,,,,,1,999925
2026-07-28,2026-07-29,12.0331,,,,,,,,,,,,,,,1,1200000,,,,,,,,,,,,,1,1200000
2026-07-28,2026-07-29,12.0635,,,,,,,,,2,3000000,,,,,,,,,,,,,,,,,,,2,3000000
2026-07-28,2026-07-29,12.0700,,,,,,,,,,,1,2000000,,,,,,,,,,,,,,,,,1,2000000
2026-07-29,2026-07-30,9.0000,,,,,,,,,,,1,75,,,,,,,,,,,,,,,,,1,75
2026-07-29,2026-07-30,9.6300,,,,,,,,,,,,,1,14993,,,,,,,,,,,,,,,1,14993
2026-07-29,2026-07-30,9.7300,,,,,,,,,,,,,1,134116,,,,,,,,,,,,,,,1,134116
2026-07-29,2026-07-30,9.9600,,,,,,,,,,,,,1,13743,,,,,,,,,,,,,,,1,13743
2026-07-29,2026-07-30,10.3000,,,,,,,,,,,1,1961,,,,,,,,,,,,,,,,,1,1961
2026-07-29,2026-07-30,11.0000,,,,,,,,,,,1,5000,,,,,,,,,,,,,,,,,1,5000
2026-07-29,2026-07-30,11.2000,,,,,,,,,,,,,,,,,,,,,,,,,1,14905,,,1,14905
2026-07-29,2026-07-30,11.2100,,,,,,,,,,,,,,,,,,,,,,,,,40,11693,,,40,11693
2026-07-29,2026-07-30,11.3400,,,,,,,,,,,,,2,10,,,,,,,,,,,,,,,2,10
2026-07-29,2026-07-30,11.3500,10,88950,,,,,,,,,,,,,,,,,,,,,,,,,,,10,88950
2026-07-29,2026-07-30,11.3700,,,,,,,,,,,,,1,9054,,,,,,,,,,,,,,,1,9054
2026-07-29,2026-07-30,11.3900,,,1,5947,,,,,,,,,,,,,,,,,,,,,,,,,1,5947
2026-07-29,2026-07-30,11.4000,,,,,,,,,,,,,,,,,,,,,,,5,102330,,,,,5,102330
2026-07-29,2026-07-30,11.5400,,,,,,,,,,,,,2,4285,,,,,,,,,,,,,,,2,4285
2026-07-29,2026-07-30,11.5500,,,,,,,,,,,,,,,,,1,1700,,,,,,,1,30000,,,2,31700
2026-07-29,2026-07-30,11.5900,,,,,,,,,,,,,,,1,0,,,,,,,,,,,,,1,0
2026-07-29,2026-07-30,11.6000,,,,,,,,,,,,,269,156355,224,367680,115,516029,,,,,,,,,,,608,1040064
2026-07-29,2026-07-30,11.6100,,,,,,,,,,,,,,,1,1,,,,,,,,,,,,,1,1
2026-07-29,2026-07-30,11.6400,,,,,,,,,,,,,2,3,,,,,,,,,,,,,,,2,3
2026-07-29,2026-07-30,11.7000,39,100392,29,109156,13,1291,46,182946,27,3769,1,700,,,1,279915,5,2455872,16,25950,,,,,1,22905,,,178,3182897
2026-07-29,2026-07-30,11.7150,,,,,,,,,,,,,,,,,1,149975,,,,,,,,,,,1,149975
2026-07-29,2026-07-30,11.7500,,,,,,,,,,,1,152559,,,1,29955,,,,,,,,,,,,,2,182514
2026-07-29,2026-07-30,11.7900,,,,,,,,,,,,,,,,,148,75351,,,,,,,,,,,148,75351
2026-07-29,2026-07-30,11.8000,6,97701,6,3477420,5,26722,,,,,5,805,80,1004224,1,300000,10,9570310,,,6,6397,,,,,76,113341,195,14596920
2026-07-29,2026-07-30,11.8018,,,,,,,,,,,,,1,1,,,,,,,,,,,,,,,1,1
2026-07-29,2026-07-30,11.8100,1,7081,,,,,,,,,,,,,,,,,,,,,,,,,,,1,7081
2026-07-29,2026-07-30,11.8200,,,1,1177456,,,,,,,,,,,,,,,,,,,,,,,,,1,1177456
2026-07-29,2026-07-30,11.8300,,,,,,,,,,,,,,,1,25940,,,,,,,,,,,,,1,25940
2026-07-29,2026-07-30,11.8400,,,1,767729,,,,,,,,,,,,,,,,,,,,,,,,,1,767729
2026-07-29,2026-07-30,11.8490,,,1,1294,,,,,,,,,,,,,,,,,,,,,,,,,1,1294
2026-07-29,2026-07-30,11.8500,1,50000,3,55987,,,,,,,1,40852,,,1,230884,,,,,,,,,1,24905,,,7,402628
2026-07-29,2026-07-30,11.8700,,,,,,,,,,,,,,,,,,,,,,,,,1,95,,,1,95
2026-07-29,2026-07-30,11.8800,1,1000000,,,,,,,,,,,,,,,,,,,,,,,,,,,1,1000000
2026-07-29,2026-07-30,11.9000,2,754370,43,19491,,,,,,,1,67850,1,600,,,,,,,,,,,1,79905,,,48,922216
2026-07-29,2026-07-30,11.9100,,,,,,,,,,,,,1,274577,,,,,,,,,,,,,,,1,274577
2026-07-29,2026-07-30,11.9200,,,,,,,,,,,,,,,1,53940,,,,,,,,,,,,,1,53940
2026-07-29,2026-07-30,11.9500,1,106517,,,1,98000,,,,,,,1,599880,,,,,,,,,,,2,151388,,,5,955785
2026-07-29,2026-07-30,11.9510,,,,,,,,,,,,,1,89960,,,,,,,,,,,,,,,1,89960
2026-07-29,2026-07-30,11.9520,,,,,,,,,,,,,,,,,,,,,,,,,1,55995,,,1,55995
2026-07-29,2026-07-30,11.9600,,,,,,,,,,,,,1,459459,,,,,,,,,,,,,,,1,459459
2026-07-29,2026-07-30,11.9800,,,,,,,,,,,,,,,,,,,,,,,,,1,499980,,,1,499980
2026-07-29,2026-07-30,12.0000,3,455405,3,1574319,,,4,868774,,,1,60000,,,,,,,,,,,,,,,,,11,2958497
2026-07-29,2026-07-30,12.0100,1,499975,,,,,1,256982,,,,,,,,,,,,,,,,,,,,,2,756957
2026-07-29,2026-07-30,12.0200,1,200000,,,,,,,,,,,1,300000,1,1999899,,,,,,,,,,,,,3,2499899
2026-07-29,2026-07-30,12.0300,1,2488285,,,,,,,,,,,,,,,,,,,,,,,,,,,1,2488285
2026-07-29,2026-07-30,12.0330,,,,,,,,,,,,,,,1,499940,,,,,,,,,,,,,1,499940
2026-07-29,2026-07-30,12.0500,2,430000,1,25500,,,,,,,,,1,500000,,,,,,,,,,,,,,,4,955500
2026-07-29,2026-07-30,12.0600,,,,,,,,,,,,,1,239997,,,,,,,,,,,,,,,1,239997
2026-07-29,2026-07-30,12.1000,2,2700000,,,,,,,,,,,,,,,,,,,,,,,,,,,2,2700000
2026-07-29,2026-07-30,12.1500,,,1,999915,,,,,,,,,,,,,,,,,,,,,1,99905,,,2,1099820
2026-07-29,2026-07-30,12.2000,,,,,,,,,,,,,,,,,,,,,,,,,1,99905,,,1,99905
2026-07-29,2026-07-30,12.2500,,,1,999915,,,,,,,,,,,,,,,,,,,,,,,,,1,999915
2026-07-30,2026-07-31,9.6300,,,,,,,,,,,,,1,14420,,,,,,,,,,,,,,,1,14420
2026-07-30,2026-07-31,9.7300,,,,,,,,,,,,,1,119433,,,,,,,,,,,,,,,1,119433
2026-07-30,2026-07-31,9.9600,,,,,,,,,,,,,1,15291,,,,,,,,,,,,,,,1,15291
2026-07-30,2026-07-31,11.3000,,,,,,,,,,,,,,,,,,,,,,,,,32,6280,,,32,6280
2026-07-30,2026-07-31,11.4900,,,,,,,,,,,,,,,,,,,,,,,3,660,,,,,3,660
2026-07-30,2026-07-31,11.5000,,,,,,,,,,,,,,,,,,,,,,,,,6,46894,,,6,46894
2026-07-30,2026-07-31,11.5400,,,,,,,,,,,,,1,3425,,,,,,,,,,,,,1,10,2,3434
2026-07-30,2026-07-31,11.6000,,,,,,,,,,,,,,,,,,,,,,,,,1,5405,,,1,5405
2026-07-30,2026-07-31,11.6400,,,,,,,,,,,,,,,,,1,1000,,,,,,,,,,,1,1000
2026-07-30,2026-07-31,11.6900,,,,,,,46,40978,,,,,165,78901,262,399578,140,384504,,,,,,,,,,,613,903961
2026-07-30,2026-07-31,11.7000,,,,,,,,,,,1,33930,,,1,0,,,,,,,,,,,,,2,33930
2026-07-30,2026-07-31,11.7500,6,12865,,,,,,,,,,,,,,,,,,,,,,,,,,,6,12865
2026-07-30,2026-07-31,11.7900,41,85655,20,62600,25,15850,,,22,2470,5,1054,,,,,1,18650,15,11361,,,,,,,,,129,197639
2026-07-30,2026-07-31,11.8000,,,1,49925,,,,,,,,,19,4197,,,,,,,,,,,,,,,20,54122
2026-07-30,2026-07-31,11.8300,,,,,,,,,,,,,,,,,,,,,,,,,2,7732,,,2,7732
2026-07-30,2026-07-31,11.8800,,,,,,,,,,,,,,,,,168,52975,,,,,,,,,,,168,52975
2026-07-30,2026-07-31,11.8899,,,,,,,,,,,,,1,20,,,,,,,,,,,,,,,1,20
2026-07-30,2026-07-31,11.8900,7,477784,3,52414,6,2011,2,114940,,,3,8719,196,1131070,,,14,1459,,,11,5585,,,,,85,373220,327,2167201
2026-07-30,2026-07-31,11.8901,,,,,,,,,,,,,1,30,,,,,,,,,,,,,,,1,30
2026-07-30,2026-07-31,11.9000,3,86267,38,24970,,,,,,,,,,,,,,,,,,,,,,,,,41,111237
2026-07-30,2026-07-31,11.9300,1,16799,,,,,,,,,,,,,,,,,,,,,,,,,,,1,16799
2026-07-30,2026-07-31,11.9500,1,150628,1,100000,,,,,,,1,30415,,,1,199948,,,,,,,,,,,,,4,480991
2026-07-30,2026-07-31,11.9510,,,,,,,,,,,,,1,89960,,,,,,,,,,,,,,,1,89960
2026-07-30,2026-07-31,11.9800,,,,,,,,,,,,,,,,,,,,,,,,,1,44405,,,1,44405
2026-07-30,2026-07-31,11.9900,3,367901,7,175559,,,,,,,,,1,1,2,100000,,,,,,,,,,,,,13,643462
2026-07-30,2026-07-31,12.0000,1,199965,1,8732,,,,,,,1,4200,,,1,381007,,,,,,,,,,,1,40000,5,633904
2026-07-30,2026-07-31,12.0100,,,,,,,,,,,,,,,1,30733,,,,,,,,,,,,,1,30733
2026-07-30,2026-07-31,12.0400,,,,,,,,,1,522910,,,,,,,,,,,,,,,,,,,1,522910
2026-07-30,2026-07-31,12.0500,3,392351,5,163592,,,,,,,,,,,2,468935,1,1024813,,,,,,,,,,,11,2049691
2026-07-30,2026-07-31,12.0700,1,200000,,,,,,,,,,,,,,,,,,,,,,,,,,,1,200000
2026-07-30,2026-07-31,12.1000,,,2,528510,,,,,,,,,,,1,99945,,,,,,,,,2,175600,,,5,804055
2026-07-30,2026-07-31,12.1100,,,,,,,,,,,,,1,100000,,,,,,,,,,,,,,,1,100000
2026-07-30,2026-07-31,12.1200,2,350000,,,,,,,,,,,,,,,,,,,,,,,,,,,2,350000
2026-07-30,2026-07-31,12.1300,,,,,,,,,,,1,166000,,,,,,,,,,,,,,,,,1,166000
2026-07-30,2026-07-31,12.1450,,,,,,,,,,,,,,,1,334895,,,,,,,,,,,,,1,334895
2026-07-30,2026-07-31,12.1500,2,1200000,,,,,,,,,,,,,,,,,,,,,,,2,20000,,,4,1220000
2026-07-30,2026-07-31,12.1650,,,,,,,,,,,,,,,1,100000,,,,,,,,,,,,,1,100000
2026-07-30,2026-07-31,12.1800,1,500000,,,,,,,,,,,,,1,160000,,,,,,,,,,,,,2,660000
2026-07-30,2026-07-31,12.2000,2,9199945,4,2529800,,,,,,,,,3,1100740,,,,,,,,,,,3,249960,,,12,13080445
2026-07-30,2026-07-31,12.2200,,,,,,,,,,,,,2,3651023,,,,,,,,,,,,,,,2,3651023
2026-07-30,2026-07-31,12.2300,,,,,,,,,,,,,1,4500000,,,,,,,,,,,,,,,1,4500000
2026-07-30,2026-07-31,12.2500,,,1,148345,,,,,,,,,1,399880,,,,,,,,,,,,,1,500000,3,1048225
2026-07-30,2026-07-31,12.2650,,,1,1000000,,,,,,,,,,,,,,,,,,,,,,,,,1,1000000
2026-07-30,2026-07-31,12.3500,,,1,999915,,,,,,,,,,,,,,,,,,,,,,,,,1,999915
2026-07-30,2026-07-31,12.4000,,,3,1243904,,,,,,,1,1000000,,,,,,,,,,,,,,,,,4,2243904
2026-07-31,2026-08-03,9.6300,,,,,,,,,,,,,1,22042,,,,,,,,,,,,,,,1,22042
2026-07-31,2026-08-03,9.7300,,,,,,,,,,,,,2,132214,,,,,,,,,,,,,,,2,132214
2026-07-31,2026-08-03,9.9600,,,,,,,,,,,,,1,18059,,,,,,,,,,,,,,,1,18059
2026-07-31,2026-08-03,11.5000,,,,,,,,,,,,,,,,,,,,,,,,,1,70,,,1,70
2026-07-31,2026-08-03,11.5400,,,,,,,,,,,,,,,,,,,,,,,,,34,17612,,,34,17612
2026-07-31,2026-08-03,11.6670,,,,,,,,,,,,,,,,,,,,,,,,,1,749905,,,1,749905
2026-07-31,2026-08-03,11.7000,,,,,,,,,,,,,,,,,,,,,,,,,1,51943,,,1,51943
2026-07-31,2026-08-03,11.7500,9,52357,,,,,,,,,,,,,,,,,,,,,4,289,,,,,13,52646
2026-07-31,2026-08-03,11.8900,,,,,,,,,,,1,6342,1,12185,,,,,,,,,,,,,,,2,18527
2026-07-31,2026-08-03,11.9000,,,,,,,,,,,1,33805,,,,,1,5983,,,,,,,,,,,2,39788
2026-07-31,2026-08-03,11.9500,,,,,,,143,845472,,,,,295,997752,297,597485,218,862197,,,,,,,,,,,953,3302906
2026-07-31,2026-08-03,11.9700,,,,,,,,,,,,,,,1,0,,,,,,,,,,,,,1,0
2026-07-31,2026-08-03,12.0000,8,25617,3,159979,,,1,241599,,,2,306827,2,2046400,,,1,1000,,,,,,,1,4905,,,18,2786326
2026-07-31,2026-08-03,12.0500,25,1025784,39,155654,27,11139,,,31,91990,1,200,,,,,4,7100,25,76628,,,,,,,,,152,1368495
2026-07-31,2026-08-03,12.0800,,,,,,,,,,,,,,,,,,,,,,,,,1,14862,,,1,14862
2026-07-31,2026-08-03,12.0900,,,,,,,,,,,,,,,,,1,11800,,,,,,,,,,,1,11800
2026-07-31,2026-08-03,12.1000,,,,,,,1,12000,,,,,2,403340,1,499940,3,511649,,,,,1,220000,2,43680,,,10,1690609
2026-07-31,2026-08-03,12.1100,,,,,,,,,,,,,,,,,,,,,,,,,2,317394,,,2,317394
2026-07-31,2026-08-03,12.1200,,,,,,,1,1500000,,,,,1,349975,,,1,500000,,,,,,,,,,,3,2349975
2026-07-31,2026-08-03,12.1400,,,,,,,,,,,,,,,,,168,112827,,,,,,,,,,,168,112827
2026-07-31,2026-08-03,12.1500,10,944954,60,170632,10,53900,,,,,6,4308,54,1531450,8,3808282,5,540501,,,14,26442,,,3,301930,233,1570157,403,8952556
2026-07-31,2026-08-03,12.1600,,,,,,,,,,,,,,,,,2,272056,,,,,,,,,,,2,272056
2026-07-31,2026-08-03,12.1660,,,,,,,,,,,,,,,,,,,,,,,,,1,691505,,,1,691505
2026-07-31,2026-08-03,12.1700,,,,,,,,,,,,,,,4,719458,,,,,,,,,,,,,4,719458
2026-07-31,2026-08-03,12.1800,,,,,,,,,,,,,,,1,33567,,,,,,,,,,,,,1,33567
2026-07-31,2026-08-03,12.2000,3,2116623,,,1,46000,,,,,2,25500,4,2907304,,,4,1470570,,,,,,,3,105059,,,17,6671055
2026-07-31,2026-08-03,12.2100,,,1,1600000,,,,,1,399975,,,,,,,,,,,,,,,1,463687,,,3,2463662
2026-07-31,2026-08-03,12.2150,,,,,,,,,,,,,,,,,1,799980,,,,,,,,,,,1,799980
2026-07-31,2026-08-03,12.2200,,,,,,,,,,,,,3,1306742,,,,,,,,,,,2,411240,,,5,1717983
2026-07-31,2026-08-03,12.2500,2,1026404,1,2900,,,,,1,60000,,,4,199989,2,40000,,,,,,,,,,,,,10,1329293
2026-07-31,2026-08-03,12.2600,2,1053278,,,,,,,,,,,,,,,,,,,,,,,,,,,2,1053278
2026-07-31,2026-08-03,12.2750,1,1000000,,,,,,,,,,,,,,,,,,,,,,,,,,,1,1000000
2026-07-31,2026-08-03,12.3000,,,,,,,,,,,1,200000,,,,,1,1700000,,,,,,,,,1,500000,3,2400000
2026-08-03,2026-08-04,9.6300,,,,,,,,,,,,,9,21817,,,,,,,,,,,,,,,9,21817
2026-08-03,2026-08-04,9.7300,,,,,,,,,,,,,15,226533,,,,,,,,,,,,,,,15,226533
2026-08-03,2026-08-04,9.9600,,,,,,,,,,,,,1,26250,,,,,,,,,,,,,,,1,26250
2026-08-03,2026-08-04,11.3000,,,1,1000,,,,,,,,,,,,,,,,,,,,,,,,,1,1000
2026-08-03,2026-08-04,11.3700,,,,,,,,,,,,,1,132,,,,,,,,,,,,,,,1,132
2026-08-03,2026-08-04,11.5200,,,,,,,,,,,,,,,,,,,,,,,,,26,4239,,,26,4239
2026-08-03,2026-08-04,11.5400,,,,,,,,,,,,,1,130,,,,,,,,,,,,,,,1,130
2026-08-03,2026-08-04,11.6000,,,,,,,57,92144,,,,,,,,,,,,,,,,,,,,,57,92144
2026-08-03,2026-08-04,11.6800,,,,,,,,,,,,,,,,,1,2900,,,,,,,,,,,1,2900
2026-08-03,2026-08-04,11.7300,,,,,,,,,,,,,,,,,302,861114,,,,,11,26160,,,,,313,887274
2026-08-03,2026-08-04,11.8000,,,,,,,,,,,,,1,239,,,,,,,,,,,,,,,1,239
2026-08-03,2026-08-04,11.8900,,,,,,,,,,,,,1,84,,,,,,,,,,,,,2,16,3,100
2026-08-03,2026-08-04,11.9000,6,889506,,,,,,,,,,,,,,,,,,,,,,,,,,,6,889506
2026-08-03,2026-08-04,11.9008,1,499965,,,,,,,,,,,,,,,,,,,,,,,,,,,1,499965
2026-08-03,2026-08-04,11.9300,13,45195,19,164702,,,,,,,,,,,360,897444,,,,,,,,,,,,,392,1107341
2026-08-03,2026-08-04,11.9400,,,,,,,,,,,,,,,1,0,,,,,,,,,,,,,1,0
2026-08-03,2026-08-04,11.9500,3,58737,,,,,,,,,,,,,,,1,13000,,,,,,,,,,,4,71737
2026-08-03,2026-08-04,12.0000,8,803591,6,200630,,,3,1160000,,,1,21228,,,2,579880,1,80000,,,,,,,1,231000,,,22,3076329
2026-08-03,2026-08-04,12.0300,32,419377,113,29757,28,10325,,,40,55907,1,500,,,,,1,46813,36,43765,,,,,,,,,251,606444
2026-08-03,2026-08-04,12.0500,1,99988,,,,,,,,,,,,,1,500000,,,,,,,,,1,10000,,,3,609988
2026-08-03,2026-08-04,12.1200,,,,,,,,,,,,,,,,,152,254583,,,,,,,,,,,152,254583
2026-08-03,2026-08-04,12.1300,2,25141,3,1580906,3,93340,,,,,2,102030,78,1781917,5,429141,5,28483,,,6,6283,,,2,25438,310,5233114,416,9305792
2026-08-03,2026-08-04,12.1500,,,,,,,,,,,,,6,10654,1,499915,,,,,,,,,2,699880,,,9,1210449
2026-08-03,2026-08-04,12.2000,,,,,,,,,,,,,1,2500000,,,3,326723,,,,,,,2,599725,,,6,3426448
2026-08-03,2026-08-04,12.2300,,,,,,,,,,,,,,,8,465785,,,,,,,,,1,7035,,,9,472820
2026-08-03,2026-08-04,12.2400,,,,,,,,,,,,,,,,,1,1144000,,,,,,,,,,,1,1144000
2026-08-03,2026-08-04,12.2500,,,,,,,,,,,,,2,1295724,,,,,,,,,,,,,,,2,1295724
2026-08-03,2026-08-04,12.3000,,,,,,,,,,,,,,,,,,,,,,,,,,,1,200000,1,200000
2026-08-03,2026-08-04,12.3120,,,,,,,,,,,1,999920,,,,,,,,,,,,,,,,,1,999920
2026-08-03,2026-08-04,12.3500,,,,,,,,,,,1,240000,,,,,,,,,,,,,,,,,1,240000
2026-08-03,2026-08-04,12.3600,,,,,,,,,,,1,141099,,,,,,,,,,,,,,,,,1,141099
2026-08-04,2026-08-05,9.7300,,,,,,,,,,,,,1,219920,,,,,,,,,,,,,,,1,219920
2026-08-04,2026-08-05,9.9600,,,,,,,,,,,,,2,26643,,,,,,,,,,,,,,,2,26643
2026-08-04,2026-08-05,10.5000,,,,,,,,,,,,,108,32911,,,,,,,,,,,,,,,108,32911
2026-08-04,2026-08-05,10.7000,,,,,,,,,,,,,29,9278,,,,,,,,,,,,,,,29,9278
2026-08-04,2026-08-05,11.0000,,,,,,,,,,,,,1,9000,,,,,,,,,,,,,,,1,9000
2026-08-04,2026-08-05,11.4800,,,,,,,,,,,,,,,,,,,,,,,,,48,17369,,,48,17369
2026-08-04,2026-08-05,11.5000,,,,,,,48,21021,,,,,,,,,,,,,,,,,,,,,48,21021
2026-08-04,2026-08-05,11.6000,,,,,,,,,,,,,,,,,,,,,,,,,1,50350,,,1,50350
2026-08-04,2026-08-05,11.6800,,,,,,,,,,,,,,,,,330,1406770,,,,,9,14353,,,,,339,1421123
2026-08-04,2026-08-05,11.7300,,,,,,,,,,,,,,,,,1,24975,,,,,,,,,,,1,24975
2026-08-04,2026-08-05,11.7500,,,,,,,,,,,,,2,41860,,,,,,,,,,,,,,,2,41860
2026-08-04,2026-08-05,11.8000,,,,,,,,,,,1,3165,1,384560,,,,,,,,,,,,,,,2,387725
2026-08-04,2026-08-05,11.8700,,,,,,,,,,,,,,,1,0,,,,,,,,,,,,,1,0
2026-08-04,2026-08-05,11.8800,81,3112502,29,224231,10,2333,,,,,,,29,3782,424,1774577,2,12632,,,,,,,,,,,575,5130056
2026-08-04,2026-08-05,11.8900,,,,,,,,,,,,,,,2,1,,,,,,,,,,,,,2,1
2026-08-04,2026-08-05,11.9000,4,570022,,,,,3,2052981,,,1,17835,3,541955,1,0,,,,,,,,,1,29960,,,13,3212753
2026-08-04,2026-08-05,11.9200,1,499975,1,499915,,,,,,,,,,,,,,,,,,,,,,,,,2,999890
2026-08-04,2026-08-05,11.9210,1,1600000,,,,,,,,,,,,,,,,,,,,,,,,,,,1,1600000
2026-08-04,2026-08-05,11.9300,18,20270,1,99950,,,,,,,,,1,499975,,,,,,,,,,,,,,,20,620195
2026-08-04,2026-08-05,11.9400,,,,,,,,,,,,,,,,,,,,,,,,,1,1599905,,,1,1599905
2026-08-04,2026-08-05,11.9500,1,50433,3,463203,,,2,1999978,,,,,3,1927183,,,,,,,,,,,,,,,9,4440798
2026-08-04,2026-08-05,11.9800,1,31642,,,,,,,24,66948,1,200,,,,,1,999978,72,160064,,,,,,,,,99,1258831
2026-08-04,2026-08-05,12.0000,15,913295,3,439925,,,1,70000,,,1,49962,1,348545,3,2241592,7,2333234,,,,,,,,,,,31,6396553
2026-08-04,2026-08-05,12.0300,2,6793,,,,,,,,,,,,,,,,,,,,,,,,,,,2,6793
2026-08-04,2026-08-05,12.0350,2,99999970,,,,,,,,,,,,,,,,,,,,,,,,,,,2,99999970
2026-08-04,2026-08-05,12.0400,,,,,,,,,,,,,1,126,,,,,,,,,,,,,,,1,126
2026-08-04,2026-08-05,12.0500,,,,,,,,,,,,,,,3,201724,,,,,,,,,1,2655,,,4,204379
2026-08-04,2026-08-05,12.0645,,,,,,,,,,,,,1,7080747,,,,,,,,,,,,,,,1,7080747
2026-08-04,2026-08-05,12.0700,,,,,,,,,,,,,,,,,196,157374,,,,,,,,,,,196,157374
2026-08-04,2026-08-05,12.0800,,,333,30389,1,200,,,,,4,265980,551,2092808,10,957798,4,9924000,,,18,26452,,,2,1604191,499,7705122,1422,22606940
2026-08-04,2026-08-05,12.1000,,,1,199940,,,,,,,,,,,,,,,,,,,,,1,20895,,,2,220835
2026-08-04,2026-08-05,12.1300,,,,,,,,,,,,,25,7734,,,,,,,,,,,,,,,25,7734
2026-08-04,2026-08-05,12.1500,,,,,,,,,,,,,4,452,,,,,,,,,,,,,1,1012401,5,1012853
2026-08-04,2026-08-05,12.1700,,,1,6950,,,,,,,,,,,,,,,,,,,,,,,,,1,6950
2026-08-04,2026-08-05,12.1800,,,2,25604,,,,,,,,,6,12492,1,76000,,,,,,,,,1,800,,,10,114896
2026-08-04,2026-08-05,12.2000,,,,,,,,,1,1000000,,,,,,,,,,,,,,,,,,,1,1000000
2026-08-05,2026-08-06 al 2026-08-10,9.6300,,,,,,,,,,,,,1,24731,,,,,,,,,,,,,,,1,24731
2026-08-05,2026-08-06 al 2026-08-10,9.7300,,,,,,,,,,,,,5,169831,,,,,,,,,,,,,,,5,169831
2026-08-05,2026-08-06 al 2026-08-10,9.9600,,,,,,,,,,,,,1,9447,,,,,,,,,,,,,,,1,9447
2026-08-05,2026-08-06 al 2026-08-10,10.5000,,,,,,,,,,,,,79,22430,,,,,,,,,,,,,,,79,22430
2026-08-05,2026-08-06 al 2026-08-10,10.7500,,,,,,,,,,,,,1,1018,,,,,,,,,,,,,,,1,1018
2026-08-05,2026-08-06 al 2026-08-10,11.1300,,,,,,,,,,,,,1,49,,,,,,,,,,,,,,,1,49
2026-08-05,2026-08-06 al 2026-08-10,11.4000,,,,,,,59,35177,,,,,1,40000,,,,,,,,,,,,,,,60,75177
2026-08-05,2026-08-06 al 2026-08-10,11.4200,,,,,,,,,,,,,,,,,,,,,,,,,30,89011,,,30,89011
2026-08-05,2026-08-06 al 2026-08-10,11.4900,,,,,,,,,,,,,,,1,1,,,,,,,,,,,,,1,1
2026-08-05,2026-08-06 al 2026-08-10,11.5000,,,,,,,,,,,,,,,,,1,800000,,,,,,,5,31083,,,6,831083
2026-08-05,2026-08-06 al 2026-08-10,11.5200,,,,,,,,,,,,,,,266,580787,,,,,,,,,,,,,266,580787
2026-08-05,2026-08-06 al 2026-08-10,11.5400,,,,,,,,,,,,,1,107,1,0,,,,,,,,,,,,,2,108
2026-08-05,2026-08-06 al 2026-08-10,11.5500,,,,,,,,,,,,,,,1,0,,,,,,,,,,,,,1,0
2026-08-05,2026-08-06 al 2026-08-10,11.5900,,,,,,,,,,,,,,,1,135703,,,,,,,,,,,,,1,135703
2026-08-05,2026-08-06 al 2026-08-10,11.6000,,,,,,,,,,,,,,,,,,,,,,,,,2,91466,,,2,91466
2026-08-05,2026-08-06 al 2026-08-10,11.6200,,,,,,,,,,,,,,,1,100000,356,1633228,,,,,5,2714,,,,,362,1735942
2026-08-05,2026-08-06 al 2026-08-10,11.6800,,,,,,,,,,,,,,,,,,,,,,,,,1,9334,,,1,9334
2026-08-05,2026-08-06 al 2026-08-10,11.7000,,,1,405450,,,,,,,,,,,,,,,,,,,,,1,39980,,,2,445430
2026-08-05,2026-08-06 al 2026-08-10,11.7200,,,24,61896,,,,,,,,,,,,,1,42000,,,,,,,,,,,25,103896
2026-08-05,2026-08-06 al 2026-08-10,11.7500,3,8058,,,,,,,,,,,2,1103982,,,,,,,,,,,3,179709,,,8,1291749
2026-08-05,2026-08-06 al 2026-08-10,11.8000,,,5,967431,,,2,136940,,,1,30000,,,4,1349932,,,,,,,,,4,303620,,,16,2787923
2026-08-05,2026-08-06 al 2026-08-10,11.8200,79,1927474,,,20,13769,,,,,,,1,449975,,,1,20009,85,288044,,,,,,,,,186,2699271
2026-08-05,2026-08-06 al 2026-08-10,11.8300,1,1016300,,,,,,,,,,,,,,,,,,,,,,,,,,,1,1016300
2026-08-05,2026-08-06 al 2026-08-10,11.8400,3,619975,,,,,,,,,,,,,,,,,,,,,,,,,,,3,619975
2026-08-05,2026-08-06 al 2026-08-10,11.8500,18,15004106,,,,,1,499982,,,,,1,336929,,,,,,,,,,,,,,,20,15841017
2026-08-05,2026-08-06 al 2026-08-10,11.8550,,,,,,,,,,,,,,,1,254895,,,,,,,,,,,,,1,254895
2026-08-05,2026-08-06 al 2026-08-10,11.8600,2,799980,,,,,,,,,,,,,,,,,,,,,,,,,,,2,799980
2026-08-05,2026-08-06 al 2026-08-10,11.8620,,,,,,,,,,,,,,,1,269932,,,,,,,,,,,,,1,269932
2026-08-05,2026-08-06 al 2026-08-10,11.8650,1,99975,,,,,,,,,,,,,,,,,,,,,,,,,,,1,99975
2026-08-05,2026-08-06 al 2026-08-10,11.8700,3,2616549,,,,,,,,,,,,,,,,,,,,,,,,,,,3,2616549
2026-08-05,2026-08-06 al 2026-08-10,11.8750,2,699975,,,,,,,,,,,1,1518613,,,,,,,,,,,,,,,3,2218588
2026-08-05,2026-08-06 al 2026-08-10,11.8800,19,1953084,1,32072,,,,,,,,,,,3,1199847,1,75000,,,,,,,,,,,24,3260003
2026-08-05,2026-08-06 al 2026-08-10,11.8900,,,,,,,,,,,,,1,75,,,,,,,,,,,,,,,1,75
2026-08-05,2026-08-06 al 2026-08-10,11.9000,6,5268862,,,,,1,588512,,,1,70740,5,4999932,1,780000,,,,,,,,,,,,,14,11708046
2026-08-05,2026-08-06 al 2026-08-10,11.9200,5,1500,,,,,1,700000,22,8463,9,4233,,,1,4500,,,,,,,,,,,163,889618,201,1608314
2026-08-05,2026-08-06 al 2026-08-10,11.9500,,,,,,,,,,,,,3,2811232,,,,,,,,,,,,,,,3,2811232
2026-08-05,2026-08-06 al 2026-08-10,12.0000,14,285535,1,150000,,,,,,,,,,,,,1,249975,,,,,,,,,,,16,685510
2026-08-05,2026-08-06 al 2026-08-10,12.0100,,,,,,,,,,,,,,,,,191,191301,,,,,,,,,,,191,191301
2026-08-05,2026-08-06 al 2026-08-10,12.0200,3,22,377,33900,,,,,,,5,92,54,1599446,3,1500000,1,771000,,,12,58829,,,,,,,455,3963289
2026-08-05,2026-08-06 al 2026-08-10,12.0500,,,,,,,,,1,155000,,,,,,,,,,,,,,,,,,,1,155000
2026-08-05,2026-08-06 al 2026-08-10,12.0800,,,,,,,,,1,50000,,,21,11366,,,,,,,,,,,,,,,22,61366
2026-08-05,2026-08-06 al 2026-08-10,12.1200,,,,,,,,,,,,,6,424,2,532000,1,257500,,,,,,,2,299600,,,11,1089524
2026-08-05,2026-08-06 al 2026-08-10,12.1300,,,,,,,,,,,,,10,7550,,,,,,,,,,,,,,,10,7550
2026-08-05,2026-08-06 al 2026-08-10,12.1500,,,,,,,,,,,,,1,123,,,,,,,,,,,1,99856,,,2,99979
2026-08-05,2026-08-06 al 2026-08-10,12.1799,,,,,,,,,,,,,1,253,,,,,,,,,,,,,,,1,253
2026-08-10,2026-08-11,9.6300,,,,,,,,,,,,,2,31200,,,,,,,,,,,,,,,2,31200
2026-08-10,2026-08-11,9.7300,,,,,,,,,,,,,3,163254,,,,,,,,,,,,,,,3,163254
2026-08-10,2026-08-11,9.9600,,,,,,,,,,,,,1,9530,,,,,,,,,,,,,,,1,9530
2026-08-10,2026-08-11,10.0000,,,,,,,,,,,1,10,,,,,,,,,,,,,,,,,1,10
2026-08-10,2026-08-11,10.2000,,,,,,,,,,,,,105,33220,,,,,,,,,,,,,,,105,33220
2026-08-10,2026-08-11,11.0000,,,,,,,,,,,3,900,,,,,,,,,,,,,,,,,3,900
2026-08-10,2026-08-11,11.1000,,,,,,,63,48413,,,,,,,,,,,,,,,,,,,,,63,48413
2026-08-10,2026-08-11,11.2000,,,1,25000,,,,,,,,,,,,,,,,,,,,,,,,,1,25000
2026-08-10,2026-08-11,11.2500,,,,,,,,,,,,,,,,,,,,,,,,,3,25789,,,3,25789
2026-08-10,2026-08-11,11.2600,,,,,,,,,,,,,,,,,,,,,,,,,1,100000,,,1,100000
2026-08-10,2026-08-11,11.2700,,,,,,,,,,,,,,,,,,,,,,,,,57,66634,,,57,66634
2026-08-10,2026-08-11,11.3000,,,,,,,,,,,,,,,,,,,,,,,,,1,122390,,,1,122390
2026-08-10,2026-08-11,11.3600,,,,,20,1691,,,,,,,,,198,65042,,,,,,,,,,,95,248374,313,315107
2026-08-10,2026-08-11,11.3700,,,,,,,,,,,,,,,1,0,,,,,,,,,,,,,1,0
2026-08-10,2026-08-11,11.4000,,,,,,,,,,,,,,,,,,,,,,,,,7,5443,,,7,5443
2026-08-10,2026-08-11,11.4400,,,,,,,,,,,,,,,,,,,,,,,,,1,119100,,,1,119100
2026-08-10,2026-08-11,11.4600,,,14,104074,,,,,,,,,,,,,357,1106529,,,,,4,3316,,,,,375,1213919
2026-08-10,2026-08-11,11.4700,,,,,,,,,,,,,,,,,1,12458,,,,,,,,,,,1,12458
2026-08-10,2026-08-11,11.5000,,,5,145788,,,,,,,,,1,44000,,,,,,,,,,,,,,,6,189788
2026-08-10,2026-08-11,11.5400,,,1,17877,,,,,,,,,,,,,,,,,,,,,,,,,1,17877
2026-08-10,2026-08-11,11.5450,,,,,,,,,,,,,,,1,100000,,,,,,,,,,,,,1,100000
2026-08-10,2026-08-11,11.5600,,,,,,,,,,,,,,,2,294720,,,,,,,,,,,,,2,294720
2026-08-10,2026-08-11,11.5700,,,1,46651,,,,,,,,,,,,,,,,,,,,,,,,,1,46651
2026-08-10,2026-08-11,11.6000,,,2,799940,,,,,,,,,,,1,360932,,,,,,,,,,,,,3,1160872
2026-08-10,2026-08-11,11.6500,,,1,229940,,,,,,,1,13871,,,3,270736,,,,,,,,,,,,,5,514547
2026-08-10,2026-08-11,11.6600,58,2301413,,,,,,,,,,,,,,,1,21775,97,349500,,,,,,,,,156,2672687
2026-08-10,2026-08-11,11.6800,,,,,,,,,,,,,,,,,1,151,,,,,,,,,,,1,151
2026-08-10,2026-08-11,11.7000,7,2436885,,,,,,,,,,,2,218262,,,,,,,,,,,1,299810,,,10,2954957
2026-08-10,2026-08-11,11.7100,1,30000,,,,,,,,,,,,,,,,,,,,,,,,,,,1,30000
2026-08-10,2026-08-11,11.7200,1,26715,,,,,,,,,,,,,,,,,,,,,,,,,,,1,26715
2026-08-10,2026-08-11,11.7300,1,24000,,,,,,,,,,,,,,,,,,,,,,,,,,,1,24000
2026-08-10,2026-08-11,11.7500,16,2341569,,,,,,,,,,,5,5549982,1,478000,,,,,,,,,,,,,22,8369551
2026-08-10,2026-08-11,11.7600,18,2154255,3,62130,,,,,18,347302,2,98,,,,,1,112487,,,,,,,,,,,42,2676271
2026-08-10,2026-08-11,11.7700,1,119975,,,,,,,,,,,,,,,,,,,,,,,1,15818,,,2,135793
2026-08-10,2026-08-11,11.7800,2,699940,,,,,,,,,,,1,264566,,,,,,,,,,,,,,,3,964506
2026-08-10,2026-08-11,11.7900,,,,,,,,,,,,,,,1,6224276,,,,,,,,,,,,,1,6224276
2026-08-10,2026-08-11,11.7950,,,,,,,,,,,,,,,,,1,119975,,,,,,,,,,,1,119975
2026-08-10,2026-08-11,11.8000,10,4253336,2,698629,,,,,,,,,2,365982,2,700000,,,,,,,,,1,400000,,,17,6417947
2026-08-10,2026-08-11,11.8100,2,4000000,,,,,,,,,,,,,,,,,,,,,,,,,,,2,4000000
2026-08-10,2026-08-11,11.8200,2,1000035,,,,,,,,,,,4,2391223,,,,,,,,,,,,,,,6,3391259
2026-08-10,2026-08-11,11.8300,,,,,,,,,,,,,1,2000000,,,,,,,,,,,,,,,1,2000000
2026-08-10,2026-08-11,11.8500,1,363948,,,,,,,,,,,2,6000000,,,165,59876,,,,,,,,,,,168,6423823
2026-08-10,2026-08-11,11.8600,,,455,74396,2,9825,,,,,4,15188,129,1509727,7,600002,4,1300003,,,15,47533,,,,,,,616,3556673
2026-08-10,2026-08-11,11.8800,,,,,,,,,,,,,2,6199856,1,350000,,,,,,,,,,,,,3,6549856
2026-08-10,2026-08-11,11.9000,,,,,,,,,,,,,1,499975,,,,,,,,,,,,,,,1,499975
2026-08-10,2026-08-11,11.9600,,,1,31200,,,,,,,,,3,603,2,9795,,,,,,,,,,,,,6,41598
2026-08-10,2026-08-11,11.9900,,,,,,,,,,,,,,,,,2,6150,,,,,,,,,,,2,6150
2026-08-10,2026-08-11,12.0000,,,,,,,,,,,,,1,1000000,,,,,,,,,,,,,,,1,1000000
2026-08-10,2026-08-11,12.0200,,,,,,,,,,,,,8,4286,,,,,,,,,,,,,,,8,4286
2026-08-10,2026-08-11,12.0800,,,,,,,,,,,,,4,1552,,,,,,,,,,,,,1,37,5,1589
2026-08-10,2026-08-11,12.1300,,,,,,,,,,,,,1,308,,,,,,,,,,,,,,,1,308
2026-08-11,2026-08-12,9.6300,,,,,,,,,,,,,1,17280,,,,,,,,,,,,,,,1,17280
2026-08-11,2026-08-12,9.7300,,,,,,,,,,,,,1,120453,,,,,,,,,,,,,,,1,120453
2026-08-11,2026-08-12,9.9600,,,,,,,,,,,,,1,17429,,,,,,,,,,,,,,,1,17429
2026-08-11,2026-08-12,10.0000,,,,,,,,,,,,,90,22160,,,,,,,,,,,,,,,90,22160
2026-08-11,2026-08-12,10.5000,,,,,,,,,,,,,,,,,,,,,,,,,,,61,510473,61,510473
2026-08-11,2026-08-12,11.0200,,,,,,,,,,,,,,,,,135,205406,,,,,,,,,,,135,205406
2026-08-11,2026-08-12,11.1200,,,,,,,,,,,,,,,,,1,30000,,,,,,,,,,,1,30000
2026-08-11,2026-08-12,11.1800,,,,,,,,,,,,,,,,,,,,,,,,,27,15172,,,27,15172
2026-08-11,2026-08-12,11.2000,,,,,,,63,31075,,,,,,,,,1,531,,,,,,,,,,,64,31606
2026-08-11,2026-08-12,11.2700,,,,,3,580,,,,,,,,,206,329611,11,20122,,,,,,,,,,,220,350313
2026-08-11,2026-08-12,11.2800,,,,,,,,,,,,,,,1,0,,,,,,,,,,,,,1,0
2026-08-11,2026-08-12,11.3000,,,,,,,,,,,,,,,,,1,61947,,,,,,,,,,,1,61947
2026-08-11,2026-08-12,11.3500,,,,,,,,,,,,,,,,,,,,,,,,,1,16833,,,1,16833
2026-08-11,2026-08-12,11.3700,,,24,103285,,,,,,,,,,,,,2,46051,,,,,1,200,,,,,27,149536
2026-08-11,2026-08-12,11.4500,,,1,8712,,,,,,,,,,,1,183643,,,,,,,,,,,,,2,192355
2026-08-11,2026-08-12,11.5000,,,3,103682,,,2,4100,,,,,1,44804,,,2,300000,,,,,,,2,399855,1,154842,11,1007283
2026-08-11,2026-08-12,11.5400,,,,,,,,,,,,,1,70,,,,,,,,,,,,,,,1,70
2026-08-11,2026-08-12,11.5600,,,2,48331,,,,,,,,,,,,,,,,,,,,,,,,,2,48331
2026-08-11,2026-08-12,11.5700,69,86752,,,,,,,,,,,,,,,1,57000,98,409921,,,,,,,,,168,553673
2026-08-11,2026-08-12,11.5800,,,,,,,,,,,,,,,,,,,,,,,,,1,149905,,,1,149905
2026-08-11,2026-08-12,11.6000,,,1,643000,,,2,509000,,,3,147535,,,4,189735,,,,,,,,,4,35229,,,14,1524499
2026-08-11,2026-08-12,11.6200,,,,,,,,,,,,,1,1000000,,,,,,,,,,,,,,,1,1000000
2026-08-11,2026-08-12,11.6500,,,,,,,,,,,,,4,500000,,,,,,,,,,,,,,,4,500000
2026-08-11,2026-08-12,11.6600,35,90389,,,,,,,,,,,,,,,,,,,,,,,,,,,35,90389
2026-08-11,2026-08-12,11.6700,10,119309,,,,,,,18,609139,4,723,1,499980,,,,,,,,,,,,,,,33,1229151
2026-08-11,2026-08-12,11.6800,1,40950,,,,,,,,,,,,,,,,,,,,,,,,,,,1,40950
2026-08-11,2026-08-12,11.6900,1,26646,,,,,,,,,,,,,,,,,,,,,,,,,,,1,26646
2026-08-11,2026-08-12,11.7000,6,1662274,,,,,,,,,,,4,2241607,,,,,,,,,,,,,,,10,3903881
2026-08-11,2026-08-12,11.7100,2,899950,,,,,,,,,,,,,,,,,,,,,,,,,,,2,899950
2026-08-11,2026-08-12,11.7200,2,338411,,,,,,,,,,,1,134260,,,,,,,,,,,,,,,3,472671
2026-08-11,2026-08-12,11.7250,2,58699980,,,,,,,,,,,,,,,,,,,,,,,,,,,2,58699980
2026-08-11,2026-08-12,11.7300,2,250000,,,,,,,,,,,,,,,,,,,,,,,,,,,2,250000
2026-08-11,2026-08-12,11.7400,1,99983,,,,,,,,,,,1,1999975,,,,,,,,,,,,,,,2,2099958
2026-08-11,2026-08-12,11.7500,30,6418282,1,6002,,,,,,,,,5,2499950,,,,,,,,,,,,,,,36,8924234
2026-08-11,2026-08-12,11.7600,4,634201,,,,,,,,,,,2,1515460,,,136,188878,,,,,,,,,,,142,2338539
2026-08-11,2026-08-12,11.7700,4,200003,,,,,,,,,1,170,38,1209197,8,430697,1,236,,,8,8301,,,2,3499810,,,62,5348415
2026-08-11,2026-08-12,11.8000,,,,,,,,,1,299985,,,,,,,,,,,,,,,,,,,1,299985
2026-08-11,2026-08-12,11.8050,,,,,,,,,,,,,,,,,,,,,,,,,2,1549810,,,2,1549810
2026-08-11,2026-08-12,11.8200,1,2832230,,,,,,,,,,,,,,,,,,,,,,,,,,,1,2832230
2026-08-11,2026-08-12,11.8600,,,324,36018,,,1,174440,,,,,13,21987,,,,,,,,,,,,,,,338,232445
2026-08-11,2026-08-12,11.8700,,,2,73915,,,,,,,,,8,9,,,,,,,,,,,5,240455,,,15,314379
2026-08-11,2026-08-12,11.9000,11,56759,,,,,,,,,,,,,,,,,,,,,,,,,,,11,56759
2026-08-11,2026-08-12,12.0000,12,114622,,,,,,,,,,,,,,,,,,,,,,,,,,,12,114622
2026-08-11,2026-08-12,12.0200,,,,,,,,,,,,,3,208,,,,,,,,,,,,,,,3,208
2026-08-11,2026-08-12,12.1200,,,1,5000,,,,,,,,,,,,,,,,,,,,,,,,,1,5000
2026-08-11,2026-08-12,12.1300,,,,,,,,,,,,,2,493,,,,,,,,,,,,,,,2,493
2026-08-11,2026-08-12,12.3900,,,1,200,,,,,,,,,,,,,,,,,,,,,,,,,1,200
2026-08-12,2026-08-13,9.6300,,,,,,,,,,,,,1,17276,,,,,,,,,,,,,,,1,17276
2026-08-12,2026-08-13,9.7300,,,,,,,,,,,,,2,116243,,,,,,,,,,,,,,,2,116243
2026-08-12,2026-08-13,9.9600,,,,,,,,,,,,,1,10122,,,,,,,,,,,,,,,1,10122
2026-08-12,2026-08-13,10.0000,,,,,,,,,,,,,103,168209,,,,,,,,,,,,,,,103,168209
2026-08-12,2026-08-13,10.5000,,,,,,,,,,,,,,,,,,,,,,,,,,,26,41104,26,41104
2026-08-12,2026-08-13,10.9600,,,,,,,,,,,,,,,,,115,340105,,,,,,,,,,,115,340105
2026-08-12,2026-08-13,11.0000,,,,,,,,,,,1,20,,,,,1,1419,,,,,,,,,,,2,1439
2026-08-12,2026-08-13,11.1200,,,,,,,,,,,,,,,,,,,,,,,,,25,9968,,,25,9968
2026-08-12,2026-08-13,11.2000,,,,,,,,,,,,,,,,,1,1386,,,,,,,,,,,1,1386
2026-08-12,2026-08-13,11.2100,,,,,2,1350,,,,,,,,,138,128526,4,30280,,,,,,,,,,,144,160156
2026-08-12,2026-08-13,11.2200,,,,,,,,,,,,,,,2,1,,,,,,,,,,,,,2,1
2026-08-12,2026-08-13,11.2500,,,,,,,,,,,,,,,2,0,1,14075,,,,,,,,,,,3,14075
2026-08-12,2026-08-13,11.3000,,,,,,,,,,,,,1,10000,,,,,,,,,,,,,,,1,10000
2026-08-12,2026-08-13,11.3100,,,18,70024,,,,,,,,,,,,,1,800,,,2,5000,,,,,,,21,75824
2026-08-12,2026-08-13,11.3500,,,,,,,,,,,,,,,,,,,,,,,,,1,25000,,,1,25000
2026-08-12,2026-08-13,11.3600,,,,,,,,,,,,,,,,,,,,,,,,,,,4,10077,4,10077
2026-08-12,2026-08-13,11.4000,,,,,,,70,121250,,,1,10000,,,,,,,,,,,,,,,,,71,131250
2026-08-12,2026-08-13,11.4100,,,,,,,,,,,,,,,1,21510,,,69,271193,,,,,,,,,70,292703
2026-08-12,2026-08-13,11.4500,,,3,26790,,,1,100000,,,,,,,,,,,,,,,,,,,,,4,126790
2026-08-12,2026-08-13,11.5000,,,4,432620,,,1,10000,,,2,290545,,,,,1,73807,,,,,,,2,30455,,,10,837426
2026-08-12,2026-08-13,11.5100,42,122136,,,,,,,,,,,,,,,2,88945,,,,,,,,,,,44,211081
2026-08-12,2026-08-13,11.5400,,,,,,,,,,,1,1500000,,,,,,,,,,,,,,,,,1,1500000
2026-08-12,2026-08-13,11.5500,2,7580,,,,,1,299990,,,,,,,,,,,,,,,,,,,,,3,307570
2026-08-12,2026-08-13,11.5600,1,17213,,,,,,,,,,,,,,,,,,,,,,,,,,,1,17213
2026-08-12,2026-08-13,11.5800,,,,,,,,,,,,,,,1,212920,,,,,,,,,,,,,1,212920
2026-08-12,2026-08-13,11.6000,3,115053,2,299965,,,,,,,,,1,53209,1,315000,,,,,,,,,2,414728,,,9,1197955
2026-08-12,2026-08-13,11.6100,8,74441,,,,,,,12,54088,5,5039,,,,,,,,,,,,,,,,,25,133568
2026-08-12,2026-08-13,11.6200,1,20000,,,,,,,,,,,,,,,,,,,,,,,,,,,1,20000
2026-08-12,2026-08-13,11.6500,18,738262,1,860011,,,,,,,,,1,45820,,,2,2405572,,,,,,,,,,,22,4049665
2026-08-12,2026-08-13,11.6600,,,,,,,,,,,,,1,318982,,,,,,,,,,,,,,,1,318982
2026-08-12,2026-08-13,11.6700,1,500000,,,,,,,1,90000,,,,,,,1,4493,,,,,,,,,,,3,594493
2026-08-12,2026-08-13,11.6800,,,,,,,,,,,,,3,2225938,1,600000,,,,,,,,,,,,,4,2825938
2026-08-12,2026-08-13,11.6850,1,466581,,,,,,,,,,,,,,,,,,,,,,,,,,,1,466581
2026-08-12,2026-08-13,11.6900,2,694765,,,,,,,,,,,,,,,,,,,,,,,,,,,2,694765
2026-08-12,2026-08-13,11.6950,,,,,,,,,,,,,1,2017557,,,,,,,,,,,,,,,1,2017557
2026-08-12,2026-08-13,11.7000,13,8366913,3,3641469,,,,,,,,,1,174524,,,137,102878,,,,,,,,,,,154,12285782
2026-08-12,2026-08-13,11.7100,3,500080,333,32135,,,,,,,7,2863,90,1205503,3,741197,4,359,,,6,3462,,,1,32765,,,447,2518365
2026-08-12,2026-08-13,11.7300,1,500000,,,,,,,,,,,1,999880,,,,,,,,,,,,,,,2,1499880
2026-08-12,2026-08-13,11.7400,,,,,,,,,1,43524,,,,,,,2,17861,,,,,,,,,,,3,61385
2026-08-12,2026-08-13,11.7500,14,163908,,,,,,,,,,,,,,,,,,,,,,,1,134224,,,15,298132
2026-08-12,2026-08-13,11.7510,,,,,,,,,,,,,2,1000000,,,,,,,,,,,,,,,2,1000000
2026-08-12,2026-08-13,11.7550,,,,,,,,,,,,,,,2,3000000,,,,,,,,,,,,,2,3000000
2026-08-12,2026-08-13,11.7700,,,,,,,,,,,,,38,13004,,,,,,,,,,,,,,,38,13004
2026-08-12,2026-08-13,11.8100,,,1,43000,,,,,,,1,663403,3,4,2,28950,,,,,,,,,,,,,7,735357
2026-08-12,2026-08-13,11.8400,,,3,4400,,,,,,,,,,,,,,,,,,,,,,,,,3,4400
2026-08-12,2026-08-13,11.8600,,,,,,,,,,,,,21,5119,,,,,,,,,,,,,,,21,5119
2026-08-12,2026-08-13,11.8700,,,,,,,,,,,,,,,,,1,825,,,,,,,,,,,1,825
2026-08-12,2026-08-13,11.9000,7,11272,,,,,,,,,,,,,,,,,,,,,,,,,,,7,11272
2026-08-12,2026-08-13,11.9600,,,1,500000,,,,,,,,,,,,,,,,,,,,,,,,,1,500000
2026-08-12,2026-08-13,11.9634,,,,,,,,,,,,,1,16,,,,,,,,,,,,,,,1,16
2026-08-12,2026-08-13,12.0000,9,19922,,,,,,,,,,,,,,,,,,,,,,,,,,,9,19922
2026-08-12,2026-08-13,12.0200,,,,,,,,,,,,,1,42,,,,,,,,,,,,,,,1,42
2026-08-12,2026-08-13,12.0800,,,,,,,,,,,,,2,441,,,,,,,,,,,,,,,2,441
2026-08-12,2026-08-13,12.1500,,,,,,,,,,,,,1,465,,,,,,,,,,,,,,,1,465
2026-08-13,2026-08-14,9.6300,,,,,,,,,,,,,1,13760,,,,,,,,,,,,,,,1,13760
2026-08-13,2026-08-14,9.7300,,,,,,,,,,,,,1,75995,,,,,,,,,,,,,,,1,75995
2026-08-13,2026-08-14,9.8600,,,1,6885,,,,,,,,,,,,,,,,,,,,,,,,,1,6885
2026-08-13,2026-08-14,9.9600,,,,,,,,,,,,,1,4231,,,,,,,,,,,,,,,1,4231
2026-08-13,2026-08-14,10.0000,,,,,,,,,,,,,78,41234,,,,,,,,,,,,,,,78,41234
2026-08-13,2026-08-14,10.1600,,,,,,,,,,,,,,,,,,,,,,,,,,,28,18225,28,18225
2026-08-13,2026-08-14,10.9100,,,,,,,,,,,,,,,,,194,244357,,,,,,,,,,,194,244357
2026-08-13,2026-08-14,11.0000,,,,,,,,,,,,,2,699,,,,,,,,,,,,,,,2,699
2026-08-13,2026-08-14,11.0800,,,,,,,,,,,,,,,,,,,,,,,,,31,33351,,,31,33351
2026-08-13,2026-08-14,11.1600,,,,,4,788,,,,,,,,,40,26536,8,5970,,,,,,,,,,,52,33294
2026-08-13,2026-08-14,11.1700,,,,,,,,,,,,,,,1,0,,,,,,,,,,,,,1,0
2026-08-13,2026-08-14,11.2000,,,,,,,,,,,,,,,,,1,985,,,,,,,,,,,1,985
2026-08-13,2026-08-14,11.2600,,,19,51439,,,,,,,,,,,,,,,,,1,4300,2,1500,,,,,22,57239
2026-08-13,2026-08-14,11.3500,3,1942,,,,,,,,,,,,,,,,,,,,,,,,,,,3,1942
2026-08-13,2026-08-14,11.3600,2,500000,,,,,,,,,,,,,,,,,43,177954,,,,,,,,,45,677954
2026-08-13,2026-08-14,11.4000,,,1,29987,,,75,585578,,,,,,,,,,,,,,,,,,,,,76,615565
2026-08-13,2026-08-14,11.4200,,,,,,,2,206000,,,,,,,,,,,,,,,,,,,,,2,206000
2026-08-13,2026-08-14,11.4300,,,,,,,2,140000,,,,,,,,,,,,,,,,,,,,,2,140000
2026-08-13,2026-08-14,11.4500,,,,,,,3,133000,,,,,,,,,,,,,,,,,,,,,3,133000
2026-08-13,2026-08-14,11.4600,38,93557,232,29154,,,,,,,,,,,,,,,,,,,,,,,,,270,122711
2026-08-13,2026-08-14,11.5000,,,2,704890,,,5,79577,,,1,50000,1,78982,,,,,,,,,,,,,,,9,913449
2026-08-13,2026-08-14,11.5050,,,,,,,,,,,,,,,2,103396,,,,,,,,,,,,,2,103396
2026-08-13,2026-08-14,11.5100,2,4422,,,,,,,,,,,,,2,167932,,,,,1,2100,,,,,,,5,174454
2026-08-13,2026-08-14,11.5300,,,,,,,,,,,1,50965,,,,,,,,,,,,,,,,,1,50965
2026-08-13,2026-08-14,11.5500,8,14459,,,1,145000,,,,,1,100000,,,4,1217146,,,,,,,,,2,18105,,,16,1494710
2026-08-13,2026-08-14,11.5600,9,67018,,,,,,,14,12182,6,4279,,,,,,,,,,,,,,,,,29,83479
2026-08-13,2026-08-14,11.5800,,,1,89557,,,,,,,,,,,,,,,,,,,,,1,167124,,,2,256681
2026-08-13,2026-08-14,11.6000,7,235970,,,,,,,1,50000,,,,,2,97030,1,865530,,,,,,,1,2999880,,,12,4248410
2026-08-13,2026-08-14,11.6100,,,,,,,,,,,,,1,2451208,,,,,,,,,,,,,,,1,2451208
2026-08-13,2026-08-14,11.6200,,,,,,,,,,,,,,,,,1,500000,,,,,,,,,,,1,500000
2026-08-13,2026-08-14,11.6300,3,741808,,,,,,,,,,,4,1725600,,,,,,,,,,,,,,,7,2467408
2026-08-13,2026-08-14,11.6400,4,1071729,,,,,,,,,,,,,1,499932,,,,,,,,,,,,,5,1571661
2026-08-13,2026-08-14,11.6500,16,1263909,,,,,,,,,,,,,1,600000,19,251436,,,,,,,,,,,36,2115344
2026-08-13,2026-08-14,11.6600,14,4539378,6,2863397,,,,,,,6,7003,50,974426,127,4425997,1,1000000,,,4,7001,,,,,,,208,13817202
2026-08-13,2026-08-14,11.6650,4,3049925,,,,,,,,,,,,,,,,,,,,,,,,,,,4,3049925
2026-08-13,2026-08-14,11.6700,,,,,,,,,1,15000,,,,,,,,,,,,,,,,,,,1,15000
2026-08-13,2026-08-14,11.6800,1,1044436,,,,,,,,,,,1,399975,,,,,,,,,,,,,,,2,1444411
2026-08-13,2026-08-14,11.6950,,,,,,,,,,,,,,,1,259940,,,,,,,,,,,,,1,259940
2026-08-13,2026-08-14,11.6960,,,,,,,,,,,,,,,1,3000000,,,,,,,,,,,,,1,3000000
2026-08-13,2026-08-14,11.7000,,,1,1000000,,,,,,,,,,,,,,,,,,,,,,,,,1,1000000
2026-08-13,2026-08-14,11.7100,,,,,,,,,,,,,18,6159,,,,,,,,,,,,,,,18,6159
2026-08-13,2026-08-14,11.7400,,,,,,,,,,,,,,,,,1,3483,,,,,,,,,,,1,3483
2026-08-13,2026-08-14,11.7500,8,115057,,,,,,,,,,,,,,,,,,,,,,,,,,,8,115057
2026-08-13,2026-08-14,11.7600,,,,,,,,,,,,,5,3,2,423200,,,,,,,,,1,63230,,,8,486433
2026-08-13,2026-08-14,11.7700,,,,,,,,,,,,,6,2502,,,,,,,,,,,,,,,6,2502
2026-08-13,2026-08-14,11.7900,,,1,5000,,,,,,,,,,,,,,,,,,,,,,,,,1,5000
2026-08-13,2026-08-14,11.8600,,,,,,,,,,,,,11,6002,,,,,,,,,,,,,,,11,6002
2026-08-13,2026-08-14,11.9000,4,13638,,,,,,,,,,,,,,,,,,,,,,,,,,,4,13638
2026-08-13,2026-08-14,11.9900,,,1,712,,,,,,,,,,,,,,,,,,,,,,,,,1,712
2026-08-13,2026-08-14,12.0000,5,13048,,,,,,,,,,,,,,,,,,,,,,,,,,,5,13048
2026-08-13,2026-08-14,12.0100,,,,,,,,,,,,,1,250,,,,,,,,,,,,,,,1,250
2026-08-13,2026-08-14,12.1300,,,,,,,,,,,,,3,708,,,,,,,,,,,,,,,3,708
2026-08-14,2026-08-17,9.6300,,,,,,,,,,,,,1,7531,,,,,,,,,,,,,,,1,7531
2026-08-14,2026-08-17,9.7300,,,,,,,,,,,,,2,28389,,,,,,,,,,,,,,,2,28389
2026-08-14,2026-08-17,9.9600,,,,,,,,,,,,,1,7208,,,,,,,,,,,,,,,1,7208
2026-08-14,2026-08-17,10.0000,,,,,,,,,,,2,103,83,17665,,,,,,,,,,,,,,,85,17768
2026-08-14,2026-08-17,10.5000,,,,,,,,,,,,,,,,,,,,,,,,,,,24,10019,24,10019
2026-08-14,2026-08-17,10.5500,,,,,,,,,,,,,,,,,1,1290,,,,,,,,,,,1,1290
2026-08-14,2026-08-17,11.0400,,,,,,,,,,,,,,,,,,,,,,,,,24,3621,,,24,3621
2026-08-14,2026-08-17,11.1200,,,,,8,355,,,,,,,,,145,128091,220,287711,,,,,,,,,,,373,416158
2026-08-14,2026-08-17,11.1300,,,,,,,,,,,,,,,1,0,,,,,,,,,,,,,1,0
2026-08-14,2026-08-17,11.2000,,,,,,,,,,,,,,,1,0,,,,,,,,,,,,,1,0
2026-08-14,2026-08-17,11.2200,,,,,,,,,,,,,,,,,,,,,,,1,1,,,,,1,1
2026-08-14,2026-08-17,11.3000,,,,,,,29,13280,,,,,,,1,18368,,,,,,,,,,,,,30,31648
2026-08-14,2026-08-17,11.3200,,,,,,,,,,,,,,,2,48160,,,24,50458,,,,,,,,,26,98618
2026-08-14,2026-08-17,11.3500,3,810,,,1,8000,,,,,,,,,,,,,,,,,,,,,,,4,8810
2026-08-14,2026-08-17,11.4000,,,,,,,24,123969,,,2,46015,,,,,,,,,,,,,1,139143,,,27,309127
2026-08-14,2026-08-17,11.4200,38,61756,306,31099,,,,,26,81465,,,,,1,3850,3,101534,,,,,,,,,,,374,279703
2026-08-14,2026-08-17,11.4500,,,1,29950,,,,,,,,,,,,,,,,,,,,,,,,,1,29950
2026-08-14,2026-08-17,11.4600,1,2058,,,,,,,,,,,,,,,,,,,,,,,,,,,1,2058
2026-08-14,2026-08-17,11.4700,,,,,,,,,,,,,,,2,139707,,,,,,,,,1,60008,,,3,199716
2026-08-14,2026-08-17,11.4900,2,82363,,,,,,,,,,,,,,,,,,,,,,,,,,,2,82363
2026-08-14,2026-08-17,11.5000,3,171303,,,1,23220,,,,,1,40000,,,1,39955,,,,,,,,,4,51695,,,10,326173
2026-08-14,2026-08-17,11.5200,14,92833,,,,,,,,,6,4844,,,,,1,264985,,,,,,,,,,,21,362661
2026-08-14,2026-08-17,11.5500,18,9187492,2,699950,,,1,645000,,,,,,,,,,,,,,,,,,,,,21,10532442
2026-08-14,2026-08-17,11.5700,,,,,,,,,,,,,4,1254190,1,244888,,,,,,,,,,,,,5,1499078
2026-08-14,2026-08-17,11.5800,1,35000,,,,,,,,,,,1,4085671,,,,,,,,,,,,,,,2,4120671
2026-08-14,2026-08-17,11.5900,,,,,,,,,,,,,3,1690172,,,,,,,,,,,,,,,3,1690172
2026-08-14,2026-08-17,11.5950,,,,,,,,,,,,,1,1000000,,,,,,,,,,,,,,,1,1000000
2026-08-14,2026-08-17,11.6000,4,977065,3,609990,,,,,,,1,150000,1,46429,,,,,,,,,,,,,,,9,1783484
2026-08-14,2026-08-17,11.6010,,,,,,,,,,,,,,,8,1394131,,,,,,,,,,,,,8,1394131
2026-08-14,2026-08-17,11.6100,1,571705,,,,,,,,,,,,,1,499935,23,2391,,,,,,,,,,,25,1074030
2026-08-14,2026-08-17,11.6200,3,1499975,,,1,500,,,,,4,218,45,1021974,7,3007500,,,,,,,,,1,40000,,,61,5570167
2026-08-14,2026-08-17,11.6350,,,,,,,,,,,,,1,2000000,,,,,,,,,,,,,,,1,2000000
2026-08-14,2026-08-17,11.6500,9,42450,4,1519598,,,,,1,1000000,,,,,,,1,499980,,,,,,,,,,,15,3062028
2026-08-14,2026-08-17,11.6600,,,,,,,,,,,,,20,7314,,,,,,,,,,,,,,,20,7314
2026-08-14,2026-08-17,11.6900,,,,,,,,,,,,,,,,,2,1875,,,,,,,,,,,2,1875
2026-08-14,2026-08-17,11.7100,,,,,,,,,,,,,3,739,,,,,,,,,,,,,,,3,739
2026-08-14,2026-08-17,11.7200,,,1,150000,,,,,1,4987,,,1,1,,,,,,,,,,,1,76000,1,49935,5,280923
2026-08-14,2026-08-17,11.7500,12,67573,,,,,,,,,,,,,,,,,,,,,,,,,,,12,67573
2026-08-14,2026-08-17,11.8600,,,,,,,,,,,,,3,351,,,,,,,,,,,,,,,3,351
2026-08-14,2026-08-17,11.9000,5,3119,,,,,,,,,,,,,,,,,,,,,,,,,,,5,3119
2026-08-14,2026-08-17,12.0000,9,5166,,,,,,,,,,,,,,,,,,,,,,,,,,,9,5166
2026-08-17,2026-08-18,9.6300,,,,,,,,,,,,,1,16674,,,,,,,,,,,,,,,1,16674
2026-08-17,2026-08-18,9.7300,,,,,,,,,,,,,1,60247,,,,,,,,,,,,,,,1,60247
2026-08-17,2026-08-18,9.9600,,,,,,,,,,,,,1,12888,,,,,,,,,,,,,,,1,12888
2026-08-17,2026-08-18,10.0000,,,,,,,,,,,,,75,22534,,,,,,,,,,,,,,,75,22534
2026-08-17,2026-08-18,10.1600,,,,,,,,,,,,,,,,,,,,,,,,,,,1,16,1,16
2026-08-17,2026-08-18,10.5000,,,,,,,,,,,,,,,,,,,,,,,,,,,27,58735,27,58735
2026-08-17,2026-08-18,10.7000,,,,,,,,,,,,,1,7237,,,,,,,,,,,,,,,1,7237
2026-08-17,2026-08-18,11.0000,,,,,,,,,,,,,,,,,,,,,,,,,34,6925,,,34,6925
2026-08-17,2026-08-18,11.0200,,,,,,,,,,,,,,,,,1,52,,,,,,,,,,,1,52
2026-08-17,2026-08-18,11.0780,,,,,,,,,,,,,,,,,2,,,,,,,,,,,,2,
2026-08-17,2026-08-18,11.0800,,,,,29,2332,,,,,,,,,145,242554,225,342029,,,,,,,,,,,399,586915
2026-08-17,2026-08-18,11.0900,,,,,,,,,,,,,,,2,1,,,,,,,,,,,,,2,1
2026-08-17,2026-08-18,11.1000,,,,,,,,,,,,,,,,,2,,,,,,,,,,,,2,
2026-08-17,2026-08-18,11.1100,,,,,,,,,,,,,,,,,1,2000,,,,,,,,,,,1,2000
2026-08-17,2026-08-18,11.1800,,,37,84625,,,,,,,,,,,1,2000,,,,,1,50,3,251,,,,,42,86926
2026-08-17,2026-08-18,11.2000,,,,,,,,,,,,,,,,,,,,,,,,,3,1992,,,3,1992
2026-08-17,2026-08-18,11.2500,,,,,,,51,33063,,,,,,,,,,,,,,,,,,,,,51,33063
2026-08-17,2026-08-18,11.2800,,,,,,,,,,,,,,,,,,,24,6305,,,,,,,,,24,6305
2026-08-17,2026-08-18,11.3800,24,60167,319,28718,,,,,29,72087,,,,,,,3,58432,,,,,,,,,,,375,219404
2026-08-17,2026-08-18,11.4000,1,10000,,,,,,,,,1,19930,,,,,,,,,,,,,,,,,2,29930
2026-08-17,2026-08-18,11.4200,1,100,,,,,,,,,,,,,,,,,,,,,,,,,,,1,100
2026-08-17,2026-08-18,11.4500,4,2421,2,120210,,,,,,,,,,,,,,,,,,,,,,,,,6,122631
2026-08-17,2026-08-18,11.4700,1,27440,,,,,,,,,,,,,,,,,,,,,,,1,98144,,,2,125584
2026-08-17,2026-08-18,11.4800,10,45124,,,,,,,,,3,10266,,,,,1,32112,,,,,,,,,,,14,87502
2026-08-17,2026-08-18,11.5000,4,534865,2,40026,,,1,299990,,,,,,,,,2,497500,,,,,,,1,49975,,,10,1422356
2026-08-17,2026-08-18,11.5200,1,49875,,,,,,,1,90000,,,1,99980,,,,,,,,,,,,,,,3,239855
2026-08-17,2026-08-18,11.5300,,,,,,,,,,,,,,,,,1,12882,,,,,,,,,,,1,12882
2026-08-17,2026-08-18,11.5400,1,16216,,,,,,,,,,,,,,,,,,,,,,,,,,,1,16216
2026-08-17,2026-08-18,11.5500,2,600000,2,239292,,,,,,,,,3,1186783,,,1,500000,,,,,,,1,83505,,,9,2609580
2026-08-17,2026-08-18,11.5600,7,1649408,,,,,,,,,,,15,75692,,,,,,,,,,,,,,,22,1725100
2026-08-17,2026-08-18,11.5650,1,699975,,,,,,,,,,,,,,,,,,,,,,,,,,,1,699975
2026-08-17,2026-08-18,11.5656,,,,,,,,,,,,,1,7299936,,,,,,,,,,,,,,,1,7299936
2026-08-17,2026-08-18,11.5700,5,1801758,,,,,,,1,78000,,,4,1563297,2,238450,14,324,,,,,,,,,,,26,3681829
2026-08-17,2026-08-18,11.5750,,,,,,,,,,,,,,,,,1,863297,,,,,,,,,,,1,863297
2026-08-17,2026-08-18,11.5800,1,1,3,266836,,,,,,,2,20,48,945069,1,1,1,15000,,,1,197,,,1,49887,,,58,1277012
2026-08-17,2026-08-18,11.5850,1,1000000,,,,,,,,,,,,,,,,,,,,,,,,,,,1,1000000
2026-08-17,2026-08-18,11.6000,,,,,,,,,,,1,305258,1,1000000,1,1000000,1,87444,,,,,,,,,,,4,2392702
2026-08-17,2026-08-18,11.6200,,,1,31919,,,,,,,,,7,2934,1,2092696,,,,,,,,,,,,,9,2127549
2026-08-17,2026-08-18,11.6400,,,1,1500000,,,,,,,,,1,349975,,,,,,,,,,,,,,,2,1849975
2026-08-17,2026-08-18,11.6500,,,,,,,,,,,,,,,,,3,20258,,,,,,,,,,,3,20258
2026-08-17,2026-08-18,11.6600,,,,,,,,,,,,,5,1576,,,,,,,,,,,,,,,5,1576
2026-08-17,2026-08-18,11.6800,,,,,,,,,,,,,,,9,216200,,,,,,,,,2,322709,,,11,538909
2026-08-17,2026-08-18,11.7000,,,2,7056,,,,,,,,,,,,,,,,,,,,,,,,,2,7056
2026-08-17,2026-08-18,11.7700,,,,,,,,,,,,,1,221,,,,,,,,,,,,,,,1,221
2026-08-17,2026-08-18,11.7900,,,2,5020,,,,,,,,,,,,,,,,,,,,,,,,,2,5020
2026-08-17,2026-08-18,12.1500,,,,,,,,,,,,,1,82,,,,,,,,,,,,,,,1,82
2026-08-18,2026-08-19,9.7300,,,,,,,,,,,,,1,14095,,,,,,,,,,,,,,,1,14095
2026-08-18,2026-08-19,10.0000,,,,,,,,,,,,,50,26616,,,,,,,,,,,,,,,50,26616
2026-08-18,2026-08-19,10.5000,,,,,,,,,,,,,,,,,,,,,,,,,,,37,61103,37,61103
2026-08-18,2026-08-19,10.8300,,,,,,,,,,,,,1,65000,,,,,,,,,,,,,,,1,65000
2026-08-18,2026-08-19,10.9700,,,,,,,,,,,,,,,,,,,,,,,,,26,13561,,,26,13561
2026-08-18,2026-08-19,11.0000,,,,,,,,,,,1,14,,,,,,,,,,,,,,,,,1,14
2026-08-18,2026-08-19,11.0500,,,,,9,2763,,,,,,,,,152,377936,55,24511,,,,,,,,,,,216,405210
2026-08-18,2026-08-19,11.0600,,,,,,,,,,,,,,,1,1,,,,,,,,,,,,,1,1
2026-08-18,2026-08-19,11.0700,,,,,,,,,,,,,,,1,10000,,,,,,,,,,,,,1,10000
2026-08-18,2026-08-19,11.0800,,,,,,,,,,,,,,,,,1,1000,,,,,,,,,,,1,1000
2026-08-18,2026-08-19,11.1500,,,18,138906,,,,,,,,,,,,,1,3013,,,2,1940,3,2551,,,,,24,146410
2026-08-18,2026-08-19,11.2500,,,,,,,1,67,,,,,,,,,,,12,12065,,,,,,,,,13,12132
2026-08-18,2026-08-19,11.3000,,,,,,,37,123685,,,,,,,,,,,,,,,,,,,,,37,123685
2026-08-18,2026-08-19,11.3500,30,104585,,,,,,,15,38732,,,,,3,7800,107,96423,,,,,,,,,,,155,247540
2026-08-18,2026-08-19,11.3800,2,10244,,,,,,,,,,,,,,,,,,,,,,,,,,,2,10244
2026-08-18,2026-08-19,11.4000,,,,,,,,,,,,,,,,,,,,,,,,,1,49960,,,1,49960
2026-08-18,2026-08-19,11.4350,1,52755,,,,,,,,,,,,,,,,,,,,,,,,,,,1,52755
2026-08-18,2026-08-19,11.4500,18,158666,,,,,1,29981,,,2,4465,,,1,14750,2,306795,,,,,,,,,,,24,514657
2026-08-18,2026-08-19,11.4800,1,2048,,,,,,,,,,,,,,,,,,,,,,,,,,,1,2048
2026-08-18,2026-08-19,11.4900,1,9981,,,,,,,,,,,,,,,,,,,,,,,,,,,1,9981
2026-08-18,2026-08-19,11.5000,2,58821,13,46421,,,1,199975,2,9855,,,,,,,,,,,,,,,2,124970,,,20,440042
2026-08-18,2026-08-19,11.5100,3,910000,,,,,,,,,,,,,,,,,,,,,,,,,,,3,910000
2026-08-18,2026-08-19,11.5150,2,50049980,,,,,,,,,,,,,,,,,,,,,,,,,,,2,50049980
2026-08-18,2026-08-19,11.5200,,,2,414981,,,,,,,,,1,271982,,,,,,,,,,,1,3003178,,,4,3690140
2026-08-18,2026-08-19,11.5250,,,,,,,,,,,,,,,,,1,87240,,,,,,,,,,,1,87240
2026-08-18,2026-08-19,11.5300,,,1,79084,,,,,,,,,32,465407,,,1,1404365,,,,,,,,,,,34,1948855
2026-08-18,2026-08-19,11.5400,,,,,,,,,,,,,1,152017,2,948012,22,1580,,,,,,,,,,,25,1101609
2026-08-18,2026-08-19,11.5500,10,47762,272,536910,,,1,50000,,,5,120202,57,688067,3,2147,4,45206,,,,,,,4,194776,,,356,1685069
2026-08-18,2026-08-19,11.5540,,,,,,,,,,,,,2,3000000,,,,,,,,,,,,,,,2,3000000
2026-08-18,2026-08-19,11.5550,,,,,,,,,,,,,,,1,499940,,,,,,,,,,,,,1,499940
2026-08-18,2026-08-19,11.5700,,,,,,,,,,,,,2,1103050,,,,,,,,,,,,,,,2,1103050
2026-08-18,2026-08-19,11.5750,,,,,,,,,,,,,,,1,1999949,,,,,,,,,,,,,1,1999949
2026-08-18,2026-08-19,11.5800,,,,,,,,,,,,,12,5661,,,,,,,,,,,,,,,12,5661
2026-08-18,2026-08-19,11.5900,,,,,,,,,,,,,1,499975,,,,,,,,,,,,,,,1,499975
2026-08-18,2026-08-19,11.6000,,,1,300000,,,,,,,,,,,,,,,,,,,,,,,,,1,300000
2026-08-18,2026-08-19,11.6200,,,,,,,,,,,,,1,999,,,,,,,,,,,,,,,1,999
2026-08-18,2026-08-19,11.6500,7,6315,,,,,,,,,,,3,4,2,300400,,,,,,,,,,,,,12,306719
2026-08-18,2026-08-19,11.6600,,,,,,,,,,,,,2,122,,,,,,,,,,,,,,,2,122
2026-08-18,2026-08-19,11.6700,,,,,,,,,,,,,,,,,3,28640,,,,,,,,,,,3,28640
2026-08-18,2026-08-19,11.6800,,,,,,,,,,,,,,,,,1,3425,,,,,,,,,,,1,3425
2026-08-18,2026-08-19,11.7000,,,6,513,,,,,,,,,,,,,,,,,,,,,,,,,6,513
2026-08-18,2026-08-19,11.7100,,,,,,,,,,,,,1,85,,,,,,,,,,,,,,,1,85
2026-08-18,2026-08-19,11.7500,7,18808,,,,,,,,,,,,,,,,,,,,,,,,,,,7,18808
2026-08-18,2026-08-19,11.8600,,,,,,,,,,,,,1,126,,,,,,,,,,,,,,,1,126
2026-08-18,2026-08-19,11.9000,2,575,,,,,,,,,,,,,,,,,,,,,,,,,,,2,575
2026-08-18,2026-08-19,12.0000,7,6231,,,,,,,,,,,,,,,,,,,,,,,,,,,7,6231
2026-08-18,2026-08-19,12.3900,,,1,5415,,,,,,,,,,,,,,,,,,,,,,,,,1,5415
2026-08-19,2026-08-20,9.6300,,,,,,,,,,,,,1,9216,,,,,,,,,,,,,,,1,9216
2026-08-19,2026-08-20,9.7300,,,,,,,,,,,,,1,36214,,,,,,,,,,,,,,,1,36214
2026-08-19,2026-08-20,9.9600,,,,,,,,,,,,,2,6861,,,,,,,,,,,,,,,2,6861
2026-08-19,2026-08-20,10.0000,,,,,,,,,,,,,47,4254,,,,,,,,,,,,,,,47,4254
2026-08-19,2026-08-20,10.5000,,,,,,,,,,,,,,,,,,,,,,,,,,,18,446,18,446
2026-08-19,2026-08-20,10.7000,,,,,,,,,,,,,2,655,,,,,,,,,,,,,,,2,655
2026-08-19,2026-08-20,10.9400,,,,,,,,,,,,,,,,,,,,,,,,,31,6728,,,31,6728
2026-08-19,2026-08-20,11.0000,,,,,,,,,,,,,,,3,0,,,,,,,,,,,,,3,0
2026-08-19,2026-08-20,11.0100,,,,,,,,,,,,,,,2,4,,,,,,,,,,,,,2,4
2026-08-19,2026-08-20,11.0200,,,,,10,1711,,,,,,,,,151,141564,1,131,,,,,,,,,,,162,143406
2026-08-19,2026-08-20,11.0300,,,,,,,,,,,,,,,1,0,,,,,,,,,,,,,1,0
2026-08-19,2026-08-20,11.1200,,,18,52095,,,,,,,,,,,,,,,,,3,10000,2,180,,,,,23,62275
2026-08-19,2026-08-20,11.1500,,,1,18000,,,,,,,,,,,,,,,,,,,,,,,,,1,18000
2026-08-19,2026-08-20,11.2200,1,3000,,,,,,,,,,,,,,,,,15,4698,,,,,,,,,16,7698
2026-08-19,2026-08-20,11.3200,44,84279,,,,,26,19716,27,7267,,,1,16884,3,139431,199,261107,,,,,,,,,,,300,528685
2026-08-19,2026-08-20,11.3330,,,,,,,,,,,,,,,,,1,0,,,,,,,,,,,1,0
2026-08-19,2026-08-20,11.3500,1,161,,,,,,,,,,,,,,,,,,,,,,,,,,,1,161
2026-08-19,2026-08-20,11.4000,6,6408,,,2,15425,,,,,1,29000,,,,,,,,,,,,,3,65163,,,12,115996
2026-08-19,2026-08-20,11.4200,6,22659,,,,,,,,,6,9290,,,2,58135,,,,,,,,,1,49960,,,15,140043
2026-08-19,2026-08-20,11.4500,11,81379,2,152917,,,,,,,,,,,,,1,20000,,,,,,,,,,,14,254297
2026-08-19,2026-08-20,11.4600,2,59950,,,,,,,,,,,,,,,,,,,,,,,,,,,2,59950
2026-08-19,2026-08-20,11.4700,,,,,,,,,,,,,,,,,,,,,,,,,,,1,79923,1,79923
2026-08-19,2026-08-20,11.4800,3,56077,3,709810,,,,,,,,,,,,,,,,,,,,,,,,,6,765887
2026-08-19,2026-08-20,11.4850,1,525000,,,,,,,,,,,,,,,,,,,,,,,,,,,1,525000
2026-08-19,2026-08-20,11.4900,6,291286,,,,,,,,,,,,,,,,,,,,,,,1,109853,,,7,401139
2026-08-19,2026-08-20,11.5000,9,728708,3,315965,,,2,350000,,,,,23,51137,1,199940,,,,,,,,,4,161108,,,42,1806858
2026-08-19,2026-08-20,11.5100,5,3720635,,,,,,,,,,,,,2,6991749,24,777,,,,,,,,,,,31,10713161
2026-08-19,2026-08-20,11.5150,2,6172808,,,,,,,,,,,,,,,,,,,,,,,,,,,2,6172808
2026-08-19,2026-08-20,11.5200,2,1014133,301,21885,,,,,1,209905,,,45,835348,1,820,1,1430,,,,,,,1,5378,,,352,2088899
2026-08-19,2026-08-20,11.5300,,,,,,,,,,,,,,,1,100000,,,,,,,,,,,,,1,100000
2026-08-19,2026-08-20,11.5500,6,22186,,,,,2,620584,,,1,699975,2,381907,,,,,,,,,,,1,499980,,,12,2224632
2026-08-19,2026-08-20,11.5550,,,,,,,,,,,,,,,2,2000000,,,,,,,,,,,,,2,2000000
2026-08-19,2026-08-20,11.5600,,,,,,,,,,,,,3,1152688,,,,,,,,,,,,,,,3,1152688
2026-08-19,2026-08-20,11.5700,,,,,,,,,,,,,2,1675297,,,,,,,,,,,,,,,2,1675297
2026-08-19,2026-08-20,11.5800,,,,,,,,,,,,,5,1513,,,,,,,,,,,,,,,5,1513
2026-08-19,2026-08-20,11.6000,,,1,849705,,,,,,,,,,,,,,,,,,,,,,,,,1,849705
2026-08-19,2026-08-20,11.6050,,,,,,,,,,,,,,,1,2280126,,,,,,,,,,,,,1,2280126
2026-08-19,2026-08-20,11.6200,,,1,4,,,,,,,,,,,2,8100,,,,,,,,,,,,,3,8104
2026-08-19,2026-08-20,11.6400,,,,,,,,,,,,,,,,,5,16065,,,,,,,,,,,5,16065
2026-08-19,2026-08-20,11.6500,5,2537,,,,,,,,,,,,,,,,,,,,,,,,,,,5,2537
2026-08-19,2026-08-20,11.6600,,,,,,,,,,,,,1,34,,,,,,,,,,,,,,,1,34
2026-08-19,2026-08-20,11.6800,,,1,5500,,,,,,,,,,,,,3,10337,,,,,,,,,,,4,15837
2026-08-19,2026-08-20,11.7100,,,,,,,,,,,,,3,160,,,,,,,,,,,,,,,3,160
2026-08-19,2026-08-20,11.7500,8,13114,,,,,,,,,,,,,,,,,,,,,,,,,,,8,13114
2026-08-19,2026-08-20,11.7900,,,1,5000,,,,,,,,,,,,,,,,,,,,,,,,,1,5000
2026-08-19,2026-08-20,11.8600,,,,,,,,,,,,,1,76,,,,,,,,,,,,,,,1,76
2026-08-19,2026-08-20,11.9000,2,279,,,,,,,,,,,,,,,,,,,,,,,,,,,2,279
2026-08-19,2026-08-20,12.0000,4,3758,,,,,,,,,,,,,,,,,,,,,,,,,,,4,3758
2026-08-20,2026-08-21,9.6300,,,,,,,,,,,,,1,16394,,,,,,,,,,,,,,,1,16394
2026-08-20,2026-08-21,9.7300,,,,,,,,,,,,,1,33998,,,,,,,,,,,,,,,1,33998
2026-08-20,2026-08-21,9.9600,,,,,,,,,,,,,1,4996,,,,,,,,,,,,,,,1,4996
2026-08-20,2026-08-21,10.0000,,,,,,,,,,,1,198,40,11031,,,,,,,,,,,,,,,41,11229
2026-08-20,2026-08-21,10.5000,,,,,,,,,,,1,21,,,,,,,,,,,,,,,26,1896,27,1917
2026-08-20,2026-08-21,10.9400,,,,,,,,,,,,,,,,,,,,,,,,,17,4939,,,17,4939
2026-08-20,2026-08-21,11.0100,,,,,,,,,,,,,,,4,3,,,,,,,,,,,,,4,3
2026-08-20,2026-08-21,11.0200,,,,,14,1321,,,,,,,,,156,280315,,,,,,,,,,,,,170,281636
2026-08-20,2026-08-21,11.1200,,,15,49333,,,,,,,,,,,,,,,,,5,1104,,,,,,,20,50437
2026-08-20,2026-08-21,11.2000,,,,,,,,,,,,,,,,,,,,,,,,,1,105,,,1,105
2026-08-20,2026-08-21,11.2200,1,200,,,,,,,,,,,,,,,,,18,13867,,,,,,,,,19,14067
2026-08-20,2026-08-21,11.2940,,,,,,,,,,,,,,,,,1,0,,,,,,,,,,,1,0
2026-08-20,2026-08-21,11.3000,,,1,7057,,,,,,,,,,,,,,,,,,,,,,,,,1,7057
2026-08-20,2026-08-21,11.3200,30,146724,1,19140,,,,,20,14575,,,,,,,212,379645,,,,,,,,,,,263,560084
2026-08-20,2026-08-21,11.3230,,,,,,,,,,,,,,,,,1,1,,,,,,,,,,,1,1
2026-08-20,2026-08-21,11.3300,,,,,,,,,,,,,,,,,1,5900,,,,,,,,,,,1,5900
2026-08-20,2026-08-21,11.3500,2,537,,,,,,,,,,,,,,,,,,,,,,,,,,,2,537
2026-08-20,2026-08-21,11.4000,10,31047,,,1,30000,,,,,,,,,,,3,186177,,,,,,,,,,,14,247225
2026-08-20,2026-08-21,11.4200,3,38146,,,,,40,21711,,,,,,,3,1302630,1,23000,,,,,,,,,,,47,1385487
2026-08-20,2026-08-21,11.4400,,,,,,,,,,,,,,,,,1,55031,,,,,,,,,,,1,55031
2026-08-20,2026-08-21,11.4500,8,34484,,,,,,,,,,,1,30000,,,,,,,,,,,,,,,9,64484
2026-08-20,2026-08-21,11.4700,,,,,,,,,,,1,97535,,,,,,,,,,,,,,,1,85235,2,182770
2026-08-20,2026-08-21,11.4800,2,104616,4,68323,,,,,,,,,,,,,1,34929,,,,,,,,,,,7,207867
2026-08-20,2026-08-21,11.5000,6,226242,9,1061954,,,,,,,,,24,73673,,,,,,,,,,,2,66305,,,41,1428173
2026-08-20,2026-08-21,11.5050,1,50000,,,,,,,,,,,,,,,,,,,,,,,,,,,1,50000
2026-08-20,2026-08-21,11.5100,3,553418,1,61236,,,,,,,,,,,3,1679540,17,37565,,,,,,,,,,,24,2331759
2026-08-20,2026-08-21,11.5110,,,,,,,,,,,,,,,1,129572,,,,,,,,,,,,,1,129572
2026-08-20,2026-08-21,11.5200,4,1348693,306,26562,1,89000,2,23309,,,6,332,52,3040333,2,75000,6,816359,,,,,,,4,211195,,,383,5630781
2026-08-20,2026-08-21,11.5250,2,3536205,,,,,,,,,,,1,100000,,,1,999980,,,,,,,,,,,4,4636185
2026-08-20,2026-08-21,11.5300,1,1350395,,,,,1,152521,,,,,1,216716,,,3,1999975,,,,,,,,,,,6,3719607
2026-08-20,2026-08-21,11.5400,1,500000,4,729780,,,1,500000,,,,,3,3100000,1,13140,1,499975,,,,,,,,,,,11,5342895
2026-08-20,2026-08-21,11.5500,4,6783,1,500000,,,1,100000,,,,,10,453951,,,,,,,,,,,,,,,16,1060734
2026-08-20,2026-08-21,11.5600,,,1,1000000,,,,,,,,,1,351109,,,,,,,,,,,,,,,2,1351109
2026-08-20,2026-08-21,11.5800,,,,,,,1,694785,,,,,3,1641,,,,,,,,,,,,,,,4,696426
2026-08-20,2026-08-21,11.5810,,,,,,,,,,,,,,,,,,,,,,,,,3,2906752,,,3,2906752
2026-08-20,2026-08-21,11.6200,,,,,,,,,,,,,1,112,7,268440,,,,,,,,,,,,,8,268552
2026-08-20,2026-08-21,11.6400,,,1,5500,,,,,,,,,,,,,,,,,,,,,,,,,1,5500
2026-08-20,2026-08-21,11.6500,4,1795,,,,,,,,,,,,,,,1,466,,,,,,,,,,,5,2261
2026-08-20,2026-08-21,11.7500,6,3271,1,3720,,,,,,,,,,,,,,,,,,,,,,,,,7,6991
2026-08-20,2026-08-21,11.7700,,,,,,,,,,,,,1,392,,,,,,,,,,,,,,,1,392
2026-08-20,2026-08-21,11.8600,,,,,,,,,,,,,1,384,,,,,,,,,,,,,,,1,384
2026-08-20,2026-08-21,11.9000,3,6759,,,,,,,,,,,,,,,,,,,,,,,,,,,3,6759
2026-08-20,2026-08-21,12.0000,2,96,,,,,,,,,,,,,,,,,,,,,,,,,,,2,96
