fecha_corte,vigencia,banco,tc,operaciones,monto_usd
2026-06-26,2026-06-29,BANCO BISA,8.5000,12,22524
2026-06-26,2026-06-29,BANCO BISA,9.0000,37,82783
2026-06-26,2026-06-29,BANCO BISA,9.1500,1,14965
2026-06-26,2026-06-29,BANCO BISA,9.2000,1,249965
2026-06-26,2026-06-29,BANCO BISA,9.5000,5,43654
2026-06-26,2026-06-29,BANCO BISA,9.6000,3,220425
2026-06-26,2026-06-29,BANCO BISA,9.6500,1,5507
2026-06-26,2026-06-29,BANCO BISA,9.7000,7,14864
2026-06-26,2026-06-29,BANCO BISA,9.7150,1,60000
2026-06-26,2026-06-29,BANCO BISA,9.7500,8,146317
2026-06-26,2026-06-29,BANCO BISA,9.7600,1,1054
2026-06-26,2026-06-29,BANCO BISA,9.7800,3,591315
2026-06-26,2026-06-29,BANCO BISA,9.8000,3,3717
2026-06-26,2026-06-29,BANCO BISA,9.8100,1,500000
2026-06-26,2026-06-29,BANCO BISA,9.8120,1,2000000
2026-06-26,2026-06-29,BANCO DE CRÉDITO,9.1000,2,2379
2026-06-26,2026-06-29,BANCO DE CRÉDITO,9.5000,13,19102
2026-06-26,2026-06-29,BANCO DE LA NACIÓN ARGENTINA,9.7000,1,7425
2026-06-26,2026-06-29,BANCO ECONÓMICO,7.2000,4,10107
2026-06-26,2026-06-29,BANCO ECONÓMICO,9.7300,1,2000000
2026-06-26,2026-06-29,BANCO ECONÓMICO,9.7600,1,40000
2026-06-26,2026-06-29,BANCO ECONÓMICO,9.8000,4,1144025
2026-06-26,2026-06-29,BANCO ECONÓMICO,9.8100,1,2000000
2026-06-26,2026-06-29,BANCO FORTALEZA,9.8200,1,400000
2026-06-26,2026-06-29,BANCO GANADERO,7.0000,5,5743
2026-06-26,2026-06-29,BANCO GANADERO,7.0100,1,197
2026-06-26,2026-06-29,BANCO GANADERO,8.0000,1,5000
2026-06-26,2026-06-29,BANCO GANADERO,9.3200,1,107
2026-06-26,2026-06-29,BANCO GANADERO,9.5000,1,5005
2026-06-26,2026-06-29,BANCO GANADERO,9.6000,63,32733
2026-06-26,2026-06-29,BANCO GANADERO,9.6300,1,30465
2026-06-26,2026-06-29,BANCO GANADERO,9.7000,71,214200
2026-06-26,2026-06-29,BANCO GANADERO,9.7300,2,752803
2026-06-26,2026-06-29,BANCO GANADERO,9.8200,1,2000000
2026-06-26,2026-06-29,BANCO MERCANTIL SANTA CRUZ,7.2000,2,2901
2026-06-26,2026-06-29,BANCO MERCANTIL SANTA CRUZ,7.5000,7,13240
2026-06-26,2026-06-29,BANCO MERCANTIL SANTA CRUZ,8.0000,1,2000
2026-06-26,2026-06-29,BANCO MERCANTIL SANTA CRUZ,8.4000,3,1000
2026-06-26,2026-06-29,BANCO MERCANTIL SANTA CRUZ,8.7000,1,4834
2026-06-26,2026-06-29,BANCO MERCANTIL SANTA CRUZ,8.8500,2,478750
2026-06-26,2026-06-29,BANCO MERCANTIL SANTA CRUZ,9.6500,2,93295
2026-06-26,2026-06-29,BANCO MERCANTIL SANTA CRUZ,9.7400,1,54792
2026-06-26,2026-06-29,BANCO MERCANTIL SANTA CRUZ,9.8000,2,999857
2026-06-26,2026-06-29,BANCO MERCANTIL SANTA CRUZ,9.8100,1,1500000
2026-06-26,2026-06-29,BANCO NACIONAL DE BOLIVIA,8.2000,1,469
2026-06-26,2026-06-29,BANCO NACIONAL DE BOLIVIA,9.7500,1,1440000
2026-06-26,2026-06-29,BANCO SOLIDARIO,7.5000,2,5300
2026-06-26,2026-06-29,BANCO SOLIDARIO,9.7400,2,100000
2026-06-26,2026-06-29,BANCO UNION,9.0500,2,650
2026-06-29,2026-06-30,BANCO BISA,9.7000,2,410
2026-06-29,2026-06-30,BANCO BISA,9.7200,1,507000
2026-06-29,2026-06-30,BANCO BISA,9.7300,1,1500000
2026-06-29,2026-06-30,BANCO BISA,9.7310,1,700000
2026-06-29,2026-06-30,BANCO DE CRÉDITO,9.6300,11,88037
2026-06-29,2026-06-30,BANCO DE CRÉDITO,9.9000,1,700
2026-06-29,2026-06-30,BANCO DE CRÉDITO,9.9900,1,9000
2026-06-29,2026-06-30,BANCO DE CRÉDITO,10.0700,1,1664
2026-06-29,2026-06-30,BANCO DE CRÉDITO,10.1100,1,296
2026-06-29,2026-06-30,BANCO DE LA NACIÓN ARGENTINA,9.6300,23,8870
2026-06-29,2026-06-30,BANCO ECONÓMICO,9.7300,46,86920
2026-06-29,2026-06-30,BANCO ECONÓMICO,9.8000,1,330174
2026-06-29,2026-06-30,BANCO ECONÓMICO,9.9100,4,1010
2026-06-29,2026-06-30,BANCO FIE,9.7300,21,105419
2026-06-29,2026-06-30,BANCO FORTALEZA,9.7300,9,123435
2026-06-29,2026-06-30,BANCO GANADERO,9.6300,253,438730
2026-06-29,2026-06-30,BANCO GANADERO,9.7000,73,300885
2026-06-29,2026-06-30,BANCO GANADERO,9.7200,16,13752
2026-06-29,2026-06-30,BANCO GANADERO,9.7300,483,966621
2026-06-29,2026-06-30,BANCO GANADERO,9.8200,1,1382
2026-06-29,2026-06-30,BANCO MERCANTIL SANTA CRUZ,9.6700,1,0
2026-06-29,2026-06-30,BANCO MERCANTIL SANTA CRUZ,9.6800,232,445169
2026-06-29,2026-06-30,BANCO MERCANTIL SANTA CRUZ,9.6900,1,1
2026-06-29,2026-06-30,BANCO MERCANTIL SANTA CRUZ,9.7200,1,49000
2026-06-29,2026-06-30,BANCO MERCANTIL SANTA CRUZ,9.7800,2,3885
2026-06-29,2026-06-30,BANCO MERCANTIL SANTA CRUZ,9.8050,1,7655708
2026-06-29,2026-06-30,BANCO MERCANTIL SANTA CRUZ,9.8100,1,1678212
2026-06-29,2026-06-30,BANCO NACIONAL DE BOLIVIA,8.0000,1,34975
2026-06-29,2026-06-30,BANCO NACIONAL DE BOLIVIA,8.3000,1,49204
2026-06-29,2026-06-30,BANCO NACIONAL DE BOLIVIA,8.5000,2,92667
2026-06-29,2026-06-30,BANCO NACIONAL DE BOLIVIA,9.1000,1,30000
2026-06-29,2026-06-30,BANCO NACIONAL DE BOLIVIA,9.7000,1,21410
2026-06-29,2026-06-30,BANCO NACIONAL DE BOLIVIA,9.7250,1,1
2026-06-29,2026-06-30,BANCO NACIONAL DE BOLIVIA,9.7300,286,193334
2026-06-29,2026-06-30,BANCO NACIONAL DE BOLIVIA,9.7320,2,5
2026-06-29,2026-06-30,BANCO NACIONAL DE BOLIVIA,9.7410,1,0
2026-06-29,2026-06-30,BANCO NACIONAL DE BOLIVIA,9.7900,1,1000000
2026-06-29,2026-06-30,BANCO PRODEM,9.6300,21,10687
2026-06-29,2026-06-30,BANCO PYME DE LA COMUNIDAD,9.2300,1,2
2026-06-29,2026-06-30,BANCO PYME DE LA COMUNIDAD,9.7300,7,7542
2026-06-29,2026-06-30,BANCO PYME ECOFUTURO,9.7300,1,730
2026-06-29,2026-06-30,BANCO SOLIDARIO,9.2400,20,5589
2026-06-29,2026-06-30,BANCO SOLIDARIO,9.6600,1,11538
2026-06-29,2026-06-30,BANCO SOLIDARIO,9.7000,2,115
2026-06-29,2026-06-30,BANCO SOLIDARIO,9.7200,1,19095
2026-06-29,2026-06-30,BANCO SOLIDARIO,9.7500,3,209935
2026-06-29,2026-06-30,BANCO UNION,9.7300,116,676658
2026-06-30,2026-07-01,BANCO BISA,9.6600,43,87397
2026-06-30,2026-07-01,BANCO BISA,9.7000,1,100000
2026-06-30,2026-07-01,BANCO BISA,9.7300,1,200000
2026-06-30,2026-07-01,BANCO BISA,9.7500,9,129806
2026-06-30,2026-07-01,BANCO BISA,9.8000,4,2342
2026-06-30,2026-07-01,BANCO BISA,9.8300,1,1001797
2026-06-30,2026-07-01,BANCO DE CRÉDITO,9.6600,17,37197
2026-06-30,2026-07-01,BANCO DE CRÉDITO,9.7600,1,10000
2026-06-30,2026-07-01,BANCO DE CRÉDITO,9.7800,2,1977718
2026-06-30,2026-07-01,BANCO DE LA NACIÓN ARGENTINA,9.6600,26,6332
2026-06-30,2026-07-01,BANCO ECONÓMICO,9.6600,31,9356
2026-06-30,2026-07-01,BANCO ECONÓMICO,9.7200,1,105560
2026-06-30,2026-07-01,BANCO ECONÓMICO,9.8400,2,26
2026-06-30,2026-07-01,BANCO FIE,9.6600,12,11564
2026-06-30,2026-07-01,BANCO FORTALEZA,9.7100,1,167387
2026-06-30,2026-07-01,BANCO FORTALEZA,9.7300,1,2445
2026-06-30,2026-07-01,BANCO FORTALEZA,9.7600,1,1
2026-06-30,2026-07-01,BANCO GANADERO,9.6300,6,62823
2026-06-30,2026-07-01,BANCO GANADERO,9.6600,163,161961
2026-06-30,2026-07-01,BANCO GANADERO,9.7000,278,304112
2026-06-30,2026-07-01,BANCO GANADERO,9.7300,114,1250413
2026-06-30,2026-07-01,BANCO GANADERO,9.7301,1,600000
2026-06-30,2026-07-01,BANCO GANADERO,9.7600,68,14269
2026-06-30,2026-07-01,BANCO GANADERO,9.8100,1,399975
2026-06-30,2026-07-01,BANCO GANADERO,9.8300,5,9
2026-06-30,2026-07-01,BANCO MERCANTIL SANTA CRUZ,9.5500,1,1
2026-06-30,2026-07-01,BANCO MERCANTIL SANTA CRUZ,9.5600,168,257401
2026-06-30,2026-07-01,BANCO MERCANTIL SANTA CRUZ,9.8200,1,900000
2026-06-30,2026-07-01,BANCO MERCANTIL SANTA CRUZ,9.8600,3,83334
2026-06-30,2026-07-01,BANCO MERCANTIL SANTA CRUZ,10.2100,3,9354
2026-06-30,2026-07-01,BANCO MERCANTIL SANTA CRUZ,11.7600,1,850
2026-06-30,2026-07-01,BANCO NACIONAL DE BOLIVIA,8.3000,1,961
2026-06-30,2026-07-01,BANCO NACIONAL DE BOLIVIA,9.0000,1,126000
2026-06-30,2026-07-01,BANCO NACIONAL DE BOLIVIA,9.7600,184,256505
2026-06-30,2026-07-01,BANCO NACIONAL DE BOLIVIA,9.7610,1,1
2026-06-30,2026-07-01,BANCO NACIONAL DE BOLIVIA,9.7850,1,109456
2026-06-30,2026-07-01,BANCO NACIONAL DE BOLIVIA,9.8000,1,0
2026-06-30,2026-07-01,BANCO PRODEM,9.5600,9,3759
2026-06-30,2026-07-01,BANCO PYME DE LA COMUNIDAD,9.7600,3,244
2026-06-30,2026-07-01,BANCO PYME ECOFUTURO,9.7600,6,602
2026-06-30,2026-07-01,BANCO SOLIDARIO,9.2700,24,3584
2026-06-30,2026-07-01,BANCO SOLIDARIO,9.7000,2,24275
2026-06-30,2026-07-01,BANCO SOLIDARIO,9.7200,3,144498
2026-06-30,2026-07-01,BANCO SOLIDARIO,9.7300,1,112990
2026-06-30,2026-07-01,BANCO SOLIDARIO,9.7500,1,22763
2026-06-30,2026-07-01,BANCO SOLIDARIO,9.8000,1,1599905
2026-06-30,2026-07-01,BANCO UNION,9.7600,100,96187
2026-07-01,2026-07-02,BANCO BISA,9.6600,33,139166
2026-07-01,2026-07-02,BANCO BISA,9.6800,1,50000
2026-07-01,2026-07-02,BANCO BISA,9.7000,3,404965
2026-07-01,2026-07-02,BANCO BISA,9.7100,1,2781
2026-07-01,2026-07-02,BANCO BISA,9.7300,1,50000
2026-07-01,2026-07-02,BANCO BISA,9.7500,10,129840
2026-07-01,2026-07-02,BANCO BISA,9.7550,1,91000
2026-07-01,2026-07-02,BANCO BISA,9.7600,3,196804
2026-07-01,2026-07-02,BANCO BISA,9.7650,1,70000
2026-07-01,2026-07-02,BANCO BISA,9.7700,1,1484555
2026-07-01,2026-07-02,BANCO BISA,9.7800,4,534140
2026-07-01,2026-07-02,BANCO BISA,9.7950,1,10000000
2026-07-01,2026-07-02,BANCO BISA,9.8000,10,1823250
2026-07-01,2026-07-02,BANCO DE CRÉDITO,9.6599,1,43
2026-07-01,2026-07-02,BANCO DE CRÉDITO,9.6600,31,72182
2026-07-01,2026-07-02,BANCO DE CRÉDITO,9.7000,2,220502
2026-07-01,2026-07-02,BANCO DE CRÉDITO,9.7600,1,1000
2026-07-01,2026-07-02,BANCO DE CRÉDITO,9.8000,1,699930
2026-07-01,2026-07-02,BANCO DE LA NACIÓN ARGENTINA,9.6600,26,16886
2026-07-01,2026-07-02,BANCO ECONÓMICO,9.6600,29,37026
2026-07-01,2026-07-02,BANCO ECONÓMICO,9.7800,1,174440
2026-07-01,2026-07-02,BANCO FIE,9.6600,15,8284
2026-07-01,2026-07-02,BANCO FORTALEZA,9.7300,1,29975
2026-07-01,2026-07-02,BANCO FORTALEZA,9.7600,3,66896
2026-07-01,2026-07-02,BANCO GANADERO,9.6300,1,65822
2026-07-01,2026-07-02,BANCO GANADERO,9.6600,164,124592
2026-07-01,2026-07-02,BANCO GANADERO,9.7000,356,357648
2026-07-01,2026-07-02,BANCO GANADERO,9.7300,38,1105936
2026-07-01,2026-07-02,BANCO GANADERO,9.7600,23,1539
2026-07-01,2026-07-02,BANCO GANADERO,9.7800,2,446478
2026-07-01,2026-07-02,BANCO GANADERO,9.8000,1,612982
2026-07-01,2026-07-02,BANCO GANADERO,9.8050,1,499980
2026-07-01,2026-07-02,BANCO GANADERO,9.8100,1,2000000
2026-07-01,2026-07-02,BANCO GANADERO,9.8500,1,700000
2026-07-01,2026-07-02,BANCO GANADERO,9.8600,4,7
2026-07-01,2026-07-02,BANCO MERCANTIL SANTA CRUZ,9.5600,360,406827
2026-07-01,2026-07-02,BANCO NACIONAL DE BOLIVIA,9.7500,24,1684458
2026-07-01,2026-07-02,BANCO NACIONAL DE BOLIVIA,9.7570,17,1
2026-07-01,2026-07-02,BANCO NACIONAL DE BOLIVIA,9.7600,1949,1296200
2026-07-01,2026-07-02,BANCO NACIONAL DE BOLIVIA,9.8000,18,0
2026-07-01,2026-07-02,BANCO PRODEM,9.3600,13,5846
2026-07-01,2026-07-02,BANCO PYME DE LA COMUNIDAD,9.7600,3,216
2026-07-01,2026-07-02,BANCO PYME ECOFUTURO,9.3600,3,3620
2026-07-01,2026-07-02,BANCO SOLIDARIO,9.2700,17,26102
2026-07-01,2026-07-02,BANCO SOLIDARIO,9.7000,2,3345
2026-07-01,2026-07-02,BANCO SOLIDARIO,9.7500,2,1854436
2026-07-01,2026-07-02,BANCO SOLIDARIO,9.7600,1,249835
2026-07-01,2026-07-02,BANCO SOLIDARIO,9.8000,1,499955
2026-07-01,2026-07-02,BANCO UNION,9.7600,73,119022
2026-07-01,2026-07-02,BANCO UNION,9.9000,1,1504313
2026-07-02,2026-07-03,BANCO BISA,9.6600,3,1973
2026-07-02,2026-07-03,BANCO BISA,9.6800,28,130934
2026-07-02,2026-07-03,BANCO BISA,9.7500,4,6471
2026-07-02,2026-07-03,BANCO BISA,9.7600,3,178860
2026-07-02,2026-07-03,BANCO BISA,9.7800,5,383854
2026-07-02,2026-07-03,BANCO BISA,9.7850,2,430000
2026-07-02,2026-07-03,BANCO BISA,9.8000,3,100039
2026-07-02,2026-07-03,BANCO BISA,9.8050,1,1020800
2026-07-02,2026-07-03,BANCO BISA,9.8100,1,49970
2026-07-02,2026-07-03,BANCO BISA,9.8150,1,3000000
2026-07-02,2026-07-03,BANCO BISA,9.8200,1,1000000
2026-07-02,2026-07-03,BANCO BISA,9.8400,2,2149500
2026-07-02,2026-07-03,BANCO DE CRÉDITO,9.6800,33,24304
2026-07-02,2026-07-03,BANCO DE CRÉDITO,9.7800,1,112383
2026-07-02,2026-07-03,BANCO DE CRÉDITO,9.8500,1,699940
2026-07-02,2026-07-03,BANCO DE CRÉDITO,9.9000,1,402892
2026-07-02,2026-07-03,BANCO DE LA NACIÓN ARGENTINA,9.6800,15,2149
2026-07-02,2026-07-03,BANCO DE LA NACIÓN ARGENTINA,9.7800,9,25562
2026-07-02,2026-07-03,BANCO ECONÓMICO,9.6800,33,280180
2026-07-02,2026-07-03,BANCO ECONÓMICO,9.7900,1,500000
2026-07-02,2026-07-03,BANCO ECONÓMICO,9.8000,1,700000
2026-07-02,2026-07-03,BANCO ECONÓMICO,9.8100,1,139983
2026-07-02,2026-07-03,BANCO FIE,9.6800,12,40169
2026-07-02,2026-07-03,BANCO FORTALEZA,9.7800,2,16
2026-07-02,2026-07-03,BANCO GANADERO,9.5800,152,190091
2026-07-02,2026-07-03,BANCO GANADERO,9.6000,121,29727
2026-07-02,2026-07-03,BANCO GANADERO,9.6300,3,31045
2026-07-02,2026-07-03,BANCO GANADERO,9.6600,2,8
2026-07-02,2026-07-03,BANCO GANADERO,9.7000,176,280051
2026-07-02,2026-07-03,BANCO GANADERO,9.7300,63,1338543
2026-07-02,2026-07-03,BANCO GANADERO,9.7800,18,101353
2026-07-02,2026-07-03,BANCO GANADERO,9.7810,1,382982
2026-07-02,2026-07-03,BANCO GANADERO,9.7900,1,447982
2026-07-02,2026-07-03,BANCO GANADERO,9.8200,2,300000
2026-07-02,2026-07-03,BANCO GANADERO,9.8299,1,344
2026-07-02,2026-07-03,BANCO GANADERO,9.8300,1,800000
2026-07-02,2026-07-03,BANCO GANADERO,9.8350,1,699982
2026-07-02,2026-07-03,BANCO GANADERO,9.8400,1,959982
2026-07-02,2026-07-03,BANCO GANADERO,9.8500,1,1400
2026-07-02,2026-07-03,BANCO GANADERO,9.8600,7,1874
2026-07-02,2026-07-03,BANCO MERCANTIL SANTA CRUZ,9.5600,1,190740
2026-07-02,2026-07-03,BANCO MERCANTIL SANTA CRUZ,9.5800,187,171363
2026-07-02,2026-07-03,BANCO MERCANTIL SANTA CRUZ,9.7000,1,6940
2026-07-02,2026-07-03,BANCO MERCANTIL SANTA CRUZ,9.7800,1,114000
2026-07-02,2026-07-03,BANCO MERCANTIL SANTA CRUZ,9.8100,1,187600
2026-07-02,2026-07-03,BANCO MERCANTIL SANTA CRUZ,9.8300,1,249907
2026-07-02,2026-07-03,BANCO MERCANTIL SANTA CRUZ,9.8500,1,17983
2026-07-02,2026-07-03,BANCO NACIONAL DE BOLIVIA,9.7500,1,0
2026-07-02,2026-07-03,BANCO NACIONAL DE BOLIVIA,9.7700,2,44000
2026-07-02,2026-07-03,BANCO NACIONAL DE BOLIVIA,9.7760,1,1
2026-07-02,2026-07-03,BANCO NACIONAL DE BOLIVIA,9.7800,1062,1523349
2026-07-02,2026-07-03,BANCO NACIONAL DE BOLIVIA,9.7900,1,999960
2026-07-02,2026-07-03,BANCO NACIONAL DE BOLIVIA,10.0000,34,0
2026-07-02,2026-07-03,BANCO PRODEM,9.4800,8,4502
2026-07-02,2026-07-03,BANCO PYME DE LA COMUNIDAD,9.7800,3,2262
2026-07-02,2026-07-03,BANCO PYME ECOFUTURO,9.3800,2,2640
2026-07-02,2026-07-03,BANCO SOLIDARIO,9.2900,27,19191
2026-07-02,2026-07-03,BANCO SOLIDARIO,9.7000,1,19780
2026-07-02,2026-07-03,BANCO SOLIDARIO,9.7500,1,12651
2026-07-02,2026-07-03,BANCO SOLIDARIO,9.7700,1,5576
2026-07-02,2026-07-03,BANCO SOLIDARIO,9.7800,3,23434
2026-07-02,2026-07-03,BANCO SOLIDARIO,9.7900,1,133518
2026-07-02,2026-07-03,BANCO SOLIDARIO,9.8000,2,89818
2026-07-02,2026-07-03,BANCO SOLIDARIO,9.8100,1,127405
2026-07-02,2026-07-03,BANCO UNION,9.7800,75,209115
2026-07-03,2026-07-06,BANCO BISA,9.7000,38,136637
2026-07-03,2026-07-06,BANCO BISA,9.7200,3,35460
2026-07-03,2026-07-06,BANCO BISA,9.7500,1,402
2026-07-03,2026-07-06,BANCO BISA,9.7600,1,56455
2026-07-03,2026-07-06,BANCO BISA,9.7800,1,386417
2026-07-03,2026-07-06,BANCO BISA,9.8000,3,95005
2026-07-03,2026-07-06,BANCO BISA,9.8200,1,129115
2026-07-03,2026-07-06,BANCO BISA,9.8300,1,177123
2026-07-03,2026-07-06,BANCO BISA,9.8500,1,633862
2026-07-03,2026-07-06,BANCO BISA,9.9500,1,500000
2026-07-03,2026-07-06,BANCO DE CRÉDITO,9.7000,6,8585
2026-07-03,2026-07-06,BANCO DE CRÉDITO,9.8000,6,223547
2026-07-03,2026-07-06,BANCO DE CRÉDITO,9.8100,4,14676
2026-07-03,2026-07-06,BANCO DE CRÉDITO,9.8200,4,14640
2026-07-03,2026-07-06,BANCO DE CRÉDITO,9.9000,4,1204340
2026-07-03,2026-07-06,BANCO DE LA NACIÓN ARGENTINA,9.7000,10,11336
2026-07-03,2026-07-06,BANCO ECONÓMICO,9.7000,31,159927
2026-07-03,2026-07-06,BANCO ECONÓMICO,9.8000,1,53397
2026-07-03,2026-07-06,BANCO ECONÓMICO,9.8400,1,300000
2026-07-03,2026-07-06,BANCO ECONÓMICO,9.8700,2,186474
2026-07-03,2026-07-06,BANCO ECONÓMICO,9.9000,2,306318
2026-07-03,2026-07-06,BANCO ECONÓMICO,9.9500,1,748804
2026-07-03,2026-07-06,BANCO FIE,9.7000,8,761
2026-07-03,2026-07-06,BANCO FORTALEZA,9.7800,1,28000
2026-07-03,2026-07-06,BANCO FORTALEZA,9.8000,1,200000
2026-07-03,2026-07-06,BANCO FORTALEZA,9.8100,1,905622
2026-07-03,2026-07-06,BANCO GANADERO,9.5800,1,2
2026-07-03,2026-07-06,BANCO GANADERO,9.6000,191,105083
2026-07-03,2026-07-06,BANCO GANADERO,9.6300,2,45083
2026-07-03,2026-07-06,BANCO GANADERO,9.7000,294,323549
2026-07-03,2026-07-06,BANCO GANADERO,9.7300,33,1391657
2026-07-03,2026-07-06,BANCO GANADERO,9.7900,1,450000
2026-07-03,2026-07-06,BANCO GANADERO,9.8000,39,2304
2026-07-03,2026-07-06,BANCO GANADERO,9.8100,1,1374111
2026-07-03,2026-07-06,BANCO GANADERO,9.8400,1,400000
2026-07-03,2026-07-06,BANCO GANADERO,9.8500,3,4354619
2026-07-03,2026-07-06,BANCO GANADERO,9.8800,3,17
2026-07-03,2026-07-06,BANCO MERCANTIL SANTA CRUZ,9.5900,2,9
2026-07-03,2026-07-06,BANCO MERCANTIL SANTA CRUZ,9.6000,136,757251
2026-07-03,2026-07-06,BANCO MERCANTIL SANTA CRUZ,9.6200,2,4
2026-07-03,2026-07-06,BANCO MERCANTIL SANTA CRUZ,9.7600,1,92572
2026-07-03,2026-07-06,BANCO MERCANTIL SANTA CRUZ,9.8000,3,29594
2026-07-03,2026-07-06,BANCO MERCANTIL SANTA CRUZ,9.8200,1,1051501
2026-07-03,2026-07-06,BANCO MERCANTIL SANTA CRUZ,9.8300,1,187022
2026-07-03,2026-07-06,BANCO MERCANTIL SANTA CRUZ,9.9600,1,199845
2026-07-03,2026-07-06,BANCO MERCANTIL SANTA CRUZ,9.9650,1,1500000
2026-07-03,2026-07-06,BANCO MERCANTIL SANTA CRUZ,10.0000,1,0
2026-07-03,2026-07-06,BANCO MERCANTIL SANTA CRUZ,10.2500,1,59
2026-07-03,2026-07-06,BANCO NACIONAL DE BOLIVIA,9.7900,3,10085
2026-07-03,2026-07-06,BANCO NACIONAL DE BOLIVIA,9.8000,1071,1855909
2026-07-03,2026-07-06,BANCO NACIONAL DE BOLIVIA,9.8100,1,300000
2026-07-03,2026-07-06,BANCO PRODEM,9.7000,7,18491
2026-07-03,2026-07-06,BANCO PYME DE LA COMUNIDAD,9.8000,3,64
2026-07-03,2026-07-06,BANCO PYME ECOFUTURO,9.4000,5,3815
2026-07-03,2026-07-06,BANCO SOLIDARIO,9.2900,1,29001
2026-07-03,2026-07-06,BANCO SOLIDARIO,9.3100,16,1974
2026-07-03,2026-07-06,BANCO SOLIDARIO,9.8000,3,74276
2026-07-03,2026-07-06,BANCO SOLIDARIO,9.8800,1,97200
2026-07-03,2026-07-06,BANCO SOLIDARIO,9.8850,1,599962
2026-07-03,2026-07-06,BANCO UNION,9.8000,83,318733
2026-07-06,2026-07-07,BANCO BISA,9.7000,3,2704
2026-07-06,2026-07-07,BANCO BISA,9.7300,39,105731
2026-07-06,2026-07-07,BANCO BISA,9.7400,1,25962
2026-07-06,2026-07-07,BANCO BISA,9.7800,1,144935
2026-07-06,2026-07-07,BANCO BISA,9.8000,1,22000
2026-07-06,2026-07-07,BANCO BISA,9.8300,2,18700
2026-07-06,2026-07-07,BANCO BISA,9.8500,2,821090
2026-07-06,2026-07-07,BANCO BISA,9.8800,1,292281
2026-07-06,2026-07-07,BANCO BISA,9.8900,1,199965
2026-07-06,2026-07-07,BANCO BISA,9.9000,3,1313120
2026-07-06,2026-07-07,BANCO BISA,9.9500,1,700000
2026-07-06,2026-07-07,BANCO DE CRÉDITO,9.7000,3,2500
2026-07-06,2026-07-07,BANCO DE CRÉDITO,9.7300,7,35701
2026-07-06,2026-07-07,BANCO DE CRÉDITO,9.9300,1,849700
2026-07-06,2026-07-07,BANCO DE CRÉDITO,9.9500,1,505643
2026-07-06,2026-07-07,BANCO DE LA NACIÓN ARGENTINA,9.7300,29,5134
2026-07-06,2026-07-07,BANCO DE LA NACIÓN ARGENTINA,9.8300,1,12475
2026-07-06,2026-07-07,BANCO ECONÓMICO,9.4300,22,21372
2026-07-06,2026-07-07,BANCO ECONÓMICO,9.8700,1,181531
2026-07-06,2026-07-07,BANCO ECONÓMICO,9.9000,4,695604
2026-07-06,2026-07-07,BANCO ECONÓMICO,9.9200,1,300000
2026-07-06,2026-07-07,BANCO FIE,9.7300,17,15603
2026-07-06,2026-07-07,BANCO FORTALEZA,9.7300,2,2674
2026-07-06,2026-07-07,BANCO FORTALEZA,9.7500,1,8880
2026-07-06,2026-07-07,BANCO FORTALEZA,9.8300,6,1745
2026-07-06,2026-07-07,BANCO GANADERO,9.6000,1,42440
2026-07-06,2026-07-07,BANCO GANADERO,9.6300,199,129283
2026-07-06,2026-07-07,BANCO GANADERO,9.7000,227,393939
2026-07-06,2026-07-07,BANCO GANADERO,9.7300,12,1124923
2026-07-06,2026-07-07,BANCO GANADERO,9.8299,1,69
2026-07-06,2026-07-07,BANCO GANADERO,9.8300,117,4441
2026-07-06,2026-07-07,BANCO GANADERO,9.8302,1,16
2026-07-06,2026-07-07,BANCO GANADERO,9.9000,1,985
2026-07-06,2026-07-07,BANCO GANADERO,9.9296,1,71
2026-07-06,2026-07-07,BANCO GANADERO,9.9300,2,5
2026-07-06,2026-07-07,BANCO MERCANTIL SANTA CRUZ,9.6000,1,6
2026-07-06,2026-07-07,BANCO MERCANTIL SANTA CRUZ,9.6300,201,260082
2026-07-06,2026-07-07,BANCO MERCANTIL SANTA CRUZ,9.7800,1,21455
2026-07-06,2026-07-07,BANCO MERCANTIL SANTA CRUZ,9.8300,3,49488
2026-07-06,2026-07-07,BANCO MERCANTIL SANTA CRUZ,9.9000,2,109876
2026-07-06,2026-07-07,BANCO MERCANTIL SANTA CRUZ,10.0000,2,1100040
2026-07-06,2026-07-07,BANCO MERCANTIL SANTA CRUZ,10.0850,1,600000
2026-07-06,2026-07-07,BANCO MERCANTIL SANTA CRUZ,10.1500,1,399915
2026-07-06,2026-07-07,BANCO NACIONAL DE BOLIVIA,9.7000,1,2000
2026-07-06,2026-07-07,BANCO NACIONAL DE BOLIVIA,9.7300,9,36096
2026-07-06,2026-07-07,BANCO NACIONAL DE BOLIVIA,9.8300,161,115500
2026-07-06,2026-07-07,BANCO NACIONAL DE BOLIVIA,9.8400,1,1
2026-07-06,2026-07-07,BANCO PRODEM,9.7300,9,4406
2026-07-06,2026-07-07,BANCO PYME DE LA COMUNIDAD,9.8300,4,7049
2026-07-06,2026-07-07,BANCO PYME ECOFUTURO,9.4300,3,47414
2026-07-06,2026-07-07,BANCO SOLIDARIO,9.3400,21,1608
2026-07-06,2026-07-07,BANCO SOLIDARIO,9.8500,2,45445
2026-07-06,2026-07-07,BANCO SOLIDARIO,9.8620,2,500000
2026-07-06,2026-07-07,BANCO SOLIDARIO,9.9000,2,10243
2026-07-06,2026-07-07,BANCO SOLIDARIO,9.9500,3,311275
2026-07-06,2026-07-07,BANCO SOLIDARIO,9.9700,4,93599
2026-07-06,2026-07-07,BANCO UNION,9.8300,64,180125
2026-07-07,2026-07-08,BANCO BISA,9.7300,2,4771
2026-07-07,2026-07-08,BANCO BISA,9.7500,2,1524
2026-07-07,2026-07-08,BANCO BISA,9.7900,37,56928
2026-07-07,2026-07-08,BANCO BISA,9.8000,3,24851
2026-07-07,2026-07-08,BANCO BISA,9.8700,1,62538
2026-07-07,2026-07-08,BANCO BISA,9.8900,10,305472
2026-07-07,2026-07-08,BANCO BISA,9.9400,1,493713
2026-07-07,2026-07-08,BANCO BISA,9.9500,4,1672238
2026-07-07,2026-07-08,BANCO BISA,9.9800,1,1020000
2026-07-07,2026-07-08,BANCO BISA,10.0000,2,649900
2026-07-07,2026-07-08,BANCO BISA,10.0200,1,999960
2026-07-07,2026-07-08,BANCO BISA,10.0500,1,500000
2026-07-07,2026-07-08,BANCO DE CRÉDITO,9.7900,15,28166
2026-07-07,2026-07-08,BANCO DE CRÉDITO,9.8500,1,148543
2026-07-07,2026-07-08,BANCO DE CRÉDITO,9.8990,1,58615
2026-07-07,2026-07-08,BANCO DE CRÉDITO,9.9000,1,303030
2026-07-07,2026-07-08,BANCO DE CRÉDITO,9.9500,1,180000
2026-07-07,2026-07-08,BANCO DE CRÉDITO,9.9700,1,99945
2026-07-07,2026-07-08,BANCO DE LA NACIÓN ARGENTINA,9.7900,10,23805
2026-07-07,2026-07-08,BANCO DE LA NACIÓN ARGENTINA,9.8900,1,9659
2026-07-07,2026-07-08,BANCO ECONÓMICO,9.4900,25,33885
2026-07-07,2026-07-08,BANCO ECONÓMICO,9.7900,1,3915
2026-07-07,2026-07-08,BANCO ECONÓMICO,9.9500,1,299120
2026-07-07,2026-07-08,BANCO ECONÓMICO,9.9800,1,500000
2026-07-07,2026-07-08,BANCO ECONÓMICO,10.0500,1,500000
2026-07-07,2026-07-08,BANCO FIE,9.7900,25,14763
2026-07-07,2026-07-08,BANCO FORTALEZA,9.8900,2,200
2026-07-07,2026-07-08,BANCO GANADERO,9.6000,1,43754
2026-07-07,2026-07-08,BANCO GANADERO,9.6300,5,43290
2026-07-07,2026-07-08,BANCO GANADERO,9.6900,137,44202
2026-07-07,2026-07-08,BANCO GANADERO,9.6934,1,4
2026-07-07,2026-07-08,BANCO GANADERO,9.7000,248,296354
2026-07-07,2026-07-08,BANCO GANADERO,9.7300,76,1173281
2026-07-07,2026-07-08,BANCO GANADERO,9.8900,59,250063
2026-07-07,2026-07-08,BANCO GANADERO,9.9001,1,391
2026-07-07,2026-07-08,BANCO GANADERO,9.9296,1,68
2026-07-07,2026-07-08,BANCO GANADERO,9.9300,5,301552
2026-07-07,2026-07-08,BANCO GANADERO,9.9400,1,299982
2026-07-07,2026-07-08,BANCO GANADERO,9.9800,2,494208
2026-07-07,2026-07-08,BANCO GANADERO,10.0000,3,1646671
2026-07-07,2026-07-08,BANCO GANADERO,10.0600,1,431808
2026-07-07,2026-07-08,BANCO GANADERO,10.1100,3,600000
2026-07-07,2026-07-08,BANCO GANADERO,10.1600,1,649975
2026-07-07,2026-07-08,BANCO MERCANTIL SANTA CRUZ,9.6800,1,0
2026-07-07,2026-07-08,BANCO MERCANTIL SANTA CRUZ,9.6900,138,39464
2026-07-07,2026-07-08,BANCO MERCANTIL SANTA CRUZ,9.8900,1,292
2026-07-07,2026-07-08,BANCO MERCANTIL SANTA CRUZ,10.0200,1,1001429
2026-07-07,2026-07-08,BANCO NACIONAL DE BOLIVIA,9.7300,1,20
2026-07-07,2026-07-08,BANCO NACIONAL DE BOLIVIA,9.7500,2,1750
2026-07-07,2026-07-08,BANCO NACIONAL DE BOLIVIA,9.7900,2,10616
2026-07-07,2026-07-08,BANCO NACIONAL DE BOLIVIA,9.8000,1,939
2026-07-07,2026-07-08,BANCO NACIONAL DE BOLIVIA,9.8800,1,14947
2026-07-07,2026-07-08,BANCO NACIONAL DE BOLIVIA,9.8900,148,421862
2026-07-07,2026-07-08,BANCO NACIONAL DE BOLIVIA,9.9000,1,2999975
2026-07-07,2026-07-08,BANCO NACIONAL DE BOLIVIA,9.9300,1,99975
2026-07-07,2026-07-08,BANCO NACIONAL DE BOLIVIA,9.9400,1,1108125
2026-07-07,2026-07-08,BANCO NACIONAL DE BOLIVIA,10.1300,1,1199975
2026-07-07,2026-07-08,BANCO PRODEM,9.7300,1,1
2026-07-07,2026-07-08,BANCO PRODEM,9.7900,8,13866
2026-07-07,2026-07-08,BANCO PYME DE LA COMUNIDAD,9.8900,1,2000
2026-07-07,2026-07-08,BANCO PYME ECOFUTURO,9.4900,3,107
2026-07-07,2026-07-08,BANCO SOLIDARIO,9.4000,11,20294
2026-07-07,2026-07-08,BANCO SOLIDARIO,9.9500,2,109900
2026-07-07,2026-07-08,BANCO SOLIDARIO,9.9620,1,499905
2026-07-07,2026-07-08,BANCO SOLIDARIO,9.9700,1,6116
2026-07-07,2026-07-08,BANCO SOLIDARIO,9.9800,3,1579970
2026-07-07,2026-07-08,BANCO SOLIDARIO,10.0000,1,199983
2026-07-07,2026-07-08,BANCO SOLIDARIO,10.0500,1,97105
2026-07-07,2026-07-08,BANCO UNION,9.8900,79,159336
2026-07-08,2026-07-09,BANCO BISA,9.7900,1,242
2026-07-08,2026-07-09,BANCO BISA,9.8600,55,224706
2026-07-08,2026-07-09,BANCO BISA,9.8700,1,34660
2026-07-08,2026-07-09,BANCO BISA,9.8800,2,2288
2026-07-08,2026-07-09,BANCO BISA,9.8900,1,39620
2026-07-08,2026-07-09,BANCO BISA,9.9000,2,108822
2026-07-08,2026-07-09,BANCO BISA,9.9100,1,70000
2026-07-08,2026-07-09,BANCO BISA,9.9600,10,354128
2026-07-08,2026-07-09,BANCO BISA,10.0000,3,767287
2026-07-08,2026-07-09,BANCO BISA,10.0600,2,207875
2026-07-08,2026-07-09,BANCO BISA,10.1000,3,246999
2026-07-08,2026-07-09,BANCO BISA,10.1600,2,523491
2026-07-08,2026-07-09,BANCO BISA,10.1850,1,100000
2026-07-08,2026-07-09,BANCO BISA,10.2550,1,1000000
2026-07-08,2026-07-09,BANCO DE CRÉDITO,9.8600,12,7752
2026-07-08,2026-07-09,BANCO DE CRÉDITO,9.9600,2,362603
2026-07-08,2026-07-09,BANCO DE CRÉDITO,10.1000,3,499444
2026-07-08,2026-07-09,BANCO DE CRÉDITO,10.1500,6,394967
2026-07-08,2026-07-09,BANCO DE LA NACIÓN ARGENTINA,9.8600,10,3320
2026-07-08,2026-07-09,BANCO ECONÓMICO,9.5600,15,3236
2026-07-08,2026-07-09,BANCO ECONÓMICO,9.9600,2,32097
2026-07-08,2026-07-09,BANCO FIE,9.8600,22,12445
2026-07-08,2026-07-09,BANCO FORTALEZA,9.8900,1,125000
2026-07-08,2026-07-09,BANCO FORTALEZA,10.1500,1,300000
2026-07-08,2026-07-09,BANCO GANADERO,9.6000,1,16886
2026-07-08,2026-07-09,BANCO GANADERO,9.6300,1,27213
2026-07-08,2026-07-09,BANCO GANADERO,9.6600,1,36855
2026-07-08,2026-07-09,BANCO GANADERO,9.6900,4,20
2026-07-08,2026-07-09,BANCO GANADERO,9.7000,34,27902
2026-07-08,2026-07-09,BANCO GANADERO,9.7300,2,250203
2026-07-08,2026-07-09,BANCO GANADERO,9.7600,232,1510509
2026-07-08,2026-07-09,BANCO GANADERO,9.9600,2,17
2026-07-08,2026-07-09,BANCO GANADERO,9.9603,2,37
2026-07-08,2026-07-09,BANCO GANADERO,9.9649,1,1
2026-07-08,2026-07-09,BANCO GANADERO,9.9900,3,94
2026-07-08,2026-07-09,BANCO GANADERO,10.0000,1,150000
2026-07-08,2026-07-09,BANCO GANADERO,10.0300,1,184529
2026-07-08,2026-07-09,BANCO GANADERO,10.0500,1,400000
2026-07-08,2026-07-09,BANCO GANADERO,10.1000,2,1977845
2026-07-08,2026-07-09,BANCO GANADERO,10.2410,1,1500000
2026-07-08,2026-07-09,BANCO GANADERO,10.2500,1,500000
2026-07-08,2026-07-09,BANCO MERCANTIL SANTA CRUZ,9.7600,145,278412
2026-07-08,2026-07-09,BANCO MERCANTIL SANTA CRUZ,9.9600,2,7042
2026-07-08,2026-07-09,BANCO MERCANTIL SANTA CRUZ,9.9700,1,41340
2026-07-08,2026-07-09,BANCO MERCANTIL SANTA CRUZ,10.0200,3,3093065
2026-07-08,2026-07-09,BANCO MERCANTIL SANTA CRUZ,10.0600,4,560000
2026-07-08,2026-07-09,BANCO MERCANTIL SANTA CRUZ,10.2500,1,1000000
2026-07-08,2026-07-09,BANCO MERCANTIL SANTA CRUZ,10.2650,3,1659895
2026-07-08,2026-07-09,BANCO MERCANTIL SANTA CRUZ,10.3490,3,5000000
2026-07-08,2026-07-09,BANCO NACIONAL DE BOLIVIA,9.5000,1,150000
2026-07-08,2026-07-09,BANCO NACIONAL DE BOLIVIA,9.7600,1,51
2026-07-08,2026-07-09,BANCO NACIONAL DE BOLIVIA,9.8000,4,2990
2026-07-08,2026-07-09,BANCO NACIONAL DE BOLIVIA,9.8600,87,258331
2026-07-08,2026-07-09,BANCO NACIONAL DE BOLIVIA,9.9500,105,2812505
2026-07-08,2026-07-09,BANCO NACIONAL DE BOLIVIA,9.9600,3,6501
2026-07-08,2026-07-09,BANCO NACIONAL DE BOLIVIA,10.0000,2,
2026-07-08,2026-07-09,BANCO NACIONAL DE BOLIVIA,10.0700,1,375918
2026-07-08,2026-07-09,BANCO PRODEM,9.8600,13,57246
2026-07-08,2026-07-09,BANCO PYME DE LA COMUNIDAD,9.9600,3,1101
2026-07-08,2026-07-09,BANCO PYME ECOFUTURO,9.5600,3,422
2026-07-08,2026-07-09,BANCO SOLIDARIO,9.2700,1,150000
2026-07-08,2026-07-09,BANCO SOLIDARIO,9.4600,22,8026
2026-07-08,2026-07-09,BANCO SOLIDARIO,9.8000,6,4752
2026-07-08,2026-07-09,BANCO SOLIDARIO,9.9600,1,29900
2026-07-08,2026-07-09,BANCO SOLIDARIO,9.9800,2,150000
2026-07-08,2026-07-09,BANCO SOLIDARIO,10.0500,1,13905
2026-07-08,2026-07-09,BANCO SOLIDARIO,10.0700,1,113600
2026-07-08,2026-07-09,BANCO SOLIDARIO,10.1750,1,129288
2026-07-08,2026-07-09,BANCO SOLIDARIO,10.3050,1,499880
2026-07-08,2026-07-09,BANCO UNION,9.9600,68,47994
2026-07-09,2026-07-10,BANCO BISA,9.9000,5,14540
2026-07-09,2026-07-10,BANCO BISA,9.9500,6,12440
2026-07-09,2026-07-10,BANCO BISA,9.9650,2,120000
2026-07-09,2026-07-10,BANCO BISA,10.0000,24,29036
2026-07-09,2026-07-10,BANCO BISA,10.1000,4,174304
2026-07-09,2026-07-10,BANCO BISA,10.1500,4,566740
2026-07-09,2026-07-10,BANCO BISA,10.2200,1,189280
2026-07-09,2026-07-10,BANCO BISA,10.2500,2,1195675
2026-07-09,2026-07-10,BANCO BISA,10.2800,1,600000
2026-07-09,2026-07-10,BANCO BISA,10.3000,1,1000000
2026-07-09,2026-07-10,BANCO DE CRÉDITO,9.8600,1,166
2026-07-09,2026-07-10,BANCO DE CRÉDITO,10.0000,33,178225
2026-07-09,2026-07-10,BANCO DE CRÉDITO,10.0500,3,239883
2026-07-09,2026-07-10,BANCO DE CRÉDITO,10.1000,3,527840
2026-07-09,2026-07-10,BANCO DE CRÉDITO,10.1600,2,251336
2026-07-09,2026-07-10,BANCO DE CRÉDITO,10.1900,1,5000
2026-07-09,2026-07-10,BANCO DE CRÉDITO,10.2000,1,15850
2026-07-09,2026-07-10,BANCO DE CRÉDITO,10.2500,1,200000
2026-07-09,2026-07-10,BANCO DE CRÉDITO,10.2550,1,1000000
2026-07-09,2026-07-10,BANCO DE CRÉDITO,10.2700,4,480000
2026-07-09,2026-07-10,BANCO DE CRÉDITO,10.3000,2,1000619
2026-07-09,2026-07-10,BANCO DE CRÉDITO,10.3800,1,938394
2026-07-09,2026-07-10,BANCO DE CRÉDITO,10.4000,1,350000
2026-07-09,2026-07-10,BANCO DE LA NACIÓN ARGENTINA,10.0000,8,2932
2026-07-09,2026-07-10,BANCO ECONÓMICO,10.0000,31,14520
2026-07-09,2026-07-10,BANCO ECONÓMICO,10.1000,1,36232
2026-07-09,2026-07-10,BANCO ECONÓMICO,10.1700,1,100000
2026-07-09,2026-07-10,BANCO ECONÓMICO,10.2000,1,70000
2026-07-09,2026-07-10,BANCO ECONÓMICO,10.2500,1,74000
2026-07-09,2026-07-10,BANCO ECONÓMICO,10.2700,1,30000
2026-07-09,2026-07-10,BANCO ECONÓMICO,10.2800,1,400000
2026-07-09,2026-07-10,BANCO FIE,10.0000,14,31651
2026-07-09,2026-07-10,BANCO FORTALEZA,7.5000,2,1814
2026-07-09,2026-07-10,BANCO GANADERO,9.6000,1,3003
2026-07-09,2026-07-10,BANCO GANADERO,9.6300,1,15301
2026-07-09,2026-07-10,BANCO GANADERO,9.7000,1,10209
2026-07-09,2026-07-10,BANCO GANADERO,9.7300,4,270172
2026-07-09,2026-07-10,BANCO GANADERO,9.7600,4,168
2026-07-09,2026-07-10,BANCO GANADERO,9.8400,41,823895
2026-07-09,2026-07-10,BANCO GANADERO,9.9000,132,70774
2026-07-09,2026-07-10,BANCO GANADERO,9.9850,1,50000
2026-07-09,2026-07-10,BANCO GANADERO,9.9900,1,49280
2026-07-09,2026-07-10,BANCO GANADERO,10.0600,2,4
2026-07-09,2026-07-10,BANCO GANADERO,10.1000,84,405809
2026-07-09,2026-07-10,BANCO GANADERO,10.2000,2,200000
2026-07-09,2026-07-10,BANCO GANADERO,10.2530,1,1500000
2026-07-09,2026-07-10,BANCO GANADERO,10.3000,1,200000
2026-07-09,2026-07-10,BANCO GANADERO,10.4500,1,505669
2026-07-09,2026-07-10,BANCO MERCANTIL SANTA CRUZ,9.9000,103,64353
2026-07-09,2026-07-10,BANCO MERCANTIL SANTA CRUZ,10.0600,2,500000
2026-07-09,2026-07-10,BANCO MERCANTIL SANTA CRUZ,10.1000,1,100000
2026-07-09,2026-07-10,BANCO MERCANTIL SANTA CRUZ,10.1500,2,252327
2026-07-09,2026-07-10,BANCO MERCANTIL SANTA CRUZ,10.2500,20,459053
2026-07-09,2026-07-10,BANCO MERCANTIL SANTA CRUZ,10.2600,1,3008543
2026-07-09,2026-07-10,BANCO MERCANTIL SANTA CRUZ,10.3300,1,3000128
2026-07-09,2026-07-10,BANCO MERCANTIL SANTA CRUZ,10.3400,2,2500000
2026-07-09,2026-07-10,BANCO MERCANTIL SANTA CRUZ,10.5500,1,47
2026-07-09,2026-07-10,BANCO NACIONAL DE BOLIVIA,10.0000,90,430494
2026-07-09,2026-07-10,BANCO NACIONAL DE BOLIVIA,10.0900,119,136505
2026-07-09,2026-07-10,BANCO NACIONAL DE BOLIVIA,10.1000,4,1600660
2026-07-09,2026-07-10,BANCO NACIONAL DE BOLIVIA,10.2300,1,1499975
2026-07-09,2026-07-10,BANCO PRODEM,10.0000,15,70219
2026-07-09,2026-07-10,BANCO PYME DE LA COMUNIDAD,10.1000,4,570
2026-07-09,2026-07-10,BANCO PYME ECOFUTURO,9.7000,1,10
2026-07-09,2026-07-10,BANCO SOLIDARIO,9.6000,24,9897
2026-07-09,2026-07-10,BANCO SOLIDARIO,9.9300,1,13333
2026-07-09,2026-07-10,BANCO SOLIDARIO,10.0000,1,36061
2026-07-09,2026-07-10,BANCO SOLIDARIO,10.0500,4,39182
2026-07-09,2026-07-10,BANCO SOLIDARIO,10.1000,2,41743
2026-07-09,2026-07-10,BANCO SOLIDARIO,10.1800,1,299905
2026-07-09,2026-07-10,BANCO SOLIDARIO,10.1810,1,300000
2026-07-09,2026-07-10,BANCO SOLIDARIO,10.2000,1,11429
2026-07-09,2026-07-10,BANCO SOLIDARIO,10.4700,2,479810
2026-07-09,2026-07-10,BANCO SOLIDARIO,10.4900,2,300000
2026-07-09,2026-07-10,BANCO SOLIDARIO,10.5000,1,99880
2026-07-09,2026-07-10,BANCO SOLIDARIO,10.5500,1,499905
2026-07-09,2026-07-10,BANCO UNION,10.1000,80,59816
2026-07-10,2026-07-13,BANCO BISA,9.9000,10,56371
2026-07-10,2026-07-13,BANCO BISA,9.9500,4,4686
2026-07-10,2026-07-13,BANCO BISA,10.1400,44,207611
2026-07-10,2026-07-13,BANCO BISA,10.1900,2,3114
2026-07-10,2026-07-13,BANCO BISA,10.2300,1,100000
2026-07-10,2026-07-13,BANCO BISA,10.2400,4,48871
2026-07-10,2026-07-13,BANCO BISA,10.2500,4,530416
2026-07-10,2026-07-13,BANCO BISA,10.2900,3,75000
2026-07-10,2026-07-13,BANCO BISA,10.3000,4,2257939
2026-07-10,2026-07-13,BANCO BISA,10.3300,2,13000
2026-07-10,2026-07-13,BANCO BISA,10.3500,2,176010
2026-07-10,2026-07-13,BANCO BISA,10.3800,1,500000
2026-07-10,2026-07-13,BANCO BISA,10.4000,4,1379406
2026-07-10,2026-07-13,BANCO BISA,10.4200,1,100000
2026-07-10,2026-07-13,BANCO BISA,10.4800,1,698000
2026-07-10,2026-07-13,BANCO BISA,10.5000,3,1600000
2026-07-10,2026-07-13,BANCO BISA,10.5500,1,500000
2026-07-10,2026-07-13,BANCO DE CRÉDITO,10.1400,22,28888
2026-07-10,2026-07-13,BANCO DE CRÉDITO,10.1500,1,29950
2026-07-10,2026-07-13,BANCO DE CRÉDITO,10.2000,1,50000
2026-07-10,2026-07-13,BANCO DE CRÉDITO,10.2400,2,47498
2026-07-10,2026-07-13,BANCO DE CRÉDITO,10.3200,2,173695
2026-07-10,2026-07-13,BANCO DE CRÉDITO,10.3400,2,25000
2026-07-10,2026-07-13,BANCO DE CRÉDITO,10.4000,1,99930
2026-07-10,2026-07-13,BANCO DE CRÉDITO,10.5000,1,581244
2026-07-10,2026-07-13,BANCO DE CRÉDITO,10.5500,1,798448
2026-07-10,2026-07-13,BANCO DE CRÉDITO,10.6200,1,4000000
2026-07-10,2026-07-13,BANCO DE LA NACIÓN ARGENTINA,10.1400,12,3349
2026-07-10,2026-07-13,BANCO DE LA NACIÓN ARGENTINA,10.2400,4,1841
2026-07-10,2026-07-13,BANCO ECONÓMICO,10.1400,25,6394
2026-07-10,2026-07-13,BANCO ECONÓMICO,10.1500,1,500000
2026-07-10,2026-07-13,BANCO ECONÓMICO,10.5000,1,100000
2026-07-10,2026-07-13,BANCO ECONÓMICO,10.5500,1,1000000
2026-07-10,2026-07-13,BANCO ECONÓMICO,10.6000,1,399975
2026-07-10,2026-07-13,BANCO ECONÓMICO,10.6400,1,1800000
2026-07-10,2026-07-13,BANCO FIE,10.1400,10,718
2026-07-10,2026-07-13,BANCO FIE,10.2000,1,4267
2026-07-10,2026-07-13,BANCO FORTALEZA,10.2400,2,431
2026-07-10,2026-07-13,BANCO FORTALEZA,10.2700,1,48440
2026-07-10,2026-07-13,BANCO GANADERO,9.6000,1,1652
2026-07-10,2026-07-13,BANCO GANADERO,9.6300,1,22232
2026-07-10,2026-07-13,BANCO GANADERO,9.7000,2,5547
2026-07-10,2026-07-13,BANCO GANADERO,9.7300,2,274449
2026-07-10,2026-07-13,BANCO GANADERO,9.9000,3,13
2026-07-10,2026-07-13,BANCO GANADERO,9.9600,1,56285
2026-07-10,2026-07-13,BANCO GANADERO,10.0400,162,92859
2026-07-10,2026-07-13,BANCO GANADERO,10.1500,1,199948
2026-07-10,2026-07-13,BANCO GANADERO,10.2000,29,979049
2026-07-10,2026-07-13,BANCO GANADERO,10.2400,39,401960
2026-07-10,2026-07-13,BANCO GANADERO,10.3000,1,150970
2026-07-10,2026-07-13,BANCO GANADERO,10.4350,3,300000
2026-07-10,2026-07-13,BANCO GANADERO,10.6200,1,1000000
2026-07-10,2026-07-13,BANCO MERCANTIL SANTA CRUZ,10.0400,190,57504
2026-07-10,2026-07-13,BANCO MERCANTIL SANTA CRUZ,10.2400,13,267274
2026-07-10,2026-07-13,BANCO MERCANTIL SANTA CRUZ,10.2500,1,12500
2026-07-10,2026-07-13,BANCO MERCANTIL SANTA CRUZ,10.2800,1,29300
2026-07-10,2026-07-13,BANCO MERCANTIL SANTA CRUZ,10.3400,2,100000
2026-07-10,2026-07-13,BANCO MERCANTIL SANTA CRUZ,10.4500,1,334000
2026-07-10,2026-07-13,BANCO MERCANTIL SANTA CRUZ,10.6900,1,56
2026-07-10,2026-07-13,BANCO NACIONAL DE BOLIVIA,10.1000,2,9500
2026-07-10,2026-07-13,BANCO NACIONAL DE BOLIVIA,10.1400,93,585250
2026-07-10,2026-07-13,BANCO NACIONAL DE BOLIVIA,10.2000,1,3499955
2026-07-10,2026-07-13,BANCO NACIONAL DE BOLIVIA,10.2300,125,24871
2026-07-10,2026-07-13,BANCO NACIONAL DE BOLIVIA,10.2400,1,450000
2026-07-10,2026-07-13,BANCO NACIONAL DE BOLIVIA,10.2580,2,3107633
2026-07-10,2026-07-13,BANCO NACIONAL DE BOLIVIA,10.2900,1,2611715
2026-07-10,2026-07-13,BANCO PRODEM,10.1400,9,3750
2026-07-10,2026-07-13,BANCO PYME DE LA COMUNIDAD,10.2400,1,68
2026-07-10,2026-07-13,BANCO PYME ECOFUTURO,9.8400,2,112
2026-07-10,2026-07-13,BANCO SOLIDARIO,9.7300,21,2398
2026-07-10,2026-07-13,BANCO SOLIDARIO,9.8500,1,400
2026-07-10,2026-07-13,BANCO SOLIDARIO,10.2000,3,59904
2026-07-10,2026-07-13,BANCO SOLIDARIO,10.2400,1,25376
2026-07-10,2026-07-13,BANCO SOLIDARIO,10.2500,2,28997
2026-07-10,2026-07-13,BANCO SOLIDARIO,10.3500,1,13413
2026-07-10,2026-07-13,BANCO SOLIDARIO,10.3700,1,99887
2026-07-10,2026-07-13,BANCO SOLIDARIO,10.4000,1,39905
2026-07-10,2026-07-13,BANCO SOLIDARIO,10.5200,1,1000000
2026-07-10,2026-07-13,BANCO SOLIDARIO,10.5500,2,1795393
2026-07-10,2026-07-13,BANCO SOLIDARIO,10.7100,2,499965
2026-07-10,2026-07-13,BANCO SOLIDARIO,10.7500,1,449880
2026-07-10,2026-07-13,BANCO UNION,10.2400,80,339509
2026-07-13,2026-07-14,BANCO BISA,10.1000,3,2367
2026-07-13,2026-07-14,BANCO BISA,10.3000,37,163823
2026-07-13,2026-07-14,BANCO BISA,10.3500,1,14000
2026-07-13,2026-07-14,BANCO BISA,10.4000,2,4765
2026-07-13,2026-07-14,BANCO BISA,10.4500,2,134165
2026-07-13,2026-07-14,BANCO BISA,10.5500,2,759965
2026-07-13,2026-07-14,BANCO BISA,10.5600,1,1210000
2026-07-13,2026-07-14,BANCO DE CRÉDITO,10.3000,46,129929
2026-07-13,2026-07-14,BANCO DE CRÉDITO,10.4000,1,53800
2026-07-13,2026-07-14,BANCO DE CRÉDITO,10.5000,35,73100
2026-07-13,2026-07-14,BANCO DE LA NACIÓN ARGENTINA,10.3000,15,1372
2026-07-13,2026-07-14,BANCO DE LA NACIÓN ARGENTINA,10.4000,1,1154
2026-07-13,2026-07-14,BANCO ECONÓMICO,10.3000,26,28314
2026-07-13,2026-07-14,BANCO ECONÓMICO,10.4000,2,103976
2026-07-13,2026-07-14,BANCO ECONÓMICO,10.6000,1,300000
2026-07-13,2026-07-14,BANCO FIE,10.3000,21,66249
2026-07-13,2026-07-14,BANCO FIE,10.5000,1,32431
2026-07-13,2026-07-14,BANCO FIE,10.5250,1,300000
2026-07-13,2026-07-14,BANCO FORTALEZA,10.4000,6,70
2026-07-13,2026-07-14,BANCO GANADERO,9.6000,1,440
2026-07-13,2026-07-14,BANCO GANADERO,9.6300,1,43924
2026-07-13,2026-07-14,BANCO GANADERO,9.7000,1,2755
2026-07-13,2026-07-14,BANCO GANADERO,9.7300,1,254257
2026-07-13,2026-07-14,BANCO GANADERO,9.9600,1,48988
2026-07-13,2026-07-14,BANCO GANADERO,10.2000,181,1050211
2026-07-13,2026-07-14,BANCO GANADERO,10.2400,18,25265
2026-07-13,2026-07-14,BANCO GANADERO,10.3200,1,70000
2026-07-13,2026-07-14,BANCO GANADERO,10.3600,2,13768
2026-07-13,2026-07-14,BANCO GANADERO,10.4000,7,16760
2026-07-13,2026-07-14,BANCO GANADERO,10.4001,3,128
2026-07-13,2026-07-14,BANCO GANADERO,10.4500,1,34311
2026-07-13,2026-07-14,BANCO GANADERO,10.5000,3,8
2026-07-13,2026-07-14,BANCO GANADERO,10.5100,1,2
2026-07-13,2026-07-14,BANCO MERCANTIL SANTA CRUZ,10.1900,1,1
2026-07-13,2026-07-14,BANCO MERCANTIL SANTA CRUZ,10.2000,182,291463
2026-07-13,2026-07-14,BANCO MERCANTIL SANTA CRUZ,10.5000,1,70000
2026-07-13,2026-07-14,BANCO MERCANTIL SANTA CRUZ,10.5500,1,30000
2026-07-13,2026-07-14,BANCO MERCANTIL SANTA CRUZ,10.6000,3,19942
2026-07-13,2026-07-14,BANCO MERCANTIL SANTA CRUZ,10.6400,1,1000000
2026-07-13,2026-07-14,BANCO MERCANTIL SANTA CRUZ,10.6500,1,607651
2026-07-13,2026-07-14,BANCO MERCANTIL SANTA CRUZ,10.7100,1,99920
2026-07-13,2026-07-14,BANCO MERCANTIL SANTA CRUZ,10.7680,1,1500000
2026-07-13,2026-07-14,BANCO MERCANTIL SANTA CRUZ,10.8500,1,900
2026-07-13,2026-07-14,BANCO NACIONAL DE BOLIVIA,9.9900,2,582
2026-07-13,2026-07-14,BANCO NACIONAL DE BOLIVIA,10.1400,1,41
2026-07-13,2026-07-14,BANCO NACIONAL DE BOLIVIA,10.2000,2,1380
2026-07-13,2026-07-14,BANCO NACIONAL DE BOLIVIA,10.3000,105,265942
2026-07-13,2026-07-14,BANCO NACIONAL DE BOLIVIA,10.3900,131,64072
2026-07-13,2026-07-14,BANCO NACIONAL DE BOLIVIA,10.4000,1,110554
2026-07-13,2026-07-14,BANCO PRODEM,10.3000,14,19587
2026-07-13,2026-07-14,BANCO PYME DE LA COMUNIDAD,10.4000,1,252
2026-07-13,2026-07-14,BANCO PYME ECOFUTURO,10.0000,2,99
2026-07-13,2026-07-14,BANCO SOLIDARIO,9.8800,15,5520
2026-07-13,2026-07-14,BANCO SOLIDARIO,10.0000,1,6905
2026-07-13,2026-07-14,BANCO SOLIDARIO,10.2000,1,3655
2026-07-13,2026-07-14,BANCO SOLIDARIO,10.2400,1,19655
2026-07-13,2026-07-14,BANCO SOLIDARIO,10.2500,1,57810
2026-07-13,2026-07-14,BANCO SOLIDARIO,10.3000,1,38343
2026-07-13,2026-07-14,BANCO SOLIDARIO,10.4000,1,116601
2026-07-13,2026-07-14,BANCO SOLIDARIO,10.4300,3,110956
2026-07-13,2026-07-14,BANCO SOLIDARIO,10.5000,2,111983
2026-07-13,2026-07-14,BANCO SOLIDARIO,10.6000,1,1779375
2026-07-13,2026-07-14,BANCO UNION,10.4000,126,254558
2026-07-14,2026-07-15,BANCO BISA,10.4000,27,227318
2026-07-14,2026-07-15,BANCO BISA,10.4600,1,99980
2026-07-14,2026-07-15,BANCO BISA,10.5000,5,2279357
2026-07-14,2026-07-15,BANCO BISA,10.5500,1,85751
2026-07-14,2026-07-15,BANCO BISA,10.5800,2,168864
2026-07-14,2026-07-15,BANCO BISA,10.6000,2,1199960
2026-07-14,2026-07-15,BANCO BISA,10.6100,1,5890000
2026-07-14,2026-07-15,BANCO BISA,10.6200,1,1000000
2026-07-14,2026-07-15,BANCO BISA,10.6500,4,1015639
2026-07-14,2026-07-15,BANCO DE CRÉDITO,10.4000,44,137237
2026-07-14,2026-07-15,BANCO DE CRÉDITO,10.5000,55,400886
2026-07-14,2026-07-15,BANCO DE CRÉDITO,10.6000,3,149238
2026-07-14,2026-07-15,BANCO DE CRÉDITO,10.6300,1,31930
2026-07-14,2026-07-15,BANCO DE CRÉDITO,10.6500,3,61271
2026-07-14,2026-07-15,BANCO DE CRÉDITO,10.7000,5,1041657
2026-07-14,2026-07-15,BANCO DE CRÉDITO,10.8000,1,2999915
2026-07-14,2026-07-15,BANCO DE LA NACIÓN ARGENTINA,10.4000,5,6320
2026-07-14,2026-07-15,BANCO DE LA NACIÓN ARGENTINA,10.5000,3,3000
2026-07-14,2026-07-15,BANCO ECONÓMICO,10.4000,34,11605
2026-07-14,2026-07-15,BANCO ECONÓMICO,10.5000,1,51000
2026-07-14,2026-07-15,BANCO ECONÓMICO,10.6500,3,900000
2026-07-14,2026-07-15,BANCO ECONÓMICO,10.7600,1,2000000
2026-07-14,2026-07-15,BANCO FIE,10.4000,21,72232
2026-07-14,2026-07-15,BANCO FIE,10.7000,1,250000
2026-07-14,2026-07-15,BANCO FIE,10.7600,1,100000
2026-07-14,2026-07-15,BANCO FIE,10.8200,1,500000
2026-07-14,2026-07-15,BANCO FIE,10.8450,2,1300000
2026-07-14,2026-07-15,BANCO FORTALEZA,10.5000,2,570
2026-07-14,2026-07-15,BANCO FORTALEZA,10.7000,1,49975
2026-07-14,2026-07-15,BANCO GANADERO,9.6000,1,564
2026-07-14,2026-07-15,BANCO GANADERO,9.6300,1,35111
2026-07-14,2026-07-15,BANCO GANADERO,9.7300,1,198007
2026-07-14,2026-07-15,BANCO GANADERO,9.9600,1,44400
2026-07-14,2026-07-15,BANCO GANADERO,10.2000,4,7
2026-07-14,2026-07-15,BANCO GANADERO,10.2400,1,3523
2026-07-14,2026-07-15,BANCO GANADERO,10.3000,112,71820
2026-07-14,2026-07-15,BANCO GANADERO,10.3093,1,5
2026-07-14,2026-07-15,BANCO GANADERO,10.3600,2,95588
2026-07-14,2026-07-15,BANCO GANADERO,10.4600,27,700257
2026-07-14,2026-07-15,BANCO GANADERO,10.5000,77,28812
2026-07-14,2026-07-15,BANCO GANADERO,10.5100,2,375294
2026-07-14,2026-07-15,BANCO GANADERO,10.5500,1,500000
2026-07-14,2026-07-15,BANCO GANADERO,10.6200,1,300000
2026-07-14,2026-07-15,BANCO GANADERO,10.6500,1,100000
2026-07-14,2026-07-15,BANCO GANADERO,10.7000,1,1132250
2026-07-14,2026-07-15,BANCO GANADERO,10.7300,2,1111325
2026-07-14,2026-07-15,BANCO GANADERO,10.7700,1,499975
2026-07-14,2026-07-15,BANCO MERCANTIL SANTA CRUZ,10.3000,152,220031
2026-07-14,2026-07-15,BANCO MERCANTIL SANTA CRUZ,10.5000,3,290214
2026-07-14,2026-07-15,BANCO MERCANTIL SANTA CRUZ,10.6000,4,222925
2026-07-14,2026-07-15,BANCO MERCANTIL SANTA CRUZ,10.7050,1,1845791
2026-07-14,2026-07-15,BANCO MERCANTIL SANTA CRUZ,10.7200,1,349915
2026-07-14,2026-07-15,BANCO MERCANTIL SANTA CRUZ,10.7900,1,2000000
2026-07-14,2026-07-15,BANCO MERCANTIL SANTA CRUZ,10.8600,1,9999920
2026-07-14,2026-07-15,BANCO NACIONAL DE BOLIVIA,10.0000,5,9950
2026-07-14,2026-07-15,BANCO NACIONAL DE BOLIVIA,10.4000,81,335881
2026-07-14,2026-07-15,BANCO NACIONAL DE BOLIVIA,10.4900,91,46946
2026-07-14,2026-07-15,BANCO PRODEM,10.4000,15,11639
2026-07-14,2026-07-15,BANCO PYME DE LA COMUNIDAD,10.5000,4,2129
2026-07-14,2026-07-15,BANCO PYME ECOFUTURO,10.1000,6,1146
2026-07-14,2026-07-15,BANCO SOLIDARIO,9.9800,20,8732
2026-07-14,2026-07-15,BANCO SOLIDARIO,10.4000,9,9230
2026-07-14,2026-07-15,BANCO SOLIDARIO,10.4500,2,115045
2026-07-14,2026-07-15,BANCO SOLIDARIO,10.5500,2,28964
2026-07-14,2026-07-15,BANCO SOLIDARIO,10.6000,3,154690
2026-07-14,2026-07-15,BANCO UNION,9.7600,4,215
2026-07-14,2026-07-15,BANCO UNION,10.5000,133,104667
2026-07-15,2026-07-16,BANCO BISA,10.3000,6,8139
2026-07-15,2026-07-16,BANCO BISA,10.6000,22,62758
2026-07-15,2026-07-16,BANCO BISA,10.7000,2,1303
2026-07-15,2026-07-16,BANCO BISA,10.7500,3,179963
2026-07-15,2026-07-16,BANCO BISA,10.7700,1,50000
2026-07-15,2026-07-16,BANCO DE CRÉDITO,10.5000,1,39646
2026-07-15,2026-07-16,BANCO DE CRÉDITO,10.6000,18,39909
2026-07-15,2026-07-16,BANCO DE CRÉDITO,10.7200,21,305679
2026-07-15,2026-07-16,BANCO DE CRÉDITO,10.8000,58,636460
2026-07-15,2026-07-16,BANCO DE CRÉDITO,10.8600,3,1277202
2026-07-15,2026-07-16,BANCO DE CRÉDITO,10.8800,2,100000
2026-07-15,2026-07-16,BANCO DE CRÉDITO,10.9000,2,799925
2026-07-15,2026-07-16,BANCO DE LA NACIÓN ARGENTINA,10.6000,7,11048
2026-07-15,2026-07-16,BANCO DE LA NACIÓN ARGENTINA,10.7000,4,78000
2026-07-15,2026-07-16,BANCO ECONÓMICO,10.6000,38,157222
2026-07-15,2026-07-16,BANCO ECONÓMICO,10.7100,1,300000
2026-07-15,2026-07-16,BANCO FIE,10.6000,31,4732
2026-07-15,2026-07-16,BANCO FORTALEZA,10.6000,2,9635
2026-07-15,2026-07-16,BANCO FORTALEZA,10.7000,2,2541
2026-07-15,2026-07-16,BANCO FORTALEZA,10.7600,1,341913
2026-07-15,2026-07-16,BANCO FORTALEZA,10.7800,1,300000
2026-07-15,2026-07-16,BANCO GANADERO,9.6000,1,1868
2026-07-15,2026-07-16,BANCO GANADERO,9.6300,1,33813
2026-07-15,2026-07-16,BANCO GANADERO,9.7000,4,2223
2026-07-15,2026-07-16,BANCO GANADERO,9.7300,33,241865
2026-07-15,2026-07-16,BANCO GANADERO,9.9600,1,25756
2026-07-15,2026-07-16,BANCO GANADERO,10.3000,7,419
2026-07-15,2026-07-16,BANCO GANADERO,10.4600,1,432688
2026-07-15,2026-07-16,BANCO GANADERO,10.5000,152,150088
2026-07-15,2026-07-16,BANCO GANADERO,10.6000,2,1
2026-07-15,2026-07-16,BANCO GANADERO,10.6600,159,590322
2026-07-15,2026-07-16,BANCO GANADERO,10.7000,75,20527
2026-07-15,2026-07-16,BANCO GANADERO,10.7400,1,3000000
2026-07-15,2026-07-16,BANCO GANADERO,10.7500,1,61500
2026-07-15,2026-07-16,BANCO GANADERO,10.7700,3,1443347
2026-07-15,2026-07-16,BANCO GANADERO,10.8500,1,184378
2026-07-15,2026-07-16,BANCO GANADERO,10.8700,1,300000
2026-07-15,2026-07-16,BANCO GANADERO,10.8800,1,599982
2026-07-15,2026-07-16,BANCO MERCANTIL SANTA CRUZ,10.5000,199,270256
2026-07-15,2026-07-16,BANCO MERCANTIL SANTA CRUZ,10.5200,2,1
2026-07-15,2026-07-16,BANCO MERCANTIL SANTA CRUZ,10.5500,1,0
2026-07-15,2026-07-16,BANCO MERCANTIL SANTA CRUZ,10.6000,1,100000
2026-07-15,2026-07-16,BANCO MERCANTIL SANTA CRUZ,10.7000,1,1000
2026-07-15,2026-07-16,BANCO MERCANTIL SANTA CRUZ,10.8000,4,562932
2026-07-15,2026-07-16,BANCO NACIONAL DE BOLIVIA,10.0000,1,100
2026-07-15,2026-07-16,BANCO NACIONAL DE BOLIVIA,10.4000,1,35
2026-07-15,2026-07-16,BANCO NACIONAL DE BOLIVIA,10.5000,1,1500
2026-07-15,2026-07-16,BANCO NACIONAL DE BOLIVIA,10.6000,163,318553
2026-07-15,2026-07-16,BANCO NACIONAL DE BOLIVIA,10.6500,1,200000
2026-07-15,2026-07-16,BANCO NACIONAL DE BOLIVIA,10.6900,130,120316
2026-07-15,2026-07-16,BANCO NACIONAL DE BOLIVIA,10.7300,1,195350
2026-07-15,2026-07-16,BANCO NACIONAL DE BOLIVIA,10.7900,1,2000000
2026-07-15,2026-07-16,BANCO PRODEM,10.6000,8,13772
2026-07-15,2026-07-16,BANCO PYME DE LA COMUNIDAD,10.7000,4,1025
2026-07-15,2026-07-16,BANCO PYME DE LA COMUNIDAD,10.8000,1,49
2026-07-15,2026-07-16,BANCO PYME ECOFUTURO,10.3000,4,600
2026-07-15,2026-07-16,BANCO SOLIDARIO,10.1700,34,1816
2026-07-15,2026-07-16,BANCO SOLIDARIO,10.5000,1,35675
2026-07-15,2026-07-16,BANCO SOLIDARIO,10.7000,4,251708
2026-07-15,2026-07-16,BANCO SOLIDARIO,10.7700,1,66063
2026-07-15,2026-07-16,BANCO SOLIDARIO,10.8000,2,119690
2026-07-15,2026-07-16,BANCO SOLIDARIO,10.8300,1,99905
2026-07-15,2026-07-16,BANCO SOLIDARIO,10.9100,1,180000
2026-07-15,2026-07-16,BANCO SOLIDARIO,10.9500,2,499975
2026-07-15,2026-07-16,BANCO SOLIDARIO,10.9950,2,749785
2026-07-15,2026-07-16,BANCO UNION,9.9600,1,130
2026-07-15,2026-07-16,BANCO UNION,10.1000,1,50
2026-07-15,2026-07-16,BANCO UNION,10.2400,2,15
2026-07-15,2026-07-16,BANCO UNION,10.7000,206,543367
2026-07-17,2026-07-20,BANCO BISA,10.6500,82,219962
2026-07-17,2026-07-20,BANCO BISA,10.7000,1,17100
2026-07-17,2026-07-20,BANCO BISA,10.7500,15,238425
2026-07-17,2026-07-20,BANCO BISA,10.7800,1,46255
2026-07-17,2026-07-20,BANCO BISA,10.8000,7,588860
2026-07-17,2026-07-20,BANCO BISA,10.8500,1,100000
2026-07-17,2026-07-20,BANCO BISA,10.9000,3,350000
2026-07-17,2026-07-20,BANCO BISA,10.9500,5,2897473
2026-07-17,2026-07-20,BANCO BISA,10.9600,4,1799925
2026-07-17,2026-07-20,BANCO BISA,10.9610,1,1765350
2026-07-17,2026-07-20,BANCO BISA,10.9750,1,415887
2026-07-17,2026-07-20,BANCO DE CRÉDITO,10.6500,31,15128
2026-07-17,2026-07-20,BANCO DE CRÉDITO,10.7000,1,10000
2026-07-17,2026-07-20,BANCO DE CRÉDITO,10.7500,6,268783
2026-07-17,2026-07-20,BANCO DE CRÉDITO,10.8000,1,54935
2026-07-17,2026-07-20,BANCO DE CRÉDITO,10.8500,50,756535
2026-07-17,2026-07-20,BANCO DE CRÉDITO,10.9300,2,599885
2026-07-17,2026-07-20,BANCO DE LA NACIÓN ARGENTINA,10.6500,10,9840
2026-07-17,2026-07-20,BANCO DE LA NACIÓN ARGENTINA,10.7500,7,123325
2026-07-17,2026-07-20,BANCO ECONÓMICO,10.6500,33,19890
2026-07-17,2026-07-20,BANCO ECONÓMICO,10.8500,1,20000
2026-07-17,2026-07-20,BANCO FIE,10.6500,24,5701
2026-07-17,2026-07-20,BANCO FORTALEZA,9.8000,1,44
2026-07-17,2026-07-20,BANCO FORTALEZA,10.6500,2,605
2026-07-17,2026-07-20,BANCO FORTALEZA,10.7500,3,247
2026-07-17,2026-07-20,BANCO FORTALEZA,10.7700,1,261750
2026-07-17,2026-07-20,BANCO FORTALEZA,10.7800,1,299975
2026-07-17,2026-07-20,BANCO FORTALEZA,10.8600,1,250000
2026-07-17,2026-07-20,BANCO GANADERO,9.6000,1,748
2026-07-17,2026-07-20,BANCO GANADERO,9.6300,1,21604
2026-07-17,2026-07-20,BANCO GANADERO,9.7000,1,294
2026-07-17,2026-07-20,BANCO GANADERO,9.7300,1,178322
2026-07-17,2026-07-20,BANCO GANADERO,9.9600,1,14969
2026-07-17,2026-07-20,BANCO GANADERO,10.2400,1,1109
2026-07-17,2026-07-20,BANCO GANADERO,10.5000,1,1521
2026-07-17,2026-07-20,BANCO GANADERO,10.5500,126,132668
2026-07-17,2026-07-20,BANCO GANADERO,10.7000,12,5802
2026-07-17,2026-07-20,BANCO GANADERO,10.7100,12,843289
2026-07-17,2026-07-20,BANCO GANADERO,10.7500,89,24325
2026-07-17,2026-07-20,BANCO GANADERO,10.8000,1,489980
2026-07-17,2026-07-20,BANCO GANADERO,10.8500,2,599971
2026-07-17,2026-07-20,BANCO GANADERO,10.9000,1,817487
2026-07-17,2026-07-20,BANCO GANADERO,10.9200,1,500000
2026-07-17,2026-07-20,BANCO GANADERO,10.9300,4,1343141
2026-07-17,2026-07-20,BANCO GANADERO,10.9500,1,479388
2026-07-17,2026-07-20,BANCO GANADERO,10.9510,1,559092
2026-07-17,2026-07-20,BANCO GANADERO,10.9600,1,3999921
2026-07-17,2026-07-20,BANCO MERCANTIL SANTA CRUZ,10.5000,1,0
2026-07-17,2026-07-20,BANCO MERCANTIL SANTA CRUZ,10.5300,1,0
2026-07-17,2026-07-20,BANCO MERCANTIL SANTA CRUZ,10.5400,2,1
2026-07-17,2026-07-20,BANCO MERCANTIL SANTA CRUZ,10.5500,153,957274
2026-07-17,2026-07-20,BANCO MERCANTIL SANTA CRUZ,10.5700,1,0
2026-07-17,2026-07-20,BANCO MERCANTIL SANTA CRUZ,10.7000,1,100000
2026-07-17,2026-07-20,BANCO MERCANTIL SANTA CRUZ,10.7500,4,2702831
2026-07-17,2026-07-20,BANCO MERCANTIL SANTA CRUZ,10.8500,2,451290
2026-07-17,2026-07-20,BANCO MERCANTIL SANTA CRUZ,10.8700,1,153000
2026-07-17,2026-07-20,BANCO MERCANTIL SANTA CRUZ,10.9560,1,100000
2026-07-17,2026-07-20,BANCO MERCANTIL SANTA CRUZ,11.0200,2,2000054
2026-07-17,2026-07-20,BANCO NACIONAL DE BOLIVIA,10.5500,127,318391
2026-07-17,2026-07-20,BANCO NACIONAL DE BOLIVIA,10.6000,1,498500
2026-07-17,2026-07-20,BANCO NACIONAL DE BOLIVIA,10.6300,1,100000
2026-07-17,2026-07-20,BANCO NACIONAL DE BOLIVIA,10.7400,125,63219
2026-07-17,2026-07-20,BANCO NACIONAL DE BOLIVIA,10.7500,4,6123264
2026-07-17,2026-07-20,BANCO NACIONAL DE BOLIVIA,10.8000,1,299985
2026-07-17,2026-07-20,BANCO NACIONAL DE BOLIVIA,10.9500,1,500000
2026-07-17,2026-07-20,BANCO PRODEM,10.6500,9,1485
2026-07-17,2026-07-20,BANCO PYME DE LA COMUNIDAD,10.7500,3,1211
2026-07-17,2026-07-20,BANCO PYME ECOFUTURO,10.3500,5,15500
2026-07-17,2026-07-20,BANCO PYME ECOFUTURO,11.1500,1,569921
2026-07-17,2026-07-20,BANCO SOLIDARIO,10.2100,32,9563
2026-07-17,2026-07-20,BANCO SOLIDARIO,10.5000,1,11292
2026-07-17,2026-07-20,BANCO SOLIDARIO,10.9810,3,285
2026-07-17,2026-07-20,BANCO SOLIDARIO,10.9950,1,95
2026-07-17,2026-07-20,BANCO SOLIDARIO,11.0150,3,649880
2026-07-17,2026-07-20,BANCO UNION,10.4000,1,101
2026-07-17,2026-07-20,BANCO UNION,10.5000,1,10
2026-07-17,2026-07-20,BANCO UNION,10.7500,216,1039948
2026-07-20,2026-07-21,BANCO BISA,10.7500,32,126606
2026-07-20,2026-07-21,BANCO BISA,10.7800,1,90000
2026-07-20,2026-07-21,BANCO BISA,10.8000,1,4640
2026-07-20,2026-07-21,BANCO BISA,10.8500,6,803636
2026-07-20,2026-07-21,BANCO BISA,10.9000,4,945377
2026-07-20,2026-07-21,BANCO BISA,10.9300,1,323941
2026-07-20,2026-07-21,BANCO BISA,10.9750,1,4000000
2026-07-20,2026-07-21,BANCO DE CRÉDITO,10.6500,1,49
2026-07-20,2026-07-21,BANCO DE CRÉDITO,10.7500,44,36571
2026-07-20,2026-07-21,BANCO DE CRÉDITO,10.8500,7,460607
2026-07-20,2026-07-21,BANCO DE CRÉDITO,10.8700,1,475458
2026-07-20,2026-07-21,BANCO DE CRÉDITO,10.9000,1,196241
2026-07-20,2026-07-21,BANCO DE CRÉDITO,10.9500,49,17078
2026-07-20,2026-07-21,BANCO DE CRÉDITO,10.9700,1,538577
2026-07-20,2026-07-21,BANCO DE LA NACIÓN ARGENTINA,10.7500,33,2539
2026-07-20,2026-07-21,BANCO DE LA NACIÓN ARGENTINA,10.8500,2,200
2026-07-20,2026-07-21,BANCO ECONÓMICO,10.7500,28,9265
2026-07-20,2026-07-21,BANCO ECONÓMICO,10.8500,1,56000
2026-07-20,2026-07-21,BANCO FIE,10.7500,24,4003
2026-07-20,2026-07-21,BANCO FORTALEZA,9.8000,1,2200
2026-07-20,2026-07-21,BANCO FORTALEZA,10.7500,2,627
2026-07-20,2026-07-21,BANCO FORTALEZA,10.8000,1,6326
2026-07-20,2026-07-21,BANCO FORTALEZA,10.8200,1,37700
2026-07-20,2026-07-21,BANCO FORTALEZA,10.8500,7,16210
2026-07-20,2026-07-21,BANCO GANADERO,9.6000,1,49
2026-07-20,2026-07-21,BANCO GANADERO,9.6300,1,23139
2026-07-20,2026-07-21,BANCO GANADERO,9.7000,1,361
2026-07-20,2026-07-21,BANCO GANADERO,9.7300,1,157478
2026-07-20,2026-07-21,BANCO GANADERO,9.9600,1,12381
2026-07-20,2026-07-21,BANCO GANADERO,10.6500,145,66764
2026-07-20,2026-07-21,BANCO GANADERO,10.7000,7,2814
2026-07-20,2026-07-21,BANCO GANADERO,10.7500,10,29064
2026-07-20,2026-07-21,BANCO GANADERO,10.8100,11,855433
2026-07-20,2026-07-21,BANCO GANADERO,10.8500,32,50366
2026-07-20,2026-07-21,BANCO GANADERO,10.9000,2,499960
2026-07-20,2026-07-21,BANCO GANADERO,10.9200,1,109975
2026-07-20,2026-07-21,BANCO GANADERO,10.9500,3,1484507
2026-07-20,2026-07-21,BANCO GANADERO,10.9800,1,1000000
2026-07-20,2026-07-21,BANCO MERCANTIL SANTA CRUZ,10.6400,1,4
2026-07-20,2026-07-21,BANCO MERCANTIL SANTA CRUZ,10.6500,145,165752
2026-07-20,2026-07-21,BANCO MERCANTIL SANTA CRUZ,10.6600,3,7
2026-07-20,2026-07-21,BANCO MERCANTIL SANTA CRUZ,10.8500,1,100000
2026-07-20,2026-07-21,BANCO MERCANTIL SANTA CRUZ,10.8700,1,499932
2026-07-20,2026-07-21,BANCO MERCANTIL SANTA CRUZ,10.9200,1,137935
2026-07-20,2026-07-21,BANCO MERCANTIL SANTA CRUZ,10.9500,2,100000
2026-07-20,2026-07-21,BANCO NACIONAL DE BOLIVIA,9.0000,1,250
2026-07-20,2026-07-21,BANCO NACIONAL DE BOLIVIA,10.5000,1,5480
2026-07-20,2026-07-21,BANCO NACIONAL DE BOLIVIA,10.6000,1,3000
2026-07-20,2026-07-21,BANCO NACIONAL DE BOLIVIA,10.6500,97,78383
2026-07-20,2026-07-21,BANCO NACIONAL DE BOLIVIA,10.8400,116,67756
2026-07-20,2026-07-21,BANCO NACIONAL DE BOLIVIA,10.8500,6,108259
2026-07-20,2026-07-21,BANCO PRODEM,10.7500,8,3923
2026-07-20,2026-07-21,BANCO PYME DE LA COMUNIDAD,10.8500,5,457
2026-07-20,2026-07-21,BANCO PYME ECOFUTURO,10.4500,6,6050
2026-07-20,2026-07-21,BANCO SOLIDARIO,10.3100,42,8936
2026-07-20,2026-07-21,BANCO SOLIDARIO,10.8200,1,44905
2026-07-20,2026-07-21,BANCO SOLIDARIO,10.8500,1,9270
2026-07-20,2026-07-21,BANCO SOLIDARIO,10.9500,1,25730
2026-07-20,2026-07-21,BANCO SOLIDARIO,10.9800,3,101315
2026-07-20,2026-07-21,BANCO SOLIDARIO,11.0300,2,305241
2026-07-20,2026-07-21,BANCO SOLIDARIO,11.1000,1,200000
2026-07-20,2026-07-21,BANCO UNION,10.7500,2,95
2026-07-20,2026-07-21,BANCO UNION,10.8500,272,638421
2026-07-20,2026-07-21,BANCO UNION,11.0500,1,199975
2026-07-21,2026-07-22,BANCO BISA,10.7500,11,207972
2026-07-21,2026-07-22,BANCO BISA,10.8000,51,107349
2026-07-21,2026-07-22,BANCO BISA,10.9000,10,325015
2026-07-21,2026-07-22,BANCO BISA,10.9400,1,1171075
2026-07-21,2026-07-22,BANCO BISA,10.9500,2,86145
2026-07-21,2026-07-22,BANCO BISA,10.9700,2,53653
2026-07-21,2026-07-22,BANCO BISA,10.9770,1,200000
2026-07-21,2026-07-22,BANCO BISA,10.9800,1,19281
2026-07-21,2026-07-22,BANCO BISA,11.0000,7,2949895
2026-07-21,2026-07-22,BANCO BISA,11.0100,1,299458
2026-07-21,2026-07-22,BANCO BISA,11.0200,1,100000
2026-07-21,2026-07-22,BANCO BISA,11.0500,1,3000000
2026-07-21,2026-07-22,BANCO DE CRÉDITO,10.8000,30,63130
2026-07-21,2026-07-22,BANCO DE CRÉDITO,10.9000,4,50647
2026-07-21,2026-07-22,BANCO DE CRÉDITO,10.9500,27,10692
2026-07-21,2026-07-22,BANCO DE CRÉDITO,11.0000,2,171290
2026-07-21,2026-07-22,BANCO DE CRÉDITO,11.0800,1,245000
2026-07-21,2026-07-22,BANCO DE CRÉDITO,11.1500,1,300000
2026-07-21,2026-07-22,BANCO DE LA NACIÓN ARGENTINA,10.8000,18,4805
2026-07-21,2026-07-22,BANCO DE LA NACIÓN ARGENTINA,10.9000,1,1000
2026-07-21,2026-07-22,BANCO DE LA NACIÓN ARGENTINA,10.9800,1,50000
2026-07-21,2026-07-22,BANCO ECONÓMICO,10.8000,35,10840
2026-07-21,2026-07-22,BANCO FIE,10.8000,14,7580
2026-07-21,2026-07-22,BANCO FIE,10.9000,1,420000
2026-07-21,2026-07-22,BANCO FORTALEZA,10.8000,4,1314
2026-07-21,2026-07-22,BANCO FORTALEZA,10.9000,3,106
2026-07-21,2026-07-22,BANCO FORTALEZA,10.9600,1,100000
2026-07-21,2026-07-22,BANCO GANADERO,9.6000,1,651
2026-07-21,2026-07-22,BANCO GANADERO,9.6300,1,22380
2026-07-21,2026-07-22,BANCO GANADERO,9.7000,1,691
2026-07-21,2026-07-22,BANCO GANADERO,9.7300,1,151036
2026-07-21,2026-07-22,BANCO GANADERO,9.9600,1,9968
2026-07-21,2026-07-22,BANCO GANADERO,10.6500,1,5
2026-07-21,2026-07-22,BANCO GANADERO,10.7000,116,223725
2026-07-21,2026-07-22,BANCO GANADERO,10.7500,3,2757
2026-07-21,2026-07-22,BANCO GANADERO,10.8100,2,301253
2026-07-21,2026-07-22,BANCO GANADERO,10.8500,24,11581
2026-07-21,2026-07-22,BANCO GANADERO,10.8600,18,461488
2026-07-21,2026-07-22,BANCO GANADERO,10.9000,124,167152
2026-07-21,2026-07-22,BANCO GANADERO,10.9500,3,100002
2026-07-21,2026-07-22,BANCO GANADERO,11.0300,1,100000
2026-07-21,2026-07-22,BANCO GANADERO,11.1000,1,331016
2026-07-21,2026-07-22,BANCO GANADERO,11.1200,1,499975
2026-07-21,2026-07-22,BANCO GANADERO,11.1300,1,1000000
2026-07-21,2026-07-22,BANCO GANADERO,11.1500,2,944610
2026-07-21,2026-07-22,BANCO MERCANTIL SANTA CRUZ,10.7000,132,132846
2026-07-21,2026-07-22,BANCO MERCANTIL SANTA CRUZ,10.9000,1,5000
2026-07-21,2026-07-22,BANCO MERCANTIL SANTA CRUZ,10.9500,1,380000
2026-07-21,2026-07-22,BANCO MERCANTIL SANTA CRUZ,11.0000,2,106100
2026-07-21,2026-07-22,BANCO MERCANTIL SANTA CRUZ,11.0200,1,40350
2026-07-21,2026-07-22,BANCO MERCANTIL SANTA CRUZ,11.3500,1,189
2026-07-21,2026-07-22,BANCO NACIONAL DE BOLIVIA,10.6500,3,1403
2026-07-21,2026-07-22,BANCO NACIONAL DE BOLIVIA,10.7000,105,464687
2026-07-21,2026-07-22,BANCO NACIONAL DE BOLIVIA,10.8900,125,41630
2026-07-21,2026-07-22,BANCO NACIONAL DE BOLIVIA,10.9000,1,1
2026-07-21,2026-07-22,BANCO NACIONAL DE BOLIVIA,10.9500,1,150000
2026-07-21,2026-07-22,BANCO NACIONAL DE BOLIVIA,11.0850,1,500000
2026-07-21,2026-07-22,BANCO PRODEM,10.8000,10,6503
2026-07-21,2026-07-22,BANCO PYME DE LA COMUNIDAD,10.9000,11,1676
2026-07-21,2026-07-22,BANCO PYME ECOFUTURO,10.5000,5,317
2026-07-21,2026-07-22,BANCO PYME ECOFUTURO,10.9000,1,199870
2026-07-21,2026-07-22,BANCO SOLIDARIO,10.3600,33,16633
2026-07-21,2026-07-22,BANCO SOLIDARIO,10.7500,1,36000
2026-07-21,2026-07-22,BANCO SOLIDARIO,10.8000,1,205
2026-07-21,2026-07-22,BANCO SOLIDARIO,10.8500,2,54910
2026-07-21,2026-07-22,BANCO SOLIDARIO,10.9000,1,16511
2026-07-21,2026-07-22,BANCO SOLIDARIO,10.9500,1,21599
2026-07-21,2026-07-22,BANCO SOLIDARIO,11.0100,1,3825
2026-07-21,2026-07-22,BANCO SOLIDARIO,11.0500,3,5475580
2026-07-21,2026-07-22,BANCO SOLIDARIO,11.1000,1,2052703
2026-07-21,2026-07-22,BANCO SOLIDARIO,11.1050,1,210000
2026-07-21,2026-07-22,BANCO UNION,10.7500,1,14
2026-07-21,2026-07-22,BANCO UNION,10.9000,157,619759
2026-07-22,2026-07-23,BANCO BISA,10.7500,12,150757
2026-07-22,2026-07-23,BANCO BISA,10.8000,6,5537
2026-07-22,2026-07-23,BANCO BISA,10.8500,6,6644
2026-07-22,2026-07-23,BANCO BISA,10.9000,33,193952
2026-07-22,2026-07-23,BANCO BISA,10.9200,2,34770
2026-07-22,2026-07-23,BANCO BISA,10.9500,3,141931
2026-07-22,2026-07-23,BANCO BISA,10.9900,1,882820
2026-07-22,2026-07-23,BANCO BISA,11.0000,16,284716
2026-07-22,2026-07-23,BANCO BISA,11.0039,1,99965
2026-07-22,2026-07-23,BANCO BISA,11.0300,1,100000
2026-07-22,2026-07-23,BANCO BISA,11.0400,1,408322
2026-07-22,2026-07-23,BANCO BISA,11.0500,2,1620827
2026-07-22,2026-07-23,BANCO BISA,11.1000,4,441108
2026-07-22,2026-07-23,BANCO BISA,11.1200,3,619975
2026-07-22,2026-07-23,BANCO BISA,11.1350,1,1000000
2026-07-22,2026-07-23,BANCO BISA,11.1500,4,4200025
2026-07-22,2026-07-23,BANCO DE CRÉDITO,9.9200,1,8002
2026-07-22,2026-07-23,BANCO DE CRÉDITO,10.7500,1,7000
2026-07-22,2026-07-23,BANCO DE CRÉDITO,10.9000,15,45210
2026-07-22,2026-07-23,BANCO DE CRÉDITO,11.0000,2,56128
2026-07-22,2026-07-23,BANCO DE CRÉDITO,11.0500,1,10000
2026-07-22,2026-07-23,BANCO DE CRÉDITO,11.0800,1,99988
2026-07-22,2026-07-23,BANCO DE CRÉDITO,11.1000,32,261970
2026-07-22,2026-07-23,BANCO DE CRÉDITO,11.1200,2,1233021
2026-07-22,2026-07-23,BANCO DE CRÉDITO,11.1300,1,2000000
2026-07-22,2026-07-23,BANCO DE CRÉDITO,11.1700,1,445000
2026-07-22,2026-07-23,BANCO DE LA NACIÓN ARGENTINA,10.9000,18,4206
2026-07-22,2026-07-23,BANCO DE LA NACIÓN ARGENTINA,11.0000,1,900
2026-07-22,2026-07-23,BANCO ECONÓMICO,10.9000,31,45121
2026-07-22,2026-07-23,BANCO ECONÓMICO,11.1000,1,54900
2026-07-22,2026-07-23,BANCO ECONÓMICO,11.1500,1,64210
2026-07-22,2026-07-23,BANCO ECONÓMICO,11.2000,4,1965712
2026-07-22,2026-07-23,BANCO FIE,10.9000,21,4591
2026-07-22,2026-07-23,BANCO FORTALEZA,10.5000,1,106
2026-07-22,2026-07-23,BANCO FORTALEZA,10.9000,1,30200
2026-07-22,2026-07-23,BANCO FORTALEZA,11.0000,7,57501
2026-07-22,2026-07-23,BANCO FORTALEZA,11.0500,1,16965
2026-07-22,2026-07-23,BANCO GANADERO,9.6000,1,910
2026-07-22,2026-07-23,BANCO GANADERO,9.6300,1,13194
2026-07-22,2026-07-23,BANCO GANADERO,9.7000,1,57
2026-07-22,2026-07-23,BANCO GANADERO,9.7300,1,127266
2026-07-22,2026-07-23,BANCO GANADERO,9.9600,1,10117
2026-07-22,2026-07-23,BANCO GANADERO,10.7000,4,532
2026-07-22,2026-07-23,BANCO GANADERO,10.8000,134,220869
2026-07-22,2026-07-23,BANCO GANADERO,10.8500,12,4263
2026-07-22,2026-07-23,BANCO GANADERO,10.9000,21,6538
2026-07-22,2026-07-23,BANCO GANADERO,10.9500,1,349701
2026-07-22,2026-07-23,BANCO GANADERO,10.9600,18,722099
2026-07-22,2026-07-23,BANCO GANADERO,11.0000,61,135841
2026-07-22,2026-07-23,BANCO GANADERO,11.1000,2,58000
2026-07-22,2026-07-23,BANCO GANADERO,11.1550,1,689982
2026-07-22,2026-07-23,BANCO GANADERO,11.2500,1,2999921
2026-07-22,2026-07-23,BANCO GANADERO,11.2800,1,4999935
2026-07-22,2026-07-23,BANCO MERCANTIL SANTA CRUZ,10.8000,294,234448
2026-07-22,2026-07-23,BANCO MERCANTIL SANTA CRUZ,10.8100,2,1
2026-07-22,2026-07-23,BANCO MERCANTIL SANTA CRUZ,10.8500,1,19068
2026-07-22,2026-07-23,BANCO MERCANTIL SANTA CRUZ,10.9000,1,2000
2026-07-22,2026-07-23,BANCO MERCANTIL SANTA CRUZ,10.9400,1,32000
2026-07-22,2026-07-23,BANCO MERCANTIL SANTA CRUZ,10.9600,1,215605
2026-07-22,2026-07-23,BANCO MERCANTIL SANTA CRUZ,11.0000,7,45797
2026-07-22,2026-07-23,BANCO MERCANTIL SANTA CRUZ,11.0300,1,14910
2026-07-22,2026-07-23,BANCO MERCANTIL SANTA CRUZ,11.1000,3,50000
2026-07-22,2026-07-23,BANCO MERCANTIL SANTA CRUZ,11.1200,1,212355
2026-07-22,2026-07-23,BANCO MERCANTIL SANTA CRUZ,11.1600,1,2308530
2026-07-22,2026-07-23,BANCO NACIONAL DE BOLIVIA,10.7000,1,1120
2026-07-22,2026-07-23,BANCO NACIONAL DE BOLIVIA,10.7500,1,1600
2026-07-22,2026-07-23,BANCO NACIONAL DE BOLIVIA,10.8000,131,467180
2026-07-22,2026-07-23,BANCO NACIONAL DE BOLIVIA,10.9900,121,34356
2026-07-22,2026-07-23,BANCO NACIONAL DE BOLIVIA,11.0000,2,23
2026-07-22,2026-07-23,BANCO NACIONAL DE BOLIVIA,11.0500,1,60000
2026-07-22,2026-07-23,BANCO NACIONAL DE BOLIVIA,11.0700,1,1111998
2026-07-22,2026-07-23,BANCO NACIONAL DE BOLIVIA,11.1000,2,1100000
2026-07-22,2026-07-23,BANCO NACIONAL DE BOLIVIA,11.1300,3,4000000
2026-07-22,2026-07-23,BANCO PRODEM,10.9000,8,12127
2026-07-22,2026-07-23,BANCO PYME DE LA COMUNIDAD,11.0000,6,1178
2026-07-22,2026-07-23,BANCO PYME ECOFUTURO,10.6000,5,1520
2026-07-22,2026-07-23,BANCO SOLIDARIO,10.4500,27,2025
2026-07-22,2026-07-23,BANCO SOLIDARIO,10.8500,1,11645
2026-07-22,2026-07-23,BANCO SOLIDARIO,10.9300,1,9035
2026-07-22,2026-07-23,BANCO SOLIDARIO,10.9500,1,112650
2026-07-22,2026-07-23,BANCO SOLIDARIO,10.9800,1,28930
2026-07-22,2026-07-23,BANCO SOLIDARIO,11.0000,2,2505
2026-07-22,2026-07-23,BANCO SOLIDARIO,11.0500,3,629924
2026-07-22,2026-07-23,BANCO SOLIDARIO,11.3000,1,199880
2026-07-22,2026-07-23,BANCO SOLIDARIO,11.4000,2,994760
2026-07-22,2026-07-23,BANCO UNION,10.8500,1,4
2026-07-22,2026-07-23,BANCO UNION,11.0000,80,179795
2026-07-23,2026-07-24,BANCO BISA,10.8000,9,36543
2026-07-23,2026-07-24,BANCO BISA,10.8500,6,3501
2026-07-23,2026-07-24,BANCO BISA,11.0000,1,24919
2026-07-23,2026-07-24,BANCO BISA,11.0300,53,440090
2026-07-23,2026-07-24,BANCO BISA,11.1000,2,1100000
2026-07-23,2026-07-24,BANCO BISA,11.1300,8,227790
2026-07-23,2026-07-24,BANCO BISA,11.2000,2,2162392
2026-07-23,2026-07-24,BANCO BISA,11.2100,1,100000
2026-07-23,2026-07-24,BANCO BISA,11.2200,1,32649
2026-07-23,2026-07-24,BANCO BISA,11.2300,6,3159075
2026-07-23,2026-07-24,BANCO BISA,11.2621,1,179965
2026-07-23,2026-07-24,BANCO BISA,11.2700,2,500000
2026-07-23,2026-07-24,BANCO BISA,11.2830,1,1657361
2026-07-23,2026-07-24,BANCO BISA,11.3000,1,500000
2026-07-23,2026-07-24,BANCO BISA,11.3500,1,400000
2026-07-23,2026-07-24,BANCO DE CRÉDITO,11.0300,10,73542
2026-07-23,2026-07-24,BANCO DE CRÉDITO,11.1300,3,36334
2026-07-23,2026-07-24,BANCO DE CRÉDITO,11.1500,2,82860
2026-07-23,2026-07-24,BANCO DE CRÉDITO,11.1800,1,109620
2026-07-23,2026-07-24,BANCO DE CRÉDITO,11.2000,4,88452
2026-07-23,2026-07-24,BANCO DE CRÉDITO,11.2300,44,33861
2026-07-23,2026-07-24,BANCO DE CRÉDITO,11.2500,1,131475
2026-07-23,2026-07-24,BANCO DE LA NACIÓN ARGENTINA,11.0300,17,20972
2026-07-23,2026-07-24,BANCO ECONÓMICO,11.0300,32,15077
2026-07-23,2026-07-24,BANCO ECONÓMICO,11.1300,1,100000
2026-07-23,2026-07-24,BANCO ECONÓMICO,11.2000,1,128260
2026-07-23,2026-07-24,BANCO ECONÓMICO,11.3200,1,199990
2026-07-23,2026-07-24,BANCO FIE,11.0300,15,2814
2026-07-23,2026-07-24,BANCO FORTALEZA,10.7000,1,1650
2026-07-23,2026-07-24,BANCO FORTALEZA,10.9200,1,15000
2026-07-23,2026-07-24,BANCO FORTALEZA,11.0300,1,1
2026-07-23,2026-07-24,BANCO FORTALEZA,11.1300,2,16
2026-07-23,2026-07-24,BANCO FORTALEZA,11.1500,1,100000
2026-07-23,2026-07-24,BANCO FORTALEZA,11.2000,1,30000
2026-07-23,2026-07-24,BANCO FORTALEZA,11.4500,1,399975
2026-07-23,2026-07-24,BANCO GANADERO,9.6300,1,15580
2026-07-23,2026-07-24,BANCO GANADERO,9.7000,1,619
2026-07-23,2026-07-24,BANCO GANADERO,9.7300,1,138766
2026-07-23,2026-07-24,BANCO GANADERO,9.9600,1,12801
2026-07-23,2026-07-24,BANCO GANADERO,10.7000,1,729
2026-07-23,2026-07-24,BANCO GANADERO,10.7500,1,268
2026-07-23,2026-07-24,BANCO GANADERO,10.8000,14,40
2026-07-23,2026-07-24,BANCO GANADERO,10.8500,1,856
2026-07-23,2026-07-24,BANCO GANADERO,10.9000,1,867
2026-07-23,2026-07-24,BANCO GANADERO,10.9300,130,397862
2026-07-23,2026-07-24,BANCO GANADERO,10.9600,3,228110
2026-07-23,2026-07-24,BANCO GANADERO,11.0000,12,65596
2026-07-23,2026-07-24,BANCO GANADERO,11.1000,2,2
2026-07-23,2026-07-24,BANCO GANADERO,11.1300,120,633862
2026-07-23,2026-07-24,BANCO GANADERO,11.1500,1,700000
2026-07-23,2026-07-24,BANCO GANADERO,11.1700,2,117700
2026-07-23,2026-07-24,BANCO GANADERO,11.2800,76,3999921
2026-07-23,2026-07-24,BANCO GANADERO,11.3700,1,553246
2026-07-23,2026-07-24,BANCO MERCANTIL SANTA CRUZ,10.8900,1,0
2026-07-23,2026-07-24,BANCO MERCANTIL SANTA CRUZ,10.9000,1,190400
2026-07-23,2026-07-24,BANCO MERCANTIL SANTA CRUZ,10.9300,184,170949
2026-07-23,2026-07-24,BANCO MERCANTIL SANTA CRUZ,11.0000,1,5392
2026-07-23,2026-07-24,BANCO MERCANTIL SANTA CRUZ,11.1000,1,38400
2026-07-23,2026-07-24,BANCO MERCANTIL SANTA CRUZ,11.1300,1,19935
2026-07-23,2026-07-24,BANCO MERCANTIL SANTA CRUZ,11.1800,1,6073
2026-07-23,2026-07-24,BANCO MERCANTIL SANTA CRUZ,11.2200,1,350000
2026-07-23,2026-07-24,BANCO MERCANTIL SANTA CRUZ,11.2300,2,479932
2026-07-23,2026-07-24,BANCO MERCANTIL SANTA CRUZ,11.2500,1,34954
2026-07-23,2026-07-24,BANCO MERCANTIL SANTA CRUZ,11.3400,2,2447495
2026-07-23,2026-07-24,BANCO NACIONAL DE BOLIVIA,10.9000,2,12700
2026-07-23,2026-07-24,BANCO NACIONAL DE BOLIVIA,10.9300,105,207471
2026-07-23,2026-07-24,BANCO NACIONAL DE BOLIVIA,11.1000,2,900000
2026-07-23,2026-07-24,BANCO NACIONAL DE BOLIVIA,11.1200,106,32950
2026-07-23,2026-07-24,BANCO NACIONAL DE BOLIVIA,11.1300,5,2534690
2026-07-23,2026-07-24,BANCO PRODEM,11.0300,10,103793
2026-07-23,2026-07-24,BANCO PYME DE LA COMUNIDAD,11.1300,8,6085
2026-07-23,2026-07-24,BANCO PYME ECOFUTURO,10.7300,3,470
2026-07-23,2026-07-24,BANCO SOLIDARIO,10.5700,30,13859
2026-07-23,2026-07-24,BANCO SOLIDARIO,11.0000,2,2466
2026-07-23,2026-07-24,BANCO SOLIDARIO,11.0500,1,15522
2026-07-23,2026-07-24,BANCO SOLIDARIO,11.2000,2,120000
2026-07-23,2026-07-24,BANCO SOLIDARIO,11.2700,1,800000
2026-07-23,2026-07-24,BANCO SOLIDARIO,11.3500,1,749905
2026-07-23,2026-07-24,BANCO SOLIDARIO,11.4000,5,304931
2026-07-23,2026-07-24,BANCO UNION,10.9000,1,10
2026-07-23,2026-07-24,BANCO UNION,11.1300,64,55272
2026-07-24,2026-07-27,BANCO BISA,11.0300,1,3038
2026-07-24,2026-07-27,BANCO BISA,11.1000,8,8050
2026-07-24,2026-07-27,BANCO BISA,11.1100,64,108031
2026-07-24,2026-07-27,BANCO BISA,11.2000,2,540000
2026-07-24,2026-07-27,BANCO BISA,11.2100,8,553112
2026-07-24,2026-07-27,BANCO BISA,11.2500,1,64975
2026-07-24,2026-07-27,BANCO BISA,11.2600,1,34149
2026-07-24,2026-07-27,BANCO BISA,11.3000,3,354277
2026-07-24,2026-07-27,BANCO BISA,11.3200,2,264000
2026-07-24,2026-07-27,BANCO BISA,11.3400,1,775455
2026-07-24,2026-07-27,BANCO BISA,11.3500,1,159975
2026-07-24,2026-07-27,BANCO BISA,11.3600,1,500000
2026-07-24,2026-07-27,BANCO BISA,11.3700,1,172404
2026-07-24,2026-07-27,BANCO BISA,11.4000,2,892498
2026-07-24,2026-07-27,BANCO BISA,11.4100,1,300000
2026-07-24,2026-07-27,BANCO BISA,11.4110,1,5000000
2026-07-24,2026-07-27,BANCO BISA,11.4200,2,2186302
2026-07-24,2026-07-27,BANCO BISA,11.4300,1,300000
2026-07-24,2026-07-27,BANCO BISA,11.4500,1,500000
2026-07-24,2026-07-27,BANCO DE CRÉDITO,11.1100,19,20212
2026-07-24,2026-07-27,BANCO DE CRÉDITO,11.1800,1,5000
2026-07-24,2026-07-27,BANCO DE CRÉDITO,11.2100,1,26235
2026-07-24,2026-07-27,BANCO DE CRÉDITO,11.2500,1,62834
2026-07-24,2026-07-27,BANCO DE CRÉDITO,11.3100,28,26755
2026-07-24,2026-07-27,BANCO DE CRÉDITO,11.3500,1,71677
2026-07-24,2026-07-27,BANCO DE CRÉDITO,11.4500,3,634502
2026-07-24,2026-07-27,BANCO DE CRÉDITO,11.5000,1,1218652
2026-07-24,2026-07-27,BANCO DE CRÉDITO,11.6000,1,750000
2026-07-24,2026-07-27,BANCO DE CRÉDITO,11.6400,1,2000000
2026-07-24,2026-07-27,BANCO DE LA NACIÓN ARGENTINA,11.1100,35,7462
2026-07-24,2026-07-27,BANCO ECONÓMICO,11.1100,30,30747
2026-07-24,2026-07-27,BANCO ECONÓMICO,11.4000,1,891510
2026-07-24,2026-07-27,BANCO ECONÓMICO,11.6100,1,1000000
2026-07-24,2026-07-27,BANCO FIE,11.1100,16,3355
2026-07-24,2026-07-27,BANCO FORTALEZA,11.1100,4,250
2026-07-24,2026-07-27,BANCO FORTALEZA,11.2550,1,200000
2026-07-24,2026-07-27,BANCO FORTALEZA,11.3500,1,786257
2026-07-24,2026-07-27,BANCO GANADERO,9.6300,1,21365
2026-07-24,2026-07-27,BANCO GANADERO,9.7300,1,83994
2026-07-24,2026-07-27,BANCO GANADERO,9.9600,1,7687
2026-07-24,2026-07-27,BANCO GANADERO,10.7000,1,56
2026-07-24,2026-07-27,BANCO GANADERO,10.7500,2,316
2026-07-24,2026-07-27,BANCO GANADERO,10.8500,1,1116
2026-07-24,2026-07-27,BANCO GANADERO,10.9000,1,227
2026-07-24,2026-07-27,BANCO GANADERO,10.9300,9,798
2026-07-24,2026-07-27,BANCO GANADERO,11.0000,1,2201
2026-07-24,2026-07-27,BANCO GANADERO,11.0100,124,171362
2026-07-24,2026-07-27,BANCO GANADERO,11.1200,1,100000
2026-07-24,2026-07-27,BANCO GANADERO,11.1300,36,266617
2026-07-24,2026-07-27,BANCO GANADERO,11.1700,1,60000
2026-07-24,2026-07-27,BANCO GANADERO,11.2100,85,353912
2026-07-24,2026-07-27,BANCO GANADERO,11.2300,2,1
2026-07-24,2026-07-27,BANCO GANADERO,11.3000,3,925307
2026-07-24,2026-07-27,BANCO GANADERO,11.3100,1,10
2026-07-24,2026-07-27,BANCO GANADERO,11.3900,1,358339
2026-07-24,2026-07-27,BANCO GANADERO,11.4100,1,2768443
2026-07-24,2026-07-27,BANCO GANADERO,11.4200,2,2809895
2026-07-24,2026-07-27,BANCO GANADERO,11.4300,1,399982
2026-07-24,2026-07-27,BANCO GANADERO,11.5500,2,594542
2026-07-24,2026-07-27,BANCO GANADERO,11.6050,1,199975
2026-07-24,2026-07-27,BANCO GANADERO,11.6110,1,489000
2026-07-24,2026-07-27,BANCO MERCANTIL SANTA CRUZ,11.0000,2,1
2026-07-24,2026-07-27,BANCO MERCANTIL SANTA CRUZ,11.0100,210,620247
2026-07-24,2026-07-27,BANCO MERCANTIL SANTA CRUZ,11.0200,3,2
2026-07-24,2026-07-27,BANCO MERCANTIL SANTA CRUZ,11.0300,1,1000
2026-07-24,2026-07-27,BANCO MERCANTIL SANTA CRUZ,11.2100,3,112722
2026-07-24,2026-07-27,BANCO MERCANTIL SANTA CRUZ,11.2300,1,19955
2026-07-24,2026-07-27,BANCO MERCANTIL SANTA CRUZ,11.2600,1,70000
2026-07-24,2026-07-27,BANCO NACIONAL DE BOLIVIA,10.9500,1,2600
2026-07-24,2026-07-27,BANCO NACIONAL DE BOLIVIA,11.0100,112,521881
2026-07-24,2026-07-27,BANCO NACIONAL DE BOLIVIA,11.1100,1,2116
2026-07-24,2026-07-27,BANCO NACIONAL DE BOLIVIA,11.1800,1,1139775
2026-07-24,2026-07-27,BANCO NACIONAL DE BOLIVIA,11.2000,138,20821
2026-07-24,2026-07-27,BANCO NACIONAL DE BOLIVIA,11.2100,7,4846758
2026-07-24,2026-07-27,BANCO NACIONAL DE BOLIVIA,11.2500,2,178925
2026-07-24,2026-07-27,BANCO NACIONAL DE BOLIVIA,11.2600,1,100000
2026-07-24,2026-07-27,BANCO NACIONAL DE BOLIVIA,11.3100,1,50000
2026-07-24,2026-07-27,BANCO PRODEM,11.1100,15,2634
2026-07-24,2026-07-27,BANCO PYME DE LA COMUNIDAD,11.2100,4,142044
2026-07-24,2026-07-27,BANCO PYME ECOFUTURO,10.8100,7,2980
2026-07-24,2026-07-27,BANCO SOLIDARIO,10.6500,30,7685
2026-07-24,2026-07-27,BANCO SOLIDARIO,11.0500,4,5285
2026-07-24,2026-07-27,BANCO SOLIDARIO,11.1000,2,10530
2026-07-24,2026-07-27,BANCO SOLIDARIO,11.2500,1,1896
2026-07-24,2026-07-27,BANCO SOLIDARIO,11.3500,2,29510
2026-07-24,2026-07-27,BANCO SOLIDARIO,11.4000,1,205420
2026-07-24,2026-07-27,BANCO SOLIDARIO,11.5000,1,200000
2026-07-24,2026-07-27,BANCO UNION,11.2100,67,35890
2026-07-27,2026-07-28,BANCO BISA,11.2700,22,211313
2026-07-27,2026-07-28,BANCO BISA,11.3000,1,1266
2026-07-27,2026-07-28,BANCO BISA,11.3500,5,2649
2026-07-27,2026-07-28,BANCO BISA,11.3700,3,26971
2026-07-27,2026-07-28,BANCO BISA,11.4000,3,142672
2026-07-27,2026-07-28,BANCO BISA,11.4200,5,170333
2026-07-27,2026-07-28,BANCO BISA,11.4500,1,10150
2026-07-27,2026-07-28,BANCO BISA,11.5000,6,954422
2026-07-27,2026-07-28,BANCO BISA,11.5500,1,200000
2026-07-27,2026-07-28,BANCO BISA,11.5800,1,284076
2026-07-27,2026-07-28,BANCO BISA,11.6000,3,899331
2026-07-27,2026-07-28,BANCO BISA,11.6500,2,733543
2026-07-27,2026-07-28,BANCO DE CRÉDITO,10.9900,1,1295
2026-07-27,2026-07-28,BANCO DE CRÉDITO,11.2700,9,28097
2026-07-27,2026-07-28,BANCO DE CRÉDITO,11.3700,4,41485
2026-07-27,2026-07-28,BANCO DE CRÉDITO,11.4000,1,93356
2026-07-27,2026-07-28,BANCO DE CRÉDITO,11.4300,1,5125
2026-07-27,2026-07-28,BANCO DE CRÉDITO,11.4500,1,59945
2026-07-27,2026-07-28,BANCO DE CRÉDITO,11.4700,44,25519
2026-07-27,2026-07-28,BANCO DE CRÉDITO,11.5000,1,700000
2026-07-27,2026-07-28,BANCO DE CRÉDITO,11.6000,2,31066
2026-07-27,2026-07-28,BANCO DE CRÉDITO,11.6400,2,4342
2026-07-27,2026-07-28,BANCO DE CRÉDITO,11.7000,2,1106720
2026-07-27,2026-07-28,BANCO DE CRÉDITO,11.9000,1,2000000
2026-07-27,2026-07-28,BANCO DE LA NACIÓN ARGENTINA,11.2700,33,4894
2026-07-27,2026-07-28,BANCO DE LA NACIÓN ARGENTINA,11.3700,3,7725
2026-07-27,2026-07-28,BANCO ECONÓMICO,11.2700,35,35282
2026-07-27,2026-07-28,BANCO ECONÓMICO,11.3000,1,53231
2026-07-27,2026-07-28,BANCO ECONÓMICO,11.4000,1,2000000
2026-07-27,2026-07-28,BANCO ECONÓMICO,11.5200,1,499980
2026-07-27,2026-07-28,BANCO ECONÓMICO,11.6000,1,500000
2026-07-27,2026-07-28,BANCO FIE,11.2700,18,9465
2026-07-27,2026-07-28,BANCO FIE,11.5700,1,36975
2026-07-27,2026-07-28,BANCO FORTALEZA,11.2300,1,17798
2026-07-27,2026-07-28,BANCO FORTALEZA,11.2700,2,3008
2026-07-27,2026-07-28,BANCO FORTALEZA,11.3000,2,586120
2026-07-27,2026-07-28,BANCO FORTALEZA,11.3700,9,30137
2026-07-27,2026-07-28,BANCO FORTALEZA,11.8000,1,130025
2026-07-27,2026-07-28,BANCO FORTALEZA,11.8500,1,299975
2026-07-27,2026-07-28,BANCO GANADERO,9.6000,1,21
2026-07-27,2026-07-28,BANCO GANADERO,9.6300,1,28105
2026-07-27,2026-07-28,BANCO GANADERO,9.7000,1,84
2026-07-27,2026-07-28,BANCO GANADERO,9.7300,1,142327
2026-07-27,2026-07-28,BANCO GANADERO,9.9600,1,15197
2026-07-27,2026-07-28,BANCO GANADERO,10.7000,1,42
2026-07-27,2026-07-28,BANCO GANADERO,11.0000,1,109
2026-07-27,2026-07-28,BANCO GANADERO,11.1300,1,229
2026-07-27,2026-07-28,BANCO GANADERO,11.1700,139,44019
2026-07-27,2026-07-28,BANCO GANADERO,11.2100,3,2123
2026-07-27,2026-07-28,BANCO GANADERO,11.3699,1,35
2026-07-27,2026-07-28,BANCO GANADERO,11.3700,58,1161694
2026-07-27,2026-07-28,BANCO GANADERO,11.4200,1,1299921
2026-07-27,2026-07-28,BANCO GANADERO,11.4700,1,1
2026-07-27,2026-07-28,BANCO GANADERO,11.5000,1,250000
2026-07-27,2026-07-28,BANCO GANADERO,11.7000,2,1219975
2026-07-27,2026-07-28,BANCO MERCANTIL SANTA CRUZ,11.1500,2,1
2026-07-27,2026-07-28,BANCO MERCANTIL SANTA CRUZ,11.1600,2,1
2026-07-27,2026-07-28,BANCO MERCANTIL SANTA CRUZ,11.1700,217,170088
2026-07-27,2026-07-28,BANCO MERCANTIL SANTA CRUZ,11.1800,2,1
2026-07-27,2026-07-28,BANCO MERCANTIL SANTA CRUZ,11.3200,1,268721
2026-07-27,2026-07-28,BANCO MERCANTIL SANTA CRUZ,11.3700,10,758111
2026-07-27,2026-07-28,BANCO MERCANTIL SANTA CRUZ,11.4700,1,34000
2026-07-27,2026-07-28,BANCO MERCANTIL SANTA CRUZ,11.6100,1,181540
2026-07-27,2026-07-28,BANCO MERCANTIL SANTA CRUZ,11.7000,3,1745930
2026-07-27,2026-07-28,BANCO NACIONAL DE BOLIVIA,10.0000,1,151
2026-07-27,2026-07-28,BANCO NACIONAL DE BOLIVIA,10.6000,1,10425
2026-07-27,2026-07-28,BANCO NACIONAL DE BOLIVIA,11.1200,1,3700
2026-07-27,2026-07-28,BANCO NACIONAL DE BOLIVIA,11.1500,1,149975
2026-07-27,2026-07-28,BANCO NACIONAL DE BOLIVIA,11.1700,116,59450
2026-07-27,2026-07-28,BANCO NACIONAL DE BOLIVIA,11.3600,133,24307
2026-07-27,2026-07-28,BANCO NACIONAL DE BOLIVIA,11.4500,1,75000
2026-07-27,2026-07-28,BANCO NACIONAL DE BOLIVIA,11.5000,1,184378
2026-07-27,2026-07-28,BANCO PRODEM,11.2700,23,22014
2026-07-27,2026-07-28,BANCO PYME DE LA COMUNIDAD,11.3700,5,5293
2026-07-27,2026-07-28,BANCO PYME ECOFUTURO,10.9700,4,350
2026-07-27,2026-07-28,BANCO SOLIDARIO,10.8000,20,12233
2026-07-27,2026-07-28,BANCO SOLIDARIO,11.3000,2,137009
2026-07-27,2026-07-28,BANCO SOLIDARIO,11.3500,3,94731
2026-07-27,2026-07-28,BANCO SOLIDARIO,11.3700,2,135404
2026-07-27,2026-07-28,BANCO SOLIDARIO,11.4000,2,46460
2026-07-27,2026-07-28,BANCO SOLIDARIO,11.4700,2,78165
2026-07-27,2026-07-28,BANCO SOLIDARIO,11.5000,3,227507
2026-07-27,2026-07-28,BANCO SOLIDARIO,11.7000,1,299880
2026-07-27,2026-07-28,BANCO SOLIDARIO,11.7500,2,100000
2026-07-27,2026-07-28,BANCO SOLIDARIO,11.7600,1,150000
2026-07-27,2026-07-28,BANCO UNION,11.1300,1,6
2026-07-27,2026-07-28,BANCO UNION,11.3700,58,53375
2026-07-28,2026-07-29,BANCO BISA,11.3500,9,40346
2026-07-28,2026-07-29,BANCO BISA,11.4400,42,117729
2026-07-28,2026-07-29,BANCO BISA,11.4900,1,1300
2026-07-28,2026-07-29,BANCO BISA,11.5400,7,40407
2026-07-28,2026-07-29,BANCO BISA,11.5500,1,22040
2026-07-28,2026-07-29,BANCO BISA,11.6000,2,103275
2026-07-28,2026-07-29,BANCO BISA,11.6400,1,81621
2026-07-28,2026-07-29,BANCO BISA,11.6500,3,301444
2026-07-28,2026-07-29,BANCO BISA,11.6700,1,915200
2026-07-28,2026-07-29,BANCO BISA,11.6900,1,169975
2026-07-28,2026-07-29,BANCO BISA,11.7000,2,342550
2026-07-28,2026-07-29,BANCO BISA,11.7500,7,1238602
2026-07-28,2026-07-29,BANCO BISA,11.7800,1,70000
2026-07-28,2026-07-29,BANCO BISA,11.8000,1,4000000
2026-07-28,2026-07-29,BANCO BISA,11.8100,1,300000
2026-07-28,2026-07-29,BANCO BISA,11.8700,1,999975
2026-07-28,2026-07-29,BANCO BISA,11.9000,1,200000
2026-07-28,2026-07-29,BANCO DE CRÉDITO,11.4400,22,306175
2026-07-28,2026-07-29,BANCO DE CRÉDITO,11.5000,1,14867
2026-07-28,2026-07-29,BANCO DE CRÉDITO,11.6000,6,238321
2026-07-28,2026-07-29,BANCO DE CRÉDITO,11.6400,36,13949
2026-07-28,2026-07-29,BANCO DE CRÉDITO,11.7000,1,15000
2026-07-28,2026-07-29,BANCO DE CRÉDITO,11.9900,2,730000
2026-07-28,2026-07-29,BANCO DE LA NACIÓN ARGENTINA,11.4400,25,6737
2026-07-28,2026-07-29,BANCO DE LA NACIÓN ARGENTINA,11.5400,1,18070
2026-07-28,2026-07-29,BANCO ECONÓMICO,11.4400,33,131937
2026-07-28,2026-07-29,BANCO ECONÓMICO,11.5000,1,32000
2026-07-28,2026-07-29,BANCO ECONÓMICO,11.6000,1,500000
2026-07-28,2026-07-29,BANCO ECONÓMICO,11.9500,1,199990
2026-07-28,2026-07-29,BANCO ECONÓMICO,11.9800,1,1000000
2026-07-28,2026-07-29,BANCO FIE,11.4400,21,3247
2026-07-28,2026-07-29,BANCO FIE,11.7400,1,21840
2026-07-28,2026-07-29,BANCO FIE,12.0635,2,3000000
2026-07-28,2026-07-29,BANCO FORTALEZA,11.4400,2,46
2026-07-28,2026-07-29,BANCO FORTALEZA,11.5400,4,178
2026-07-28,2026-07-29,BANCO FORTALEZA,12.0700,1,2000000
2026-07-28,2026-07-29,BANCO GANADERO,9.6300,1,16429
2026-07-28,2026-07-29,BANCO GANADERO,9.7000,1,103
2026-07-28,2026-07-29,BANCO GANADERO,9.7300,1,124999
2026-07-28,2026-07-29,BANCO GANADERO,9.9600,1,9251
2026-07-28,2026-07-29,BANCO GANADERO,10.8500,1,92
2026-07-28,2026-07-29,BANCO GANADERO,10.9000,1,999
2026-07-28,2026-07-29,BANCO GANADERO,11.0000,1,182
2026-07-28,2026-07-29,BANCO GANADERO,11.1300,1,175
2026-07-28,2026-07-29,BANCO GANADERO,11.1700,1,20
2026-07-28,2026-07-29,BANCO GANADERO,11.2100,1,183
2026-07-28,2026-07-29,BANCO GANADERO,11.3400,151,175925
2026-07-28,2026-07-29,BANCO GANADERO,11.3700,29,9148
2026-07-28,2026-07-29,BANCO GANADERO,11.4700,4,5
2026-07-28,2026-07-29,BANCO GANADERO,11.5400,75,977144
2026-07-28,2026-07-29,BANCO GANADERO,11.6600,1,112942
2026-07-28,2026-07-29,BANCO GANADERO,11.7000,2,4000000
2026-07-28,2026-07-29,BANCO GANADERO,11.7800,1,900000
2026-07-28,2026-07-29,BANCO GANADERO,11.8000,2,3325236
2026-07-28,2026-07-29,BANCO GANADERO,11.9300,2,669982
2026-07-28,2026-07-29,BANCO GANADERO,11.9500,1,22528
2026-07-28,2026-07-29,BANCO GANADERO,11.9800,1,1000000
2026-07-28,2026-07-29,BANCO MERCANTIL SANTA CRUZ,11.3300,2,1
2026-07-28,2026-07-29,BANCO MERCANTIL SANTA CRUZ,11.3400,184,182601
2026-07-28,2026-07-29,BANCO MERCANTIL SANTA CRUZ,11.3500,1,0
2026-07-28,2026-07-29,BANCO MERCANTIL SANTA CRUZ,11.3600,1,0
2026-07-28,2026-07-29,BANCO MERCANTIL SANTA CRUZ,11.3800,1,0
2026-07-28,2026-07-29,BANCO MERCANTIL SANTA CRUZ,11.5400,3,5213
2026-07-28,2026-07-29,BANCO MERCANTIL SANTA CRUZ,11.5900,1,150000
2026-07-28,2026-07-29,BANCO MERCANTIL SANTA CRUZ,11.6200,1,35835
2026-07-28,2026-07-29,BANCO MERCANTIL SANTA CRUZ,11.6400,3,50000
2026-07-28,2026-07-29,BANCO MERCANTIL SANTA CRUZ,11.6600,2,16575
2026-07-28,2026-07-29,BANCO MERCANTIL SANTA CRUZ,11.7000,1,724564
2026-07-28,2026-07-29,BANCO MERCANTIL SANTA CRUZ,11.8000,1,0
2026-07-28,2026-07-29,BANCO MERCANTIL SANTA CRUZ,11.8500,1,199895
2026-07-28,2026-07-29,BANCO MERCANTIL SANTA CRUZ,12.0000,3,1299812
2026-07-28,2026-07-29,BANCO MERCANTIL SANTA CRUZ,12.0100,1,999925
2026-07-28,2026-07-29,BANCO MERCANTIL SANTA CRUZ,12.0331,1,1200000
2026-07-28,2026-07-29,BANCO NACIONAL DE BOLIVIA,11.1700,2,66
2026-07-28,2026-07-29,BANCO NACIONAL DE BOLIVIA,11.2500,1,1800
2026-07-28,2026-07-29,BANCO NACIONAL DE BOLIVIA,11.3400,118,275529
2026-07-28,2026-07-29,BANCO NACIONAL DE BOLIVIA,11.4200,1,13736
2026-07-28,2026-07-29,BANCO NACIONAL DE BOLIVIA,11.4400,1,5000
2026-07-28,2026-07-29,BANCO NACIONAL DE BOLIVIA,11.5300,131,57600
2026-07-28,2026-07-29,BANCO NACIONAL DE BOLIVIA,11.5400,5,530835
2026-07-28,2026-07-29,BANCO NACIONAL DE BOLIVIA,11.5500,1,100000
2026-07-28,2026-07-29,BANCO NACIONAL DE BOLIVIA,11.5760,1,18982
2026-07-28,2026-07-29,BANCO NACIONAL DE BOLIVIA,11.6000,2,1500000
2026-07-28,2026-07-29,BANCO NACIONAL DE BOLIVIA,11.6400,1,11280
2026-07-28,2026-07-29,BANCO PRODEM,11.4400,16,5435
2026-07-28,2026-07-29,BANCO PYME DE LA COMUNIDAD,11.5400,3,426
2026-07-28,2026-07-29,BANCO PYME ECOFUTURO,11.1400,6,739
2026-07-28,2026-07-29,BANCO PYME ECOFUTURO,11.2100,1,41728
2026-07-28,2026-07-29,BANCO PYME ECOFUTURO,11.4300,1,200000
2026-07-28,2026-07-29,BANCO SOLIDARIO,10.9600,25,2991
2026-07-28,2026-07-29,BANCO SOLIDARIO,11.0000,2,2615
2026-07-28,2026-07-29,BANCO SOLIDARIO,11.1500,2,249200
2026-07-28,2026-07-29,BANCO SOLIDARIO,11.4500,1,5000
2026-07-28,2026-07-29,BANCO SOLIDARIO,11.5000,1,27960
2026-07-28,2026-07-29,BANCO SOLIDARIO,11.6000,3,563448
2026-07-28,2026-07-29,BANCO SOLIDARIO,11.6500,1,60901
2026-07-28,2026-07-29,BANCO SOLIDARIO,11.7600,1,150000
2026-07-28,2026-07-29,BANCO SOLIDARIO,11.8700,3,799880
2026-07-28,2026-07-29,BANCO SOLIDARIO,11.9000,3,699905
2026-07-28,2026-07-29,BANCO SOLIDARIO,12.0000,1,99820
2026-07-28,2026-07-29,BANCO UNION,11.3700,1,200
2026-07-28,2026-07-29,BANCO UNION,11.5400,47,41814
2026-07-29,2026-07-30,BANCO BISA,11.3500,10,88950
2026-07-29,2026-07-30,BANCO BISA,11.7000,39,100392
2026-07-29,2026-07-30,BANCO BISA,11.8000,6,97701
2026-07-29,2026-07-30,BANCO BISA,11.8100,1,7081
2026-07-29,2026-07-30,BANCO BISA,11.8500,1,50000
2026-07-29,2026-07-30,BANCO BISA,11.8800,1,1000000
2026-07-29,2026-07-30,BANCO BISA,11.9000,2,754370
2026-07-29,2026-07-30,BANCO BISA,11.9500,1,106517
2026-07-29,2026-07-30,BANCO BISA,12.0000,3,455405
2026-07-29,2026-07-30,BANCO BISA,12.0100,1,499975
2026-07-29,2026-07-30,BANCO BISA,12.0200,1,200000
2026-07-29,2026-07-30,BANCO BISA,12.0300,1,2488285
2026-07-29,2026-07-30,BANCO BISA,12.0500,2,430000
2026-07-29,2026-07-30,BANCO BISA,12.1000,2,2700000
2026-07-29,2026-07-30,BANCO DE CRÉDITO,11.3900,1,5947
2026-07-29,2026-07-30,BANCO DE CRÉDITO,11.7000,29,109156
2026-07-29,2026-07-30,BANCO DE CRÉDITO,11.8000,6,3477420
2026-07-29,2026-07-30,BANCO DE CRÉDITO,11.8200,1,1177456
2026-07-29,2026-07-30,BANCO DE CRÉDITO,11.8400,1,767729
2026-07-29,2026-07-30,BANCO DE CRÉDITO,11.8490,1,1294
2026-07-29,2026-07-30,BANCO DE CRÉDITO,11.8500,3,55987
2026-07-29,2026-07-30,BANCO DE CRÉDITO,11.9000,43,19491
2026-07-29,2026-07-30,BANCO DE CRÉDITO,12.0000,3,1574319
2026-07-29,2026-07-30,BANCO DE CRÉDITO,12.0500,1,25500
2026-07-29,2026-07-30,BANCO DE CRÉDITO,12.1500,1,999915
2026-07-29,2026-07-30,BANCO DE CRÉDITO,12.2500,1,999915
2026-07-29,2026-07-30,BANCO DE LA NACIÓN ARGENTINA,11.7000,13,1291
2026-07-29,2026-07-30,BANCO DE LA NACIÓN ARGENTINA,11.8000,5,26722
2026-07-29,2026-07-30,BANCO DE LA NACIÓN ARGENTINA,11.9500,1,98000
2026-07-29,2026-07-30,BANCO ECONÓMICO,11.7000,46,182946
2026-07-29,2026-07-30,BANCO ECONÓMICO,12.0000,4,868774
2026-07-29,2026-07-30,BANCO ECONÓMICO,12.0100,1,256982
2026-07-29,2026-07-30,BANCO FIE,11.7000,27,3769
2026-07-29,2026-07-30,BANCO FORTALEZA,9.0000,1,75
2026-07-29,2026-07-30,BANCO FORTALEZA,10.3000,1,1961
2026-07-29,2026-07-30,BANCO FORTALEZA,11.0000,1,5000
2026-07-29,2026-07-30,BANCO FORTALEZA,11.7000,1,700
2026-07-29,2026-07-30,BANCO FORTALEZA,11.7500,1,152559
2026-07-29,2026-07-30,BANCO FORTALEZA,11.8000,5,805
2026-07-29,2026-07-30,BANCO FORTALEZA,11.8500,1,40852
2026-07-29,2026-07-30,BANCO FORTALEZA,11.9000,1,67850
2026-07-29,2026-07-30,BANCO FORTALEZA,12.0000,1,60000
2026-07-29,2026-07-30,BANCO GANADERO,9.6300,1,14993
2026-07-29,2026-07-30,BANCO GANADERO,9.7300,1,134116
2026-07-29,2026-07-30,BANCO GANADERO,9.9600,1,13743
2026-07-29,2026-07-30,BANCO GANADERO,11.3400,2,10
2026-07-29,2026-07-30,BANCO GANADERO,11.3700,1,9054
2026-07-29,2026-07-30,BANCO GANADERO,11.5400,2,4285
2026-07-29,2026-07-30,BANCO GANADERO,11.6000,269,156355
2026-07-29,2026-07-30,BANCO GANADERO,11.6400,2,3
2026-07-29,2026-07-30,BANCO GANADERO,11.8000,80,1004224
2026-07-29,2026-07-30,BANCO GANADERO,11.8018,1,1
2026-07-29,2026-07-30,BANCO GANADERO,11.9000,1,600
2026-07-29,2026-07-30,BANCO GANADERO,11.9100,1,274577
2026-07-29,2026-07-30,BANCO GANADERO,11.9500,1,599880
2026-07-29,2026-07-30,BANCO GANADERO,11.9510,1,89960
2026-07-29,2026-07-30,BANCO GANADERO,11.9600,1,459459
2026-07-29,2026-07-30,BANCO GANADERO,12.0200,1,300000
2026-07-29,2026-07-30,BANCO GANADERO,12.0500,1,500000
2026-07-29,2026-07-30,BANCO GANADERO,12.0600,1,239997
2026-07-29,2026-07-30,BANCO MERCANTIL SANTA CRUZ,11.5900,1,0
2026-07-29,2026-07-30,BANCO MERCANTIL SANTA CRUZ,11.6000,224,367680
2026-07-29,2026-07-30,BANCO MERCANTIL SANTA CRUZ,11.6100,1,1
2026-07-29,2026-07-30,BANCO MERCANTIL SANTA CRUZ,11.7000,1,279915
2026-07-29,2026-07-30,BANCO MERCANTIL SANTA CRUZ,11.7500,1,29955
2026-07-29,2026-07-30,BANCO MERCANTIL SANTA CRUZ,11.8000,1,300000
2026-07-29,2026-07-30,BANCO MERCANTIL SANTA CRUZ,11.8300,1,25940
2026-07-29,2026-07-30,BANCO MERCANTIL SANTA CRUZ,11.8500,1,230884
2026-07-29,2026-07-30,BANCO MERCANTIL SANTA CRUZ,11.9200,1,53940
2026-07-29,2026-07-30,BANCO MERCANTIL SANTA CRUZ,12.0200,1,1999899
2026-07-29,2026-07-30,BANCO MERCANTIL SANTA CRUZ,12.0330,1,499940
2026-07-29,2026-07-30,BANCO NACIONAL DE BOLIVIA,11.5500,1,1700
2026-07-29,2026-07-30,BANCO NACIONAL DE BOLIVIA,11.6000,115,516029
2026-07-29,2026-07-30,BANCO NACIONAL DE BOLIVIA,11.7000,5,2455872
2026-07-29,2026-07-30,BANCO NACIONAL DE BOLIVIA,11.7150,1,149975
2026-07-29,2026-07-30,BANCO NACIONAL DE BOLIVIA,11.7900,148,75351
2026-07-29,2026-07-30,BANCO NACIONAL DE BOLIVIA,11.8000,10,9570310
2026-07-29,2026-07-30,BANCO PRODEM,11.7000,16,25950
2026-07-29,2026-07-30,BANCO PYME DE LA COMUNIDAD,11.8000,6,6397
2026-07-29,2026-07-30,BANCO PYME ECOFUTURO,11.4000,5,102330
2026-07-29,2026-07-30,BANCO SOLIDARIO,11.2000,1,14905
2026-07-29,2026-07-30,BANCO SOLIDARIO,11.2100,40,11693
2026-07-29,2026-07-30,BANCO SOLIDARIO,11.5500,1,30000
2026-07-29,2026-07-30,BANCO SOLIDARIO,11.7000,1,22905
2026-07-29,2026-07-30,BANCO SOLIDARIO,11.8500,1,24905
2026-07-29,2026-07-30,BANCO SOLIDARIO,11.8700,1,95
2026-07-29,2026-07-30,BANCO SOLIDARIO,11.9000,1,79905
2026-07-29,2026-07-30,BANCO SOLIDARIO,11.9500,2,151388
2026-07-29,2026-07-30,BANCO SOLIDARIO,11.9520,1,55995
2026-07-29,2026-07-30,BANCO SOLIDARIO,11.9800,1,499980
2026-07-29,2026-07-30,BANCO SOLIDARIO,12.1500,1,99905
2026-07-29,2026-07-30,BANCO SOLIDARIO,12.2000,1,99905
2026-07-29,2026-07-30,BANCO UNION,11.8000,76,113341
2026-07-30,2026-07-31,BANCO BISA,11.7500,6,12865
2026-07-30,2026-07-31,BANCO BISA,11.7900,41,85655
2026-07-30,2026-07-31,BANCO BISA,11.8900,7,477784
2026-07-30,2026-07-31,BANCO BISA,11.9000,3,86267
2026-07-30,2026-07-31,BANCO BISA,11.9300,1,16799
2026-07-30,2026-07-31,BANCO BISA,11.9500,1,150628
2026-07-30,2026-07-31,BANCO BISA,11.9900,3,367901
2026-07-30,2026-07-31,BANCO BISA,12.0000,1,199965
2026-07-30,2026-07-31,BANCO BISA,12.0500,3,392351
2026-07-30,2026-07-31,BANCO BISA,12.0700,1,200000
2026-07-30,2026-07-31,BANCO BISA,12.1200,2,350000
2026-07-30,2026-07-31,BANCO BISA,12.1500,2,1200000
2026-07-30,2026-07-31,BANCO BISA,12.1800,1,500000
2026-07-30,2026-07-31,BANCO BISA,12.2000,2,9199945
2026-07-30,2026-07-31,BANCO DE CRÉDITO,11.7900,20,62600
2026-07-30,2026-07-31,BANCO DE CRÉDITO,11.8000,1,49925
2026-07-30,2026-07-31,BANCO DE CRÉDITO,11.8900,3,52414
2026-07-30,2026-07-31,BANCO DE CRÉDITO,11.9000,38,24970
2026-07-30,2026-07-31,BANCO DE CRÉDITO,11.9500,1,100000
2026-07-30,2026-07-31,BANCO DE CRÉDITO,11.9900,7,175559
2026-07-30,2026-07-31,BANCO DE CRÉDITO,12.0000,1,8732
2026-07-30,2026-07-31,BANCO DE CRÉDITO,12.0500,5,163592
2026-07-30,2026-07-31,BANCO DE CRÉDITO,12.1000,2,528510
2026-07-30,2026-07-31,BANCO DE CRÉDITO,12.2000,4,2529800
2026-07-30,2026-07-31,BANCO DE CRÉDITO,12.2500,1,148345
2026-07-30,2026-07-31,BANCO DE CRÉDITO,12.2650,1,1000000
2026-07-30,2026-07-31,BANCO DE CRÉDITO,12.3500,1,999915
2026-07-30,2026-07-31,BANCO DE CRÉDITO,12.4000,3,1243904
2026-07-30,2026-07-31,BANCO DE LA NACIÓN ARGENTINA,11.7900,25,15850
2026-07-30,2026-07-31,BANCO DE LA NACIÓN ARGENTINA,11.8900,6,2011
2026-07-30,2026-07-31,BANCO ECONÓMICO,11.6900,46,40978
2026-07-30,2026-07-31,BANCO ECONÓMICO,11.8900,2,114940
2026-07-30,2026-07-31,BANCO FIE,11.7900,22,2470
2026-07-30,2026-07-31,BANCO FIE,12.0400,1,522910
2026-07-30,2026-07-31,BANCO FORTALEZA,11.7000,1,33930
2026-07-30,2026-07-31,BANCO FORTALEZA,11.7900,5,1054
2026-07-30,2026-07-31,BANCO FORTALEZA,11.8900,3,8719
2026-07-30,2026-07-31,BANCO FORTALEZA,11.9500,1,30415
2026-07-30,2026-07-31,BANCO FORTALEZA,12.0000,1,4200
2026-07-30,2026-07-31,BANCO FORTALEZA,12.1300,1,166000
2026-07-30,2026-07-31,BANCO FORTALEZA,12.4000,1,1000000
2026-07-30,2026-07-31,BANCO GANADERO,9.6300,1,14420
2026-07-30,2026-07-31,BANCO GANADERO,9.7300,1,119433
2026-07-30,2026-07-31,BANCO GANADERO,9.9600,1,15291
2026-07-30,2026-07-31,BANCO GANADERO,11.5400,1,3425
2026-07-30,2026-07-31,BANCO GANADERO,11.6900,165,78901
2026-07-30,2026-07-31,BANCO GANADERO,11.8000,19,4197
2026-07-30,2026-07-31,BANCO GANADERO,11.8899,1,20
2026-07-30,2026-07-31,BANCO GANADERO,11.8900,196,1131070
2026-07-30,2026-07-31,BANCO GANADERO,11.8901,1,30
2026-07-30,2026-07-31,BANCO GANADERO,11.9510,1,89960
2026-07-30,2026-07-31,BANCO GANADERO,11.9900,1,1
2026-07-30,2026-07-31,BANCO GANADERO,12.1100,1,100000
2026-07-30,2026-07-31,BANCO GANADERO,12.2000,3,1100740
2026-07-30,2026-07-31,BANCO GANADERO,12.2200,2,3651023
2026-07-30,2026-07-31,BANCO GANADERO,12.2300,1,4500000
2026-07-30,2026-07-31,BANCO GANADERO,12.2500,1,399880
2026-07-30,2026-07-31,BANCO MERCANTIL SANTA CRUZ,11.6900,262,399578
2026-07-30,2026-07-31,BANCO MERCANTIL SANTA CRUZ,11.7000,1,0
2026-07-30,2026-07-31,BANCO MERCANTIL SANTA CRUZ,11.9500,1,199948
2026-07-30,2026-07-31,BANCO MERCANTIL SANTA CRUZ,11.9900,2,100000
2026-07-30,2026-07-31,BANCO MERCANTIL SANTA CRUZ,12.0000,1,381007
2026-07-30,2026-07-31,BANCO MERCANTIL SANTA CRUZ,12.0100,1,30733
2026-07-30,2026-07-31,BANCO MERCANTIL SANTA CRUZ,12.0500,2,468935
2026-07-30,2026-07-31,BANCO MERCANTIL SANTA CRUZ,12.1000,1,99945
2026-07-30,2026-07-31,BANCO MERCANTIL SANTA CRUZ,12.1450,1,334895
2026-07-30,2026-07-31,BANCO MERCANTIL SANTA CRUZ,12.1650,1,100000
2026-07-30,2026-07-31,BANCO MERCANTIL SANTA CRUZ,12.1800,1,160000
2026-07-30,2026-07-31,BANCO NACIONAL DE BOLIVIA,11.6400,1,1000
2026-07-30,2026-07-31,BANCO NACIONAL DE BOLIVIA,11.6900,140,384504
2026-07-30,2026-07-31,BANCO NACIONAL DE BOLIVIA,11.7900,1,18650
2026-07-30,2026-07-31,BANCO NACIONAL DE BOLIVIA,11.8800,168,52975
2026-07-30,2026-07-31,BANCO NACIONAL DE BOLIVIA,11.8900,14,1459
2026-07-30,2026-07-31,BANCO NACIONAL DE BOLIVIA,12.0500,1,1024813
2026-07-30,2026-07-31,BANCO PRODEM,11.7900,15,11361
2026-07-30,2026-07-31,BANCO PYME DE LA COMUNIDAD,11.8900,11,5585
2026-07-30,2026-07-31,BANCO PYME ECOFUTURO,11.4900,3,660
2026-07-30,2026-07-31,BANCO SOLIDARIO,11.3000,32,6280
2026-07-30,2026-07-31,BANCO SOLIDARIO,11.5000,6,46894
2026-07-30,2026-07-31,BANCO SOLIDARIO,11.6000,1,5405
2026-07-30,2026-07-31,BANCO SOLIDARIO,11.8300,2,7732
2026-07-30,2026-07-31,BANCO SOLIDARIO,11.9800,1,44405
2026-07-30,2026-07-31,BANCO SOLIDARIO,12.1000,2,175600
2026-07-30,2026-07-31,BANCO SOLIDARIO,12.1500,2,20000
2026-07-30,2026-07-31,BANCO SOLIDARIO,12.2000,3,249960
2026-07-30,2026-07-31,BANCO UNION,11.5400,1,10
2026-07-30,2026-07-31,BANCO UNION,11.8900,85,373220
2026-07-30,2026-07-31,BANCO UNION,12.0000,1,40000
2026-07-30,2026-07-31,BANCO UNION,12.2500,1,500000
2026-07-31,2026-08-03,BANCO BISA,11.7500,9,52357
2026-07-31,2026-08-03,BANCO BISA,12.0000,8,25617
2026-07-31,2026-08-03,BANCO BISA,12.0500,25,1025784
2026-07-31,2026-08-03,BANCO BISA,12.1500,10,944954
2026-07-31,2026-08-03,BANCO BISA,12.2000,3,2116623
2026-07-31,2026-08-03,BANCO BISA,12.2500,2,1026404
2026-07-31,2026-08-03,BANCO BISA,12.2600,2,1053278
2026-07-31,2026-08-03,BANCO BISA,12.2750,1,1000000
2026-07-31,2026-08-03,BANCO DE CRÉDITO,12.0000,3,159979
2026-07-31,2026-08-03,BANCO DE CRÉDITO,12.0500,39,155654
2026-07-31,2026-08-03,BANCO DE CRÉDITO,12.1500,60,170632
2026-07-31,2026-08-03,BANCO DE CRÉDITO,12.2100,1,1600000
2026-07-31,2026-08-03,BANCO DE CRÉDITO,12.2500,1,2900
2026-07-31,2026-08-03,BANCO DE LA NACIÓN ARGENTINA,12.0500,27,11139
2026-07-31,2026-08-03,BANCO DE LA NACIÓN ARGENTINA,12.1500,10,53900
2026-07-31,2026-08-03,BANCO DE LA NACIÓN ARGENTINA,12.2000,1,46000
2026-07-31,2026-08-03,BANCO ECONÓMICO,11.9500,143,845472
2026-07-31,2026-08-03,BANCO ECONÓMICO,12.0000,1,241599
2026-07-31,2026-08-03,BANCO ECONÓMICO,12.1000,1,12000
2026-07-31,2026-08-03,BANCO ECONÓMICO,12.1200,1,1500000
2026-07-31,2026-08-03,BANCO FIE,12.0500,31,91990
2026-07-31,2026-08-03,BANCO FIE,12.2100,1,399975
2026-07-31,2026-08-03,BANCO FIE,12.2500,1,60000
2026-07-31,2026-08-03,BANCO FORTALEZA,11.8900,1,6342
2026-07-31,2026-08-03,BANCO FORTALEZA,11.9000,1,33805
2026-07-31,2026-08-03,BANCO FORTALEZA,12.0000,2,306827
2026-07-31,2026-08-03,BANCO FORTALEZA,12.0500,1,200
2026-07-31,2026-08-03,BANCO FORTALEZA,12.1500,6,4308
2026-07-31,2026-08-03,BANCO FORTALEZA,12.2000,2,25500
2026-07-31,2026-08-03,BANCO FORTALEZA,12.3000,1,200000
2026-07-31,2026-08-03,BANCO GANADERO,9.6300,1,22042
2026-07-31,2026-08-03,BANCO GANADERO,9.7300,2,132214
2026-07-31,2026-08-03,BANCO GANADERO,9.9600,1,18059
2026-07-31,2026-08-03,BANCO GANADERO,11.8900,1,12185
2026-07-31,2026-08-03,BANCO GANADERO,11.9500,295,997752
2026-07-31,2026-08-03,BANCO GANADERO,12.0000,2,2046400
2026-07-31,2026-08-03,BANCO GANADERO,12.1000,2,403340
2026-07-31,2026-08-03,BANCO GANADERO,12.1200,1,349975
2026-07-31,2026-08-03,BANCO GANADERO,12.1500,54,1531450
2026-07-31,2026-08-03,BANCO GANADERO,12.2000,4,2907304
2026-07-31,2026-08-03,BANCO GANADERO,12.2200,3,1306742
2026-07-31,2026-08-03,BANCO GANADERO,12.2500,4,199989
2026-07-31,2026-08-03,BANCO MERCANTIL SANTA CRUZ,11.9500,297,597485
2026-07-31,2026-08-03,BANCO MERCANTIL SANTA CRUZ,11.9700,1,0
2026-07-31,2026-08-03,BANCO MERCANTIL SANTA CRUZ,12.1000,1,499940
2026-07-31,2026-08-03,BANCO MERCANTIL SANTA CRUZ,12.1500,8,3808282
2026-07-31,2026-08-03,BANCO MERCANTIL SANTA CRUZ,12.1700,4,719458
2026-07-31,2026-08-03,BANCO MERCANTIL SANTA CRUZ,12.1800,1,33567
2026-07-31,2026-08-03,BANCO MERCANTIL SANTA CRUZ,12.2500,2,40000
2026-07-31,2026-08-03,BANCO NACIONAL DE BOLIVIA,11.9000,1,5983
2026-07-31,2026-08-03,BANCO NACIONAL DE BOLIVIA,11.9500,218,862197
2026-07-31,2026-08-03,BANCO NACIONAL DE BOLIVIA,12.0000,1,1000
2026-07-31,2026-08-03,BANCO NACIONAL DE BOLIVIA,12.0500,4,7100
2026-07-31,2026-08-03,BANCO NACIONAL DE BOLIVIA,12.0900,1,11800
2026-07-31,2026-08-03,BANCO NACIONAL DE BOLIVIA,12.1000,3,511649
2026-07-31,2026-08-03,BANCO NACIONAL DE BOLIVIA,12.1200,1,500000
2026-07-31,2026-08-03,BANCO NACIONAL DE BOLIVIA,12.1400,168,112827
2026-07-31,2026-08-03,BANCO NACIONAL DE BOLIVIA,12.1500,5,540501
2026-07-31,2026-08-03,BANCO NACIONAL DE BOLIVIA,12.1600,2,272056
2026-07-31,2026-08-03,BANCO NACIONAL DE BOLIVIA,12.2000,4,1470570
2026-07-31,2026-08-03,BANCO NACIONAL DE BOLIVIA,12.2150,1,799980
2026-07-31,2026-08-03,BANCO NACIONAL DE BOLIVIA,12.3000,1,1700000
2026-07-31,2026-08-03,BANCO PRODEM,12.0500,25,76628
2026-07-31,2026-08-03,BANCO PYME DE LA COMUNIDAD,12.1500,14,26442
2026-07-31,2026-08-03,BANCO PYME ECOFUTURO,11.7500,4,289
2026-07-31,2026-08-03,BANCO PYME ECOFUTURO,12.1000,1,220000
2026-07-31,2026-08-03,BANCO SOLIDARIO,11.5000,1,70
2026-07-31,2026-08-03,BANCO SOLIDARIO,11.5400,34,17612
2026-07-31,2026-08-03,BANCO SOLIDARIO,11.6670,1,749905
2026-07-31,2026-08-03,BANCO SOLIDARIO,11.7000,1,51943
2026-07-31,2026-08-03,BANCO SOLIDARIO,12.0000,1,4905
2026-07-31,2026-08-03,BANCO SOLIDARIO,12.0800,1,14862
2026-07-31,2026-08-03,BANCO SOLIDARIO,12.1000,2,43680
2026-07-31,2026-08-03,BANCO SOLIDARIO,12.1100,2,317394
2026-07-31,2026-08-03,BANCO SOLIDARIO,12.1500,3,301930
2026-07-31,2026-08-03,BANCO SOLIDARIO,12.1660,1,691505
2026-07-31,2026-08-03,BANCO SOLIDARIO,12.2000,3,105059
2026-07-31,2026-08-03,BANCO SOLIDARIO,12.2100,1,463687
2026-07-31,2026-08-03,BANCO SOLIDARIO,12.2200,2,411240
2026-07-31,2026-08-03,BANCO UNION,12.1500,233,1570157
2026-07-31,2026-08-03,BANCO UNION,12.3000,1,500000
2026-08-03,2026-08-04,BANCO BISA,11.9000,6,889506
2026-08-03,2026-08-04,BANCO BISA,11.9008,1,499965
2026-08-03,2026-08-04,BANCO BISA,11.9300,13,45195
2026-08-03,2026-08-04,BANCO BISA,11.9500,3,58737
2026-08-03,2026-08-04,BANCO BISA,12.0000,8,803591
2026-08-03,2026-08-04,BANCO BISA,12.0300,32,419377
2026-08-03,2026-08-04,BANCO BISA,12.0500,1,99988
2026-08-03,2026-08-04,BANCO BISA,12.1300,2,25141
2026-08-03,2026-08-04,BANCO DE CRÉDITO,11.3000,1,1000
2026-08-03,2026-08-04,BANCO DE CRÉDITO,11.9300,19,164702
2026-08-03,2026-08-04,BANCO DE CRÉDITO,12.0000,6,200630
2026-08-03,2026-08-04,BANCO DE CRÉDITO,12.0300,113,29757
2026-08-03,2026-08-04,BANCO DE CRÉDITO,12.1300,3,1580906
2026-08-03,2026-08-04,BANCO DE LA NACIÓN ARGENTINA,12.0300,28,10325
2026-08-03,2026-08-04,BANCO DE LA NACIÓN ARGENTINA,12.1300,3,93340
2026-08-03,2026-08-04,BANCO ECONÓMICO,11.6000,57,92144
2026-08-03,2026-08-04,BANCO ECONÓMICO,12.0000,3,1160000
2026-08-03,2026-08-04,BANCO FIE,12.0300,40,55907
2026-08-03,2026-08-04,BANCO FORTALEZA,12.0000,1,21228
2026-08-03,2026-08-04,BANCO FORTALEZA,12.0300,1,500
2026-08-03,2026-08-04,BANCO FORTALEZA,12.1300,2,102030
2026-08-03,2026-08-04,BANCO FORTALEZA,12.3120,1,999920
2026-08-03,2026-08-04,BANCO FORTALEZA,12.3500,1,240000
2026-08-03,2026-08-04,BANCO FORTALEZA,12.3600,1,141099
2026-08-03,2026-08-04,BANCO GANADERO,9.6300,9,21817
2026-08-03,2026-08-04,BANCO GANADERO,9.7300,15,226533
2026-08-03,2026-08-04,BANCO GANADERO,9.9600,1,26250
2026-08-03,2026-08-04,BANCO GANADERO,11.3700,1,132
2026-08-03,2026-08-04,BANCO GANADERO,11.5400,1,130
2026-08-03,2026-08-04,BANCO GANADERO,11.8000,1,239
2026-08-03,2026-08-04,BANCO GANADERO,11.8900,1,84
2026-08-03,2026-08-04,BANCO GANADERO,12.1300,78,1781917
2026-08-03,2026-08-04,BANCO GANADERO,12.1500,6,10654
2026-08-03,2026-08-04,BANCO GANADERO,12.2000,1,2500000
2026-08-03,2026-08-04,BANCO GANADERO,12.2500,2,1295724
2026-08-03,2026-08-04,BANCO MERCANTIL SANTA CRUZ,11.9300,360,897444
2026-08-03,2026-08-04,BANCO MERCANTIL SANTA CRUZ,11.9400,1,0
2026-08-03,2026-08-04,BANCO MERCANTIL SANTA CRUZ,12.0000,2,579880
2026-08-03,2026-08-04,BANCO MERCANTIL SANTA CRUZ,12.0500,1,500000
2026-08-03,2026-08-04,BANCO MERCANTIL SANTA CRUZ,12.1300,5,429141
2026-08-03,2026-08-04,BANCO MERCANTIL SANTA CRUZ,12.1500,1,499915
2026-08-03,2026-08-04,BANCO MERCANTIL SANTA CRUZ,12.2300,8,465785
2026-08-03,2026-08-04,BANCO NACIONAL DE BOLIVIA,11.6800,1,2900
2026-08-03,2026-08-04,BANCO NACIONAL DE BOLIVIA,11.7300,302,861114
2026-08-03,2026-08-04,BANCO NACIONAL DE BOLIVIA,11.9500,1,13000
2026-08-03,2026-08-04,BANCO NACIONAL DE BOLIVIA,12.0000,1,80000
2026-08-03,2026-08-04,BANCO NACIONAL DE BOLIVIA,12.0300,1,46813
2026-08-03,2026-08-04,BANCO NACIONAL DE BOLIVIA,12.1200,152,254583
2026-08-03,2026-08-04,BANCO NACIONAL DE BOLIVIA,12.1300,5,28483
2026-08-03,2026-08-04,BANCO NACIONAL DE BOLIVIA,12.2000,3,326723
2026-08-03,2026-08-04,BANCO NACIONAL DE BOLIVIA,12.2400,1,1144000
2026-08-03,2026-08-04,BANCO PRODEM,12.0300,36,43765
2026-08-03,2026-08-04,BANCO PYME DE LA COMUNIDAD,12.1300,6,6283
2026-08-03,2026-08-04,BANCO PYME ECOFUTURO,11.7300,11,26160
2026-08-03,2026-08-04,BANCO SOLIDARIO,11.5200,26,4239
2026-08-03,2026-08-04,BANCO SOLIDARIO,12.0000,1,231000
2026-08-03,2026-08-04,BANCO SOLIDARIO,12.0500,1,10000
2026-08-03,2026-08-04,BANCO SOLIDARIO,12.1300,2,25438
2026-08-03,2026-08-04,BANCO SOLIDARIO,12.1500,2,699880
2026-08-03,2026-08-04,BANCO SOLIDARIO,12.2000,2,599725
2026-08-03,2026-08-04,BANCO SOLIDARIO,12.2300,1,7035
2026-08-03,2026-08-04,BANCO UNION,11.8900,2,16
2026-08-03,2026-08-04,BANCO UNION,12.1300,310,5233114
2026-08-03,2026-08-04,BANCO UNION,12.3000,1,200000
2026-08-04,2026-08-05,BANCO BISA,11.8800,81,3112502
2026-08-04,2026-08-05,BANCO BISA,11.9000,4,570022
2026-08-04,2026-08-05,BANCO BISA,11.9200,1,499975
2026-08-04,2026-08-05,BANCO BISA,11.9210,1,1600000
2026-08-04,2026-08-05,BANCO BISA,11.9300,18,20270
2026-08-04,2026-08-05,BANCO BISA,11.9500,1,50433
2026-08-04,2026-08-05,BANCO BISA,11.9800,1,31642
2026-08-04,2026-08-05,BANCO BISA,12.0000,15,913295
2026-08-04,2026-08-05,BANCO BISA,12.0300,2,6793
2026-08-04,2026-08-05,BANCO BISA,12.0350,2,99999970
2026-08-04,2026-08-05,BANCO DE CRÉDITO,11.8800,29,224231
2026-08-04,2026-08-05,BANCO DE CRÉDITO,11.9200,1,499915
2026-08-04,2026-08-05,BANCO DE CRÉDITO,11.9300,1,99950
2026-08-04,2026-08-05,BANCO DE CRÉDITO,11.9500,3,463203
2026-08-04,2026-08-05,BANCO DE CRÉDITO,12.0000,3,439925
2026-08-04,2026-08-05,BANCO DE CRÉDITO,12.0800,333,30389
2026-08-04,2026-08-05,BANCO DE CRÉDITO,12.1000,1,199940
2026-08-04,2026-08-05,BANCO DE CRÉDITO,12.1700,1,6950
2026-08-04,2026-08-05,BANCO DE CRÉDITO,12.1800,2,25604
2026-08-04,2026-08-05,BANCO DE LA NACIÓN ARGENTINA,11.8800,10,2333
2026-08-04,2026-08-05,BANCO DE LA NACIÓN ARGENTINA,12.0800,1,200
2026-08-04,2026-08-05,BANCO ECONÓMICO,11.5000,48,21021
2026-08-04,2026-08-05,BANCO ECONÓMICO,11.9000,3,2052981
2026-08-04,2026-08-05,BANCO ECONÓMICO,11.9500,2,1999978
2026-08-04,2026-08-05,BANCO ECONÓMICO,12.0000,1,70000
2026-08-04,2026-08-05,BANCO FIE,11.9800,24,66948
2026-08-04,2026-08-05,BANCO FIE,12.2000,1,1000000
2026-08-04,2026-08-05,BANCO FORTALEZA,11.8000,1,3165
2026-08-04,2026-08-05,BANCO FORTALEZA,11.9000,1,17835
2026-08-04,2026-08-05,BANCO FORTALEZA,11.9800,1,200
2026-08-04,2026-08-05,BANCO FORTALEZA,12.0000,1,49962
2026-08-04,2026-08-05,BANCO FORTALEZA,12.0800,4,265980
2026-08-04,2026-08-05,BANCO GANADERO,9.7300,1,219920
2026-08-04,2026-08-05,BANCO GANADERO,9.9600,2,26643
2026-08-04,2026-08-05,BANCO GANADERO,10.5000,108,32911
2026-08-04,2026-08-05,BANCO GANADERO,10.7000,29,9278
2026-08-04,2026-08-05,BANCO GANADERO,11.0000,1,9000
2026-08-04,2026-08-05,BANCO GANADERO,11.7500,2,41860
2026-08-04,2026-08-05,BANCO GANADERO,11.8000,1,384560
2026-08-04,2026-08-05,BANCO GANADERO,11.8800,29,3782
2026-08-04,2026-08-05,BANCO GANADERO,11.9000,3,541955
2026-08-04,2026-08-05,BANCO GANADERO,11.9300,1,499975
2026-08-04,2026-08-05,BANCO GANADERO,11.9500,3,1927183
2026-08-04,2026-08-05,BANCO GANADERO,12.0000,1,348545
2026-08-04,2026-08-05,BANCO GANADERO,12.0400,1,126
2026-08-04,2026-08-05,BANCO GANADERO,12.0645,1,7080747
2026-08-04,2026-08-05,BANCO GANADERO,12.0800,551,2092808
2026-08-04,2026-08-05,BANCO GANADERO,12.1300,25,7734
2026-08-04,2026-08-05,BANCO GANADERO,12.1500,4,452
2026-08-04,2026-08-05,BANCO GANADERO,12.1800,6,12492
2026-08-04,2026-08-05,BANCO MERCANTIL SANTA CRUZ,11.8700,1,0
2026-08-04,2026-08-05,BANCO MERCANTIL SANTA CRUZ,11.8800,424,1774577
2026-08-04,2026-08-05,BANCO MERCANTIL SANTA CRUZ,11.8900,2,1
2026-08-04,2026-08-05,BANCO MERCANTIL SANTA CRUZ,11.9000,1,0
2026-08-04,2026-08-05,BANCO MERCANTIL SANTA CRUZ,12.0000,3,2241592
2026-08-04,2026-08-05,BANCO MERCANTIL SANTA CRUZ,12.0500,3,201724
2026-08-04,2026-08-05,BANCO MERCANTIL SANTA CRUZ,12.0800,10,957798
2026-08-04,2026-08-05,BANCO MERCANTIL SANTA CRUZ,12.1800,1,76000
2026-08-04,2026-08-05,BANCO NACIONAL DE BOLIVIA,11.6800,330,1406770
2026-08-04,2026-08-05,BANCO NACIONAL DE BOLIVIA,11.7300,1,24975
2026-08-04,2026-08-05,BANCO NACIONAL DE BOLIVIA,11.8800,2,12632
2026-08-04,2026-08-05,BANCO NACIONAL DE BOLIVIA,11.9800,1,999978
2026-08-04,2026-08-05,BANCO NACIONAL DE BOLIVIA,12.0000,7,2333234
2026-08-04,2026-08-05,BANCO NACIONAL DE BOLIVIA,12.0700,196,157374
2026-08-04,2026-08-05,BANCO NACIONAL DE BOLIVIA,12.0800,4,9924000
2026-08-04,2026-08-05,BANCO PRODEM,11.9800,72,160064
2026-08-04,2026-08-05,BANCO PYME DE LA COMUNIDAD,12.0800,18,26452
2026-08-04,2026-08-05,BANCO PYME ECOFUTURO,11.6800,9,14353
2026-08-04,2026-08-05,BANCO SOLIDARIO,11.4800,48,17369
2026-08-04,2026-08-05,BANCO SOLIDARIO,11.6000,1,50350
2026-08-04,2026-08-05,BANCO SOLIDARIO,11.9000,1,29960
2026-08-04,2026-08-05,BANCO SOLIDARIO,11.9400,1,1599905
2026-08-04,2026-08-05,BANCO SOLIDARIO,12.0500,1,2655
2026-08-04,2026-08-05,BANCO SOLIDARIO,12.0800,2,1604191
2026-08-04,2026-08-05,BANCO SOLIDARIO,12.1000,1,20895
2026-08-04,2026-08-05,BANCO SOLIDARIO,12.1800,1,800
2026-08-04,2026-08-05,BANCO UNION,12.0800,499,7705122
2026-08-04,2026-08-05,BANCO UNION,12.1500,1,1012401
2026-08-05,2026-08-06 al 2026-08-10,BANCO BISA,11.7500,3,8058
2026-08-05,2026-08-06 al 2026-08-10,BANCO BISA,11.8200,79,1927474
2026-08-05,2026-08-06 al 2026-08-10,BANCO BISA,11.8300,1,1016300
2026-08-05,2026-08-06 al 2026-08-10,BANCO BISA,11.8400,3,619975
2026-08-05,2026-08-06 al 2026-08-10,BANCO BISA,11.8500,18,15004106
2026-08-05,2026-08-06 al 2026-08-10,BANCO BISA,11.8600,2,799980
2026-08-05,2026-08-06 al 2026-08-10,BANCO BISA,11.8650,1,99975
2026-08-05,2026-08-06 al 2026-08-10,BANCO BISA,11.8700,3,2616549
2026-08-05,2026-08-06 al 2026-08-10,BANCO BISA,11.8750,2,699975
2026-08-05,2026-08-06 al 2026-08-10,BANCO BISA,11.8800,19,1953084
2026-08-05,2026-08-06 al 2026-08-10,BANCO BISA,11.9000,6,5268862
2026-08-05,2026-08-06 al 2026-08-10,BANCO BISA,11.9200,5,1500
2026-08-05,2026-08-06 al 2026-08-10,BANCO BISA,12.0000,14,285535
2026-08-05,2026-08-06 al 2026-08-10,BANCO BISA,12.0200,3,22
2026-08-05,2026-08-06 al 2026-08-10,BANCO DE CRÉDITO,11.7000,1,405450
2026-08-05,2026-08-06 al 2026-08-10,BANCO DE CRÉDITO,11.7200,24,61896
2026-08-05,2026-08-06 al 2026-08-10,BANCO DE CRÉDITO,11.8000,5,967431
2026-08-05,2026-08-06 al 2026-08-10,BANCO DE CRÉDITO,11.8800,1,32072
2026-08-05,2026-08-06 al 2026-08-10,BANCO DE CRÉDITO,12.0000,1,150000
2026-08-05,2026-08-06 al 2026-08-10,BANCO DE CRÉDITO,12.0200,377,33900
2026-08-05,2026-08-06 al 2026-08-10,BANCO DE LA NACIÓN ARGENTINA,11.8200,20,13769
2026-08-05,2026-08-06 al 2026-08-10,BANCO ECONÓMICO,11.4000,59,35177
2026-08-05,2026-08-06 al 2026-08-10,BANCO ECONÓMICO,11.8000,2,136940
2026-08-05,2026-08-06 al 2026-08-10,BANCO ECONÓMICO,11.8500,1,499982
2026-08-05,2026-08-06 al 2026-08-10,BANCO ECONÓMICO,11.9000,1,588512
2026-08-05,2026-08-06 al 2026-08-10,BANCO ECONÓMICO,11.9200,1,700000
2026-08-05,2026-08-06 al 2026-08-10,BANCO FIE,11.9200,22,8463
2026-08-05,2026-08-06 al 2026-08-10,BANCO FIE,12.0500,1,155000
2026-08-05,2026-08-06 al 2026-08-10,BANCO FIE,12.0800,1,50000
2026-08-05,2026-08-06 al 2026-08-10,BANCO FORTALEZA,11.8000,1,30000
2026-08-05,2026-08-06 al 2026-08-10,BANCO FORTALEZA,11.9000,1,70740
2026-08-05,2026-08-06 al 2026-08-10,BANCO FORTALEZA,11.9200,9,4233
2026-08-05,2026-08-06 al 2026-08-10,BANCO FORTALEZA,12.0200,5,92
2026-08-05,2026-08-06 al 2026-08-10,BANCO GANADERO,9.6300,1,24731
2026-08-05,2026-08-06 al 2026-08-10,BANCO GANADERO,9.7300,5,169831
2026-08-05,2026-08-06 al 2026-08-10,BANCO GANADERO,9.9600,1,9447
2026-08-05,2026-08-06 al 2026-08-10,BANCO GANADERO,10.5000,79,22430
2026-08-05,2026-08-06 al 2026-08-10,BANCO GANADERO,10.7500,1,1018
2026-08-05,2026-08-06 al 2026-08-10,BANCO GANADERO,11.1300,1,49
2026-08-05,2026-08-06 al 2026-08-10,BANCO GANADERO,11.4000,1,40000
2026-08-05,2026-08-06 al 2026-08-10,BANCO GANADERO,11.5400,1,107
2026-08-05,2026-08-06 al 2026-08-10,BANCO GANADERO,11.7500,2,1103982
2026-08-05,2026-08-06 al 2026-08-10,BANCO GANADERO,11.8200,1,449975
2026-08-05,2026-08-06 al 2026-08-10,BANCO GANADERO,11.8500,1,336929
2026-08-05,2026-08-06 al 2026-08-10,BANCO GANADERO,11.8750,1,1518613
2026-08-05,2026-08-06 al 2026-08-10,BANCO GANADERO,11.8900,1,75
2026-08-05,2026-08-06 al 2026-08-10,BANCO GANADERO,11.9000,5,4999932
2026-08-05,2026-08-06 al 2026-08-10,BANCO GANADERO,11.9500,3,2811232
2026-08-05,2026-08-06 al 2026-08-10,BANCO GANADERO,12.0200,54,1599446
2026-08-05,2026-08-06 al 2026-08-10,BANCO GANADERO,12.0800,21,11366
2026-08-05,2026-08-06 al 2026-08-10,BANCO GANADERO,12.1200,6,424
2026-08-05,2026-08-06 al 2026-08-10,BANCO GANADERO,12.1300,10,7550
2026-08-05,2026-08-06 al 2026-08-10,BANCO GANADERO,12.1500,1,123
2026-08-05,2026-08-06 al 2026-08-10,BANCO GANADERO,12.1799,1,253
2026-08-05,2026-08-06 al 2026-08-10,BANCO MERCANTIL SANTA CRUZ,11.4900,1,1
2026-08-05,2026-08-06 al 2026-08-10,BANCO MERCANTIL SANTA CRUZ,11.5200,266,580787
2026-08-05,2026-08-06 al 2026-08-10,BANCO MERCANTIL SANTA CRUZ,11.5400,1,0
2026-08-05,2026-08-06 al 2026-08-10,BANCO MERCANTIL SANTA CRUZ,11.5500,1,0
2026-08-05,2026-08-06 al 2026-08-10,BANCO MERCANTIL SANTA CRUZ,11.5900,1,135703
2026-08-05,2026-08-06 al 2026-08-10,BANCO MERCANTIL SANTA CRUZ,11.6200,1,100000
2026-08-05,2026-08-06 al 2026-08-10,BANCO MERCANTIL SANTA CRUZ,11.8000,4,1349932
2026-08-05,2026-08-06 al 2026-08-10,BANCO MERCANTIL SANTA CRUZ,11.8550,1,254895
2026-08-05,2026-08-06 al 2026-08-10,BANCO MERCANTIL SANTA CRUZ,11.8620,1,269932
2026-08-05,2026-08-06 al 2026-08-10,BANCO MERCANTIL SANTA CRUZ,11.8800,3,1199847
2026-08-05,2026-08-06 al 2026-08-10,BANCO MERCANTIL SANTA CRUZ,11.9000,1,780000
2026-08-05,2026-08-06 al 2026-08-10,BANCO MERCANTIL SANTA CRUZ,11.9200,1,4500
2026-08-05,2026-08-06 al 2026-08-10,BANCO MERCANTIL SANTA CRUZ,12.0200,3,1500000
2026-08-05,2026-08-06 al 2026-08-10,BANCO MERCANTIL SANTA CRUZ,12.1200,2,532000
2026-08-05,2026-08-06 al 2026-08-10,BANCO NACIONAL DE BOLIVIA,11.5000,1,800000
2026-08-05,2026-08-06 al 2026-08-10,BANCO NACIONAL DE BOLIVIA,11.6200,356,1633228
2026-08-05,2026-08-06 al 2026-08-10,BANCO NACIONAL DE BOLIVIA,11.7200,1,42000
2026-08-05,2026-08-06 al 2026-08-10,BANCO NACIONAL DE BOLIVIA,11.8200,1,20009
2026-08-05,2026-08-06 al 2026-08-10,BANCO NACIONAL DE BOLIVIA,11.8800,1,75000
2026-08-05,2026-08-06 al 2026-08-10,BANCO NACIONAL DE BOLIVIA,12.0000,1,249975
2026-08-05,2026-08-06 al 2026-08-10,BANCO NACIONAL DE BOLIVIA,12.0100,191,191301
2026-08-05,2026-08-06 al 2026-08-10,BANCO NACIONAL DE BOLIVIA,12.0200,1,771000
2026-08-05,2026-08-06 al 2026-08-10,BANCO NACIONAL DE BOLIVIA,12.1200,1,257500
2026-08-05,2026-08-06 al 2026-08-10,BANCO PRODEM,11.8200,85,288044
2026-08-05,2026-08-06 al 2026-08-10,BANCO PYME DE LA COMUNIDAD,12.0200,12,58829
2026-08-05,2026-08-06 al 2026-08-10,BANCO PYME ECOFUTURO,11.6200,5,2714
2026-08-05,2026-08-06 al 2026-08-10,BANCO SOLIDARIO,11.4200,30,89011
2026-08-05,2026-08-06 al 2026-08-10,BANCO SOLIDARIO,11.5000,5,31083
2026-08-05,2026-08-06 al 2026-08-10,BANCO SOLIDARIO,11.6000,2,91466
2026-08-05,2026-08-06 al 2026-08-10,BANCO SOLIDARIO,11.6800,1,9334
2026-08-05,2026-08-06 al 2026-08-10,BANCO SOLIDARIO,11.7000,1,39980
2026-08-05,2026-08-06 al 2026-08-10,BANCO SOLIDARIO,11.7500,3,179709
2026-08-05,2026-08-06 al 2026-08-10,BANCO SOLIDARIO,11.8000,4,303620
2026-08-05,2026-08-06 al 2026-08-10,BANCO SOLIDARIO,12.1200,2,299600
2026-08-05,2026-08-06 al 2026-08-10,BANCO SOLIDARIO,12.1500,1,99856
2026-08-05,2026-08-06 al 2026-08-10,BANCO UNION,11.9200,163,889618
2026-08-10,2026-08-11,BANCO BISA,11.6600,58,2301413
2026-08-10,2026-08-11,BANCO BISA,11.7000,7,2436885
2026-08-10,2026-08-11,BANCO BISA,11.7100,1,30000
2026-08-10,2026-08-11,BANCO BISA,11.7200,1,26715
2026-08-10,2026-08-11,BANCO BISA,11.7300,1,24000
2026-08-10,2026-08-11,BANCO BISA,11.7500,16,2341569
2026-08-10,2026-08-11,BANCO BISA,11.7600,18,2154255
2026-08-10,2026-08-11,BANCO BISA,11.7700,1,119975
2026-08-10,2026-08-11,BANCO BISA,11.7800,2,699940
2026-08-10,2026-08-11,BANCO BISA,11.8000,10,4253336
2026-08-10,2026-08-11,BANCO BISA,11.8100,2,4000000
2026-08-10,2026-08-11,BANCO BISA,11.8200,2,1000035
2026-08-10,2026-08-11,BANCO BISA,11.8500,1,363948
2026-08-10,2026-08-11,BANCO DE CRÉDITO,11.2000,1,25000
2026-08-10,2026-08-11,BANCO DE CRÉDITO,11.4600,14,104074
2026-08-10,2026-08-11,BANCO DE CRÉDITO,11.5000,5,145788
2026-08-10,2026-08-11,BANCO DE CRÉDITO,11.5400,1,17877
2026-08-10,2026-08-11,BANCO DE CRÉDITO,11.5700,1,46651
2026-08-10,2026-08-11,BANCO DE CRÉDITO,11.6000,2,799940
2026-08-10,2026-08-11,BANCO DE CRÉDITO,11.6500,1,229940
2026-08-10,2026-08-11,BANCO DE CRÉDITO,11.7600,3,62130
2026-08-10,2026-08-11,BANCO DE CRÉDITO,11.8000,2,698629
2026-08-10,2026-08-11,BANCO DE CRÉDITO,11.8600,455,74396
2026-08-10,2026-08-11,BANCO DE CRÉDITO,11.9600,1,31200
2026-08-10,2026-08-11,BANCO DE LA NACIÓN ARGENTINA,11.3600,20,1691
2026-08-10,2026-08-11,BANCO DE LA NACIÓN ARGENTINA,11.8600,2,9825
2026-08-10,2026-08-11,BANCO ECONÓMICO,11.1000,63,48413
2026-08-10,2026-08-11,BANCO FIE,11.7600,18,347302
2026-08-10,2026-08-11,BANCO FORTALEZA,10.0000,1,10
2026-08-10,2026-08-11,BANCO FORTALEZA,11.0000,3,900
2026-08-10,2026-08-11,BANCO FORTALEZA,11.6500,1,13871
2026-08-10,2026-08-11,BANCO FORTALEZA,11.7600,2,98
2026-08-10,2026-08-11,BANCO FORTALEZA,11.8600,4,15188
2026-08-10,2026-08-11,BANCO GANADERO,9.6300,2,31200
2026-08-10,2026-08-11,BANCO GANADERO,9.7300,3,163254
2026-08-10,2026-08-11,BANCO GANADERO,9.9600,1,9530
2026-08-10,2026-08-11,BANCO GANADERO,10.2000,105,33220
2026-08-10,2026-08-11,BANCO GANADERO,11.5000,1,44000
2026-08-10,2026-08-11,BANCO GANADERO,11.7000,2,218262
2026-08-10,2026-08-11,BANCO GANADERO,11.7500,5,5549982
2026-08-10,2026-08-11,BANCO GANADERO,11.7800,1,264566
2026-08-10,2026-08-11,BANCO GANADERO,11.8000,2,365982
2026-08-10,2026-08-11,BANCO GANADERO,11.8200,4,2391223
2026-08-10,2026-08-11,BANCO GANADERO,11.8300,1,2000000
2026-08-10,2026-08-11,BANCO GANADERO,11.8500,2,6000000
2026-08-10,2026-08-11,BANCO GANADERO,11.8600,129,1509727
2026-08-10,2026-08-11,BANCO GANADERO,11.8800,2,6199856
2026-08-10,2026-08-11,BANCO GANADERO,11.9000,1,499975
2026-08-10,2026-08-11,BANCO GANADERO,11.9600,3,603
2026-08-10,2026-08-11,BANCO GANADERO,12.0000,1,1000000
2026-08-10,2026-08-11,BANCO GANADERO,12.0200,8,4286
2026-08-10,2026-08-11,BANCO GANADERO,12.0800,4,1552
2026-08-10,2026-08-11,BANCO GANADERO,12.1300,1,308
2026-08-10,2026-08-11,BANCO MERCANTIL SANTA CRUZ,11.3600,198,65042
2026-08-10,2026-08-11,BANCO MERCANTIL SANTA CRUZ,11.3700,1,0
2026-08-10,2026-08-11,BANCO MERCANTIL SANTA CRUZ,11.5450,1,100000
2026-08-10,2026-08-11,BANCO MERCANTIL SANTA CRUZ,11.5600,2,294720
2026-08-10,2026-08-11,BANCO MERCANTIL SANTA CRUZ,11.6000,1,360932
2026-08-10,2026-08-11,BANCO MERCANTIL SANTA CRUZ,11.6500,3,270736
2026-08-10,2026-08-11,BANCO MERCANTIL SANTA CRUZ,11.7500,1,478000
2026-08-10,2026-08-11,BANCO MERCANTIL SANTA CRUZ,11.7900,1,6224276
2026-08-10,2026-08-11,BANCO MERCANTIL SANTA CRUZ,11.8000,2,700000
2026-08-10,2026-08-11,BANCO MERCANTIL SANTA CRUZ,11.8600,7,600002
2026-08-10,2026-08-11,BANCO MERCANTIL SANTA CRUZ,11.8800,1,350000
2026-08-10,2026-08-11,BANCO MERCANTIL SANTA CRUZ,11.9600,2,9795
2026-08-10,2026-08-11,BANCO NACIONAL DE BOLIVIA,11.4600,357,1106529
2026-08-10,2026-08-11,BANCO NACIONAL DE BOLIVIA,11.4700,1,12458
2026-08-10,2026-08-11,BANCO NACIONAL DE BOLIVIA,11.6600,1,21775
2026-08-10,2026-08-11,BANCO NACIONAL DE BOLIVIA,11.6800,1,151
2026-08-10,2026-08-11,BANCO NACIONAL DE BOLIVIA,11.7600,1,112487
2026-08-10,2026-08-11,BANCO NACIONAL DE BOLIVIA,11.7950,1,119975
2026-08-10,2026-08-11,BANCO NACIONAL DE BOLIVIA,11.8500,165,59876
2026-08-10,2026-08-11,BANCO NACIONAL DE BOLIVIA,11.8600,4,1300003
2026-08-10,2026-08-11,BANCO NACIONAL DE BOLIVIA,11.9900,2,6150
2026-08-10,2026-08-11,BANCO PRODEM,11.6600,97,349500
2026-08-10,2026-08-11,BANCO PYME DE LA COMUNIDAD,11.8600,15,47533
2026-08-10,2026-08-11,BANCO PYME ECOFUTURO,11.4600,4,3316
2026-08-10,2026-08-11,BANCO SOLIDARIO,11.2500,3,25789
2026-08-10,2026-08-11,BANCO SOLIDARIO,11.2600,1,100000
2026-08-10,2026-08-11,BANCO SOLIDARIO,11.2700,57,66634
2026-08-10,2026-08-11,BANCO SOLIDARIO,11.3000,1,122390
2026-08-10,2026-08-11,BANCO SOLIDARIO,11.4000,7,5443
2026-08-10,2026-08-11,BANCO SOLIDARIO,11.4400,1,119100
2026-08-10,2026-08-11,BANCO SOLIDARIO,11.7000,1,299810
2026-08-10,2026-08-11,BANCO SOLIDARIO,11.7700,1,15818
2026-08-10,2026-08-11,BANCO SOLIDARIO,11.8000,1,400000
2026-08-10,2026-08-11,BANCO UNION,11.3600,95,248374
2026-08-10,2026-08-11,BANCO UNION,12.0800,1,37
2026-08-11,2026-08-12,BANCO BISA,11.5700,69,86752
2026-08-11,2026-08-12,BANCO BISA,11.6600,35,90389
2026-08-11,2026-08-12,BANCO BISA,11.6700,10,119309
2026-08-11,2026-08-12,BANCO BISA,11.6800,1,40950
2026-08-11,2026-08-12,BANCO BISA,11.6900,1,26646
2026-08-11,2026-08-12,BANCO BISA,11.7000,6,1662274
2026-08-11,2026-08-12,BANCO BISA,11.7100,2,899950
2026-08-11,2026-08-12,BANCO BISA,11.7200,2,338411
2026-08-11,2026-08-12,BANCO BISA,11.7250,2,58699980
2026-08-11,2026-08-12,BANCO BISA,11.7300,2,250000
2026-08-11,2026-08-12,BANCO BISA,11.7400,1,99983
2026-08-11,2026-08-12,BANCO BISA,11.7500,30,6418282
2026-08-11,2026-08-12,BANCO BISA,11.7600,4,634201
2026-08-11,2026-08-12,BANCO BISA,11.7700,4,200003
2026-08-11,2026-08-12,BANCO BISA,11.8200,1,2832230
2026-08-11,2026-08-12,BANCO BISA,11.9000,11,56759
2026-08-11,2026-08-12,BANCO BISA,12.0000,12,114622
2026-08-11,2026-08-12,BANCO DE CRÉDITO,11.3700,24,103285
2026-08-11,2026-08-12,BANCO DE CRÉDITO,11.4500,1,8712
2026-08-11,2026-08-12,BANCO DE CRÉDITO,11.5000,3,103682
2026-08-11,2026-08-12,BANCO DE CRÉDITO,11.5600,2,48331
2026-08-11,2026-08-12,BANCO DE CRÉDITO,11.6000,1,643000
2026-08-11,2026-08-12,BANCO DE CRÉDITO,11.7500,1,6002
2026-08-11,2026-08-12,BANCO DE CRÉDITO,11.8600,324,36018
2026-08-11,2026-08-12,BANCO DE CRÉDITO,11.8700,2,73915
2026-08-11,2026-08-12,BANCO DE CRÉDITO,12.1200,1,5000
2026-08-11,2026-08-12,BANCO DE CRÉDITO,12.3900,1,200
2026-08-11,2026-08-12,BANCO DE LA NACIÓN ARGENTINA,11.2700,3,580
2026-08-11,2026-08-12,BANCO ECONÓMICO,11.2000,63,31075
2026-08-11,2026-08-12,BANCO ECONÓMICO,11.5000,2,4100
2026-08-11,2026-08-12,BANCO ECONÓMICO,11.6000,2,509000
2026-08-11,2026-08-12,BANCO ECONÓMICO,11.8600,1,174440
2026-08-11,2026-08-12,BANCO FIE,11.6700,18,609139
2026-08-11,2026-08-12,BANCO FIE,11.8000,1,299985
2026-08-11,2026-08-12,BANCO FORTALEZA,11.6000,3,147535
2026-08-11,2026-08-12,BANCO FORTALEZA,11.6700,4,723
2026-08-11,2026-08-12,BANCO FORTALEZA,11.7700,1,170
2026-08-11,2026-08-12,BANCO GANADERO,9.6300,1,17280
2026-08-11,2026-08-12,BANCO GANADERO,9.7300,1,120453
2026-08-11,2026-08-12,BANCO GANADERO,9.9600,1,17429
2026-08-11,2026-08-12,BANCO GANADERO,10.0000,90,22160
2026-08-11,2026-08-12,BANCO GANADERO,11.5000,1,44804
2026-08-11,2026-08-12,BANCO GANADERO,11.5400,1,70
2026-08-11,2026-08-12,BANCO GANADERO,11.6200,1,1000000
2026-08-11,2026-08-12,BANCO GANADERO,11.6500,4,500000
2026-08-11,2026-08-12,BANCO GANADERO,11.6700,1,499980
2026-08-11,2026-08-12,BANCO GANADERO,11.7000,4,2241607
2026-08-11,2026-08-12,BANCO GANADERO,11.7200,1,134260
2026-08-11,2026-08-12,BANCO GANADERO,11.7400,1,1999975
2026-08-11,2026-08-12,BANCO GANADERO,11.7500,5,2499950
2026-08-11,2026-08-12,BANCO GANADERO,11.7600,2,1515460
2026-08-11,2026-08-12,BANCO GANADERO,11.7700,38,1209197
2026-08-11,2026-08-12,BANCO GANADERO,11.8600,13,21987
2026-08-11,2026-08-12,BANCO GANADERO,11.8700,8,9
2026-08-11,2026-08-12,BANCO GANADERO,12.0200,3,208
2026-08-11,2026-08-12,BANCO GANADERO,12.1300,2,493
2026-08-11,2026-08-12,BANCO MERCANTIL SANTA CRUZ,11.2700,206,329611
2026-08-11,2026-08-12,BANCO MERCANTIL SANTA CRUZ,11.2800,1,0
2026-08-11,2026-08-12,BANCO MERCANTIL SANTA CRUZ,11.4500,1,183643
2026-08-11,2026-08-12,BANCO MERCANTIL SANTA CRUZ,11.6000,4,189735
2026-08-11,2026-08-12,BANCO MERCANTIL SANTA CRUZ,11.7700,8,430697
2026-08-11,2026-08-12,BANCO NACIONAL DE BOLIVIA,11.0200,135,205406
2026-08-11,2026-08-12,BANCO NACIONAL DE BOLIVIA,11.1200,1,30000
2026-08-11,2026-08-12,BANCO NACIONAL DE BOLIVIA,11.2000,1,531
2026-08-11,2026-08-12,BANCO NACIONAL DE BOLIVIA,11.2700,11,20122
2026-08-11,2026-08-12,BANCO NACIONAL DE BOLIVIA,11.3000,1,61947
2026-08-11,2026-08-12,BANCO NACIONAL DE BOLIVIA,11.3700,2,46051
2026-08-11,2026-08-12,BANCO NACIONAL DE BOLIVIA,11.5000,2,300000
2026-08-11,2026-08-12,BANCO NACIONAL DE BOLIVIA,11.5700,1,57000
2026-08-11,2026-08-12,BANCO NACIONAL DE BOLIVIA,11.7600,136,188878
2026-08-11,2026-08-12,BANCO NACIONAL DE BOLIVIA,11.7700,1,236
2026-08-11,2026-08-12,BANCO PRODEM,11.5700,98,409921
2026-08-11,2026-08-12,BANCO PYME DE LA COMUNIDAD,11.7700,8,8301
2026-08-11,2026-08-12,BANCO PYME ECOFUTURO,11.3700,1,200
2026-08-11,2026-08-12,BANCO SOLIDARIO,11.1800,27,15172
2026-08-11,2026-08-12,BANCO SOLIDARIO,11.3500,1,16833
2026-08-11,2026-08-12,BANCO SOLIDARIO,11.5000,2,399855
2026-08-11,2026-08-12,BANCO SOLIDARIO,11.5800,1,149905
2026-08-11,2026-08-12,BANCO SOLIDARIO,11.6000,4,35229
2026-08-11,2026-08-12,BANCO SOLIDARIO,11.7700,2,3499810
2026-08-11,2026-08-12,BANCO SOLIDARIO,11.8050,2,1549810
2026-08-11,2026-08-12,BANCO SOLIDARIO,11.8700,5,240455
2026-08-11,2026-08-12,BANCO UNION,10.5000,61,510473
2026-08-11,2026-08-12,BANCO UNION,11.5000,1,154842
2026-08-12,2026-08-13,BANCO BISA,11.5100,42,122136
2026-08-12,2026-08-13,BANCO BISA,11.5500,2,7580
2026-08-12,2026-08-13,BANCO BISA,11.5600,1,17213
2026-08-12,2026-08-13,BANCO BISA,11.6000,3,115053
2026-08-12,2026-08-13,BANCO BISA,11.6100,8,74441
2026-08-12,2026-08-13,BANCO BISA,11.6200,1,20000
2026-08-12,2026-08-13,BANCO BISA,11.6500,18,738262
2026-08-12,2026-08-13,BANCO BISA,11.6700,1,500000
2026-08-12,2026-08-13,BANCO BISA,11.6850,1,466581
2026-08-12,2026-08-13,BANCO BISA,11.6900,2,694765
2026-08-12,2026-08-13,BANCO BISA,11.7000,13,8366913
2026-08-12,2026-08-13,BANCO BISA,11.7100,3,500080
2026-08-12,2026-08-13,BANCO BISA,11.7300,1,500000
2026-08-12,2026-08-13,BANCO BISA,11.7500,14,163908
2026-08-12,2026-08-13,BANCO BISA,11.9000,7,11272
2026-08-12,2026-08-13,BANCO BISA,12.0000,9,19922
2026-08-12,2026-08-13,BANCO DE CRÉDITO,11.3100,18,70024
2026-08-12,2026-08-13,BANCO DE CRÉDITO,11.4500,3,26790
2026-08-12,2026-08-13,BANCO DE CRÉDITO,11.5000,4,432620
2026-08-12,2026-08-13,BANCO DE CRÉDITO,11.6000,2,299965
2026-08-12,2026-08-13,BANCO DE CRÉDITO,11.6500,1,860011
2026-08-12,2026-08-13,BANCO DE CRÉDITO,11.7000,3,3641469
2026-08-12,2026-08-13,BANCO DE CRÉDITO,11.7100,333,32135
2026-08-12,2026-08-13,BANCO DE CRÉDITO,11.8100,1,43000
2026-08-12,2026-08-13,BANCO DE CRÉDITO,11.8400,3,4400
2026-08-12,2026-08-13,BANCO DE CRÉDITO,11.9600,1,500000
2026-08-12,2026-08-13,BANCO DE LA NACIÓN ARGENTINA,11.2100,2,1350
2026-08-12,2026-08-13,BANCO ECONÓMICO,11.4000,70,121250
2026-08-12,2026-08-13,BANCO ECONÓMICO,11.4500,1,100000
2026-08-12,2026-08-13,BANCO ECONÓMICO,11.5000,1,10000
2026-08-12,2026-08-13,BANCO ECONÓMICO,11.5500,1,299990
2026-08-12,2026-08-13,BANCO FIE,11.6100,12,54088
2026-08-12,2026-08-13,BANCO FIE,11.6700,1,90000
2026-08-12,2026-08-13,BANCO FIE,11.7400,1,43524
2026-08-12,2026-08-13,BANCO FORTALEZA,11.0000,1,20
2026-08-12,2026-08-13,BANCO FORTALEZA,11.4000,1,10000
2026-08-12,2026-08-13,BANCO FORTALEZA,11.5000,2,290545
2026-08-12,2026-08-13,BANCO FORTALEZA,11.5400,1,1500000
2026-08-12,2026-08-13,BANCO FORTALEZA,11.6100,5,5039
2026-08-12,2026-08-13,BANCO FORTALEZA,11.7100,7,2863
2026-08-12,2026-08-13,BANCO FORTALEZA,11.8100,1,663403
2026-08-12,2026-08-13,BANCO GANADERO,9.6300,1,17276
2026-08-12,2026-08-13,BANCO GANADERO,9.7300,2,116243
2026-08-12,2026-08-13,BANCO GANADERO,9.9600,1,10122
2026-08-12,2026-08-13,BANCO GANADERO,10.0000,103,168209
2026-08-12,2026-08-13,BANCO GANADERO,11.3000,1,10000
2026-08-12,2026-08-13,BANCO GANADERO,11.6000,1,53209
2026-08-12,2026-08-13,BANCO GANADERO,11.6500,1,45820
2026-08-12,2026-08-13,BANCO GANADERO,11.6600,1,318982
2026-08-12,2026-08-13,BANCO GANADERO,11.6800,3,2225938
2026-08-12,2026-08-13,BANCO GANADERO,11.6950,1,2017557
2026-08-12,2026-08-13,BANCO GANADERO,11.7000,1,174524
2026-08-12,2026-08-13,BANCO GANADERO,11.7100,90,1205503
2026-08-12,2026-08-13,BANCO GANADERO,11.7300,1,999880
2026-08-12,2026-08-13,BANCO GANADERO,11.7510,2,1000000
2026-08-12,2026-08-13,BANCO GANADERO,11.7700,38,13004
2026-08-12,2026-08-13,BANCO GANADERO,11.8100,3,4
2026-08-12,2026-08-13,BANCO GANADERO,11.8600,21,5119
2026-08-12,2026-08-13,BANCO GANADERO,11.9634,1,16
2026-08-12,2026-08-13,BANCO GANADERO,12.0200,1,42
2026-08-12,2026-08-13,BANCO GANADERO,12.0800,2,441
2026-08-12,2026-08-13,BANCO GANADERO,12.1500,1,465
2026-08-12,2026-08-13,BANCO MERCANTIL SANTA CRUZ,11.2100,138,128526
2026-08-12,2026-08-13,BANCO MERCANTIL SANTA CRUZ,11.2200,2,1
2026-08-12,2026-08-13,BANCO MERCANTIL SANTA CRUZ,11.2500,2,0
2026-08-12,2026-08-13,BANCO MERCANTIL SANTA CRUZ,11.4100,1,21510
2026-08-12,2026-08-13,BANCO MERCANTIL SANTA CRUZ,11.5800,1,212920
2026-08-12,2026-08-13,BANCO MERCANTIL SANTA CRUZ,11.6000,1,315000
2026-08-12,2026-08-13,BANCO MERCANTIL SANTA CRUZ,11.6800,1,600000
2026-08-12,2026-08-13,BANCO MERCANTIL SANTA CRUZ,11.7100,3,741197
2026-08-12,2026-08-13,BANCO MERCANTIL SANTA CRUZ,11.7550,2,3000000
2026-08-12,2026-08-13,BANCO MERCANTIL SANTA CRUZ,11.8100,2,28950
2026-08-12,2026-08-13,BANCO NACIONAL DE BOLIVIA,10.9600,115,340105
2026-08-12,2026-08-13,BANCO NACIONAL DE BOLIVIA,11.0000,1,1419
2026-08-12,2026-08-13,BANCO NACIONAL DE BOLIVIA,11.2000,1,1386
2026-08-12,2026-08-13,BANCO NACIONAL DE BOLIVIA,11.2100,4,30280
2026-08-12,2026-08-13,BANCO NACIONAL DE BOLIVIA,11.2500,1,14075
2026-08-12,2026-08-13,BANCO NACIONAL DE BOLIVIA,11.3100,1,800
2026-08-12,2026-08-13,BANCO NACIONAL DE BOLIVIA,11.5000,1,73807
2026-08-12,2026-08-13,BANCO NACIONAL DE BOLIVIA,11.5100,2,88945
2026-08-12,2026-08-13,BANCO NACIONAL DE BOLIVIA,11.6500,2,2405572
2026-08-12,2026-08-13,BANCO NACIONAL DE BOLIVIA,11.6700,1,4493
2026-08-12,2026-08-13,BANCO NACIONAL DE BOLIVIA,11.7000,137,102878
2026-08-12,2026-08-13,BANCO NACIONAL DE BOLIVIA,11.7100,4,359
2026-08-12,2026-08-13,BANCO NACIONAL DE BOLIVIA,11.7400,2,17861
2026-08-12,2026-08-13,BANCO NACIONAL DE BOLIVIA,11.8700,1,825
2026-08-12,2026-08-13,BANCO PRODEM,11.4100,69,271193
2026-08-12,2026-08-13,BANCO PYME DE LA COMUNIDAD,11.3100,2,5000
2026-08-12,2026-08-13,BANCO PYME DE LA COMUNIDAD,11.7100,6,3462
2026-08-12,2026-08-13,BANCO SOLIDARIO,11.1200,25,9968
2026-08-12,2026-08-13,BANCO SOLIDARIO,11.3500,1,25000
2026-08-12,2026-08-13,BANCO SOLIDARIO,11.5000,2,30455
2026-08-12,2026-08-13,BANCO SOLIDARIO,11.6000,2,414728
2026-08-12,2026-08-13,BANCO SOLIDARIO,11.7100,1,32765
2026-08-12,2026-08-13,BANCO SOLIDARIO,11.7500,1,134224
2026-08-12,2026-08-13,BANCO UNION,10.5000,26,41104
2026-08-12,2026-08-13,BANCO UNION,11.3600,4,10077
2026-08-13,2026-08-14,BANCO BISA,11.3500,3,1942
2026-08-13,2026-08-14,BANCO BISA,11.3600,2,500000
2026-08-13,2026-08-14,BANCO BISA,11.4600,38,93557
2026-08-13,2026-08-14,BANCO BISA,11.5100,2,4422
2026-08-13,2026-08-14,BANCO BISA,11.5500,8,14459
2026-08-13,2026-08-14,BANCO BISA,11.5600,9,67018
2026-08-13,2026-08-14,BANCO BISA,11.6000,7,235970
2026-08-13,2026-08-14,BANCO BISA,11.6300,3,741808
2026-08-13,2026-08-14,BANCO BISA,11.6400,4,1071729
2026-08-13,2026-08-14,BANCO BISA,11.6500,16,1263909
2026-08-13,2026-08-14,BANCO BISA,11.6600,14,4539378
2026-08-13,2026-08-14,BANCO BISA,11.6650,4,3049925
2026-08-13,2026-08-14,BANCO BISA,11.6800,1,1044436
2026-08-13,2026-08-14,BANCO BISA,11.7500,8,115057
2026-08-13,2026-08-14,BANCO BISA,11.9000,4,13638
2026-08-13,2026-08-14,BANCO BISA,12.0000,5,13048
2026-08-13,2026-08-14,BANCO DE CRÉDITO,9.8600,1,6885
2026-08-13,2026-08-14,BANCO DE CRÉDITO,11.2600,19,51439
2026-08-13,2026-08-14,BANCO DE CRÉDITO,11.4000,1,29987
2026-08-13,2026-08-14,BANCO DE CRÉDITO,11.4600,232,29154
2026-08-13,2026-08-14,BANCO DE CRÉDITO,11.5000,2,704890
2026-08-13,2026-08-14,BANCO DE CRÉDITO,11.5800,1,89557
2026-08-13,2026-08-14,BANCO DE CRÉDITO,11.6600,6,2863397
2026-08-13,2026-08-14,BANCO DE CRÉDITO,11.7000,1,1000000
2026-08-13,2026-08-14,BANCO DE CRÉDITO,11.7900,1,5000
2026-08-13,2026-08-14,BANCO DE CRÉDITO,11.9900,1,712
2026-08-13,2026-08-14,BANCO DE LA NACIÓN ARGENTINA,11.1600,4,788
2026-08-13,2026-08-14,BANCO DE LA NACIÓN ARGENTINA,11.5500,1,145000
2026-08-13,2026-08-14,BANCO ECONÓMICO,11.4000,75,585578
2026-08-13,2026-08-14,BANCO ECONÓMICO,11.4200,2,206000
2026-08-13,2026-08-14,BANCO ECONÓMICO,11.4300,2,140000
2026-08-13,2026-08-14,BANCO ECONÓMICO,11.4500,3,133000
2026-08-13,2026-08-14,BANCO ECONÓMICO,11.5000,5,79577
2026-08-13,2026-08-14,BANCO FIE,11.5600,14,12182
2026-08-13,2026-08-14,BANCO FIE,11.6000,1,50000
2026-08-13,2026-08-14,BANCO FIE,11.6700,1,15000
2026-08-13,2026-08-14,BANCO FORTALEZA,11.5000,1,50000
2026-08-13,2026-08-14,BANCO FORTALEZA,11.5300,1,50965
2026-08-13,2026-08-14,BANCO FORTALEZA,11.5500,1,100000
2026-08-13,2026-08-14,BANCO FORTALEZA,11.5600,6,4279
2026-08-13,2026-08-14,BANCO FORTALEZA,11.6600,6,7003
2026-08-13,2026-08-14,BANCO GANADERO,9.6300,1,13760
2026-08-13,2026-08-14,BANCO GANADERO,9.7300,1,75995
2026-08-13,2026-08-14,BANCO GANADERO,9.9600,1,4231
2026-08-13,2026-08-14,BANCO GANADERO,10.0000,78,41234
2026-08-13,2026-08-14,BANCO GANADERO,11.0000,2,699
2026-08-13,2026-08-14,BANCO GANADERO,11.5000,1,78982
2026-08-13,2026-08-14,BANCO GANADERO,11.6100,1,2451208
2026-08-13,2026-08-14,BANCO GANADERO,11.6300,4,1725600
2026-08-13,2026-08-14,BANCO GANADERO,11.6600,50,974426
2026-08-13,2026-08-14,BANCO GANADERO,11.6800,1,399975
2026-08-13,2026-08-14,BANCO GANADERO,11.7100,18,6159
2026-08-13,2026-08-14,BANCO GANADERO,11.7600,5,3
2026-08-13,2026-08-14,BANCO GANADERO,11.7700,6,2502
2026-08-13,2026-08-14,BANCO GANADERO,11.8600,11,6002
2026-08-13,2026-08-14,BANCO GANADERO,12.0100,1,250
2026-08-13,2026-08-14,BANCO GANADERO,12.1300,3,708
2026-08-13,2026-08-14,BANCO MERCANTIL SANTA CRUZ,11.1600,40,26536
2026-08-13,2026-08-14,BANCO MERCANTIL SANTA CRUZ,11.1700,1,0
2026-08-13,2026-08-14,BANCO MERCANTIL SANTA CRUZ,11.5050,2,103396
2026-08-13,2026-08-14,BANCO MERCANTIL SANTA CRUZ,11.5100,2,167932
2026-08-13,2026-08-14,BANCO MERCANTIL SANTA CRUZ,11.5500,4,1217146
2026-08-13,2026-08-14,BANCO MERCANTIL SANTA CRUZ,11.6000,2,97030
2026-08-13,2026-08-14,BANCO MERCANTIL SANTA CRUZ,11.6400,1,499932
2026-08-13,2026-08-14,BANCO MERCANTIL SANTA CRUZ,11.6500,1,600000
2026-08-13,2026-08-14,BANCO MERCANTIL SANTA CRUZ,11.6600,127,4425997
2026-08-13,2026-08-14,BANCO MERCANTIL SANTA CRUZ,11.6950,1,259940
2026-08-13,2026-08-14,BANCO MERCANTIL SANTA CRUZ,11.6960,1,3000000
2026-08-13,2026-08-14,BANCO MERCANTIL SANTA CRUZ,11.7600,2,423200
2026-08-13,2026-08-14,BANCO NACIONAL DE BOLIVIA,10.9100,194,244357
2026-08-13,2026-08-14,BANCO NACIONAL DE BOLIVIA,11.1600,8,5970
2026-08-13,2026-08-14,BANCO NACIONAL DE BOLIVIA,11.2000,1,985
2026-08-13,2026-08-14,BANCO NACIONAL DE BOLIVIA,11.6000,1,865530
2026-08-13,2026-08-14,BANCO NACIONAL DE BOLIVIA,11.6200,1,500000
2026-08-13,2026-08-14,BANCO NACIONAL DE BOLIVIA,11.6500,19,251436
2026-08-13,2026-08-14,BANCO NACIONAL DE BOLIVIA,11.6600,1,1000000
2026-08-13,2026-08-14,BANCO NACIONAL DE BOLIVIA,11.7400,1,3483
2026-08-13,2026-08-14,BANCO PRODEM,11.3600,43,177954
2026-08-13,2026-08-14,BANCO PYME DE LA COMUNIDAD,11.2600,1,4300
2026-08-13,2026-08-14,BANCO PYME DE LA COMUNIDAD,11.5100,1,2100
2026-08-13,2026-08-14,BANCO PYME DE LA COMUNIDAD,11.6600,4,7001
2026-08-13,2026-08-14,BANCO PYME ECOFUTURO,11.2600,2,1500
2026-08-13,2026-08-14,BANCO SOLIDARIO,11.0800,31,33351
2026-08-13,2026-08-14,BANCO SOLIDARIO,11.5500,2,18105
2026-08-13,2026-08-14,BANCO SOLIDARIO,11.5800,1,167124
2026-08-13,2026-08-14,BANCO SOLIDARIO,11.6000,1,2999880
2026-08-13,2026-08-14,BANCO SOLIDARIO,11.7600,1,63230
2026-08-13,2026-08-14,BANCO UNION,10.1600,28,18225
2026-08-14,2026-08-17,BANCO BISA,11.3500,3,810
2026-08-14,2026-08-17,BANCO BISA,11.4200,38,61756
2026-08-14,2026-08-17,BANCO BISA,11.4600,1,2058
2026-08-14,2026-08-17,BANCO BISA,11.4900,2,82363
2026-08-14,2026-08-17,BANCO BISA,11.5000,3,171303
2026-08-14,2026-08-17,BANCO BISA,11.5200,14,92833
2026-08-14,2026-08-17,BANCO BISA,11.5500,18,9187492
2026-08-14,2026-08-17,BANCO BISA,11.5800,1,35000
2026-08-14,2026-08-17,BANCO BISA,11.6000,4,977065
2026-08-14,2026-08-17,BANCO BISA,11.6100,1,571705
2026-08-14,2026-08-17,BANCO BISA,11.6200,3,1499975
2026-08-14,2026-08-17,BANCO BISA,11.6500,9,42450
2026-08-14,2026-08-17,BANCO BISA,11.7500,12,67573
2026-08-14,2026-08-17,BANCO BISA,11.9000,5,3119
2026-08-14,2026-08-17,BANCO BISA,12.0000,9,5166
2026-08-14,2026-08-17,BANCO DE CRÉDITO,11.4200,306,31099
2026-08-14,2026-08-17,BANCO DE CRÉDITO,11.4500,1,29950
2026-08-14,2026-08-17,BANCO DE CRÉDITO,11.5500,2,699950
2026-08-14,2026-08-17,BANCO DE CRÉDITO,11.6000,3,609990
2026-08-14,2026-08-17,BANCO DE CRÉDITO,11.6500,4,1519598
2026-08-14,2026-08-17,BANCO DE CRÉDITO,11.7200,1,150000
2026-08-14,2026-08-17,BANCO DE LA NACIÓN ARGENTINA,11.1200,8,355
2026-08-14,2026-08-17,BANCO DE LA NACIÓN ARGENTINA,11.3500,1,8000
2026-08-14,2026-08-17,BANCO DE LA NACIÓN ARGENTINA,11.5000,1,23220
2026-08-14,2026-08-17,BANCO DE LA NACIÓN ARGENTINA,11.6200,1,500
2026-08-14,2026-08-17,BANCO ECONÓMICO,11.3000,29,13280
2026-08-14,2026-08-17,BANCO ECONÓMICO,11.4000,24,123969
2026-08-14,2026-08-17,BANCO ECONÓMICO,11.5500,1,645000
2026-08-14,2026-08-17,BANCO FIE,11.4200,26,81465
2026-08-14,2026-08-17,BANCO FIE,11.6500,1,1000000
2026-08-14,2026-08-17,BANCO FIE,11.7200,1,4987
2026-08-14,2026-08-17,BANCO FORTALEZA,10.0000,2,103
2026-08-14,2026-08-17,BANCO FORTALEZA,11.4000,2,46015
2026-08-14,2026-08-17,BANCO FORTALEZA,11.5000,1,40000
2026-08-14,2026-08-17,BANCO FORTALEZA,11.5200,6,4844
2026-08-14,2026-08-17,BANCO FORTALEZA,11.6000,1,150000
2026-08-14,2026-08-17,BANCO FORTALEZA,11.6200,4,218
2026-08-14,2026-08-17,BANCO GANADERO,9.6300,1,7531
2026-08-14,2026-08-17,BANCO GANADERO,9.7300,2,28389
2026-08-14,2026-08-17,BANCO GANADERO,9.9600,1,7208
2026-08-14,2026-08-17,BANCO GANADERO,10.0000,83,17665
2026-08-14,2026-08-17,BANCO GANADERO,11.5700,4,1254190
2026-08-14,2026-08-17,BANCO GANADERO,11.5800,1,4085671
2026-08-14,2026-08-17,BANCO GANADERO,11.5900,3,1690172
2026-08-14,2026-08-17,BANCO GANADERO,11.5950,1,1000000
2026-08-14,2026-08-17,BANCO GANADERO,11.6000,1,46429
2026-08-14,2026-08-17,BANCO GANADERO,11.6200,45,1021974
2026-08-14,2026-08-17,BANCO GANADERO,11.6350,1,2000000
2026-08-14,2026-08-17,BANCO GANADERO,11.6600,20,7314
2026-08-14,2026-08-17,BANCO GANADERO,11.7100,3,739
2026-08-14,2026-08-17,BANCO GANADERO,11.7200,1,1
2026-08-14,2026-08-17,BANCO GANADERO,11.8600,3,351
2026-08-14,2026-08-17,BANCO MERCANTIL SANTA CRUZ,11.1200,145,128091
2026-08-14,2026-08-17,BANCO MERCANTIL SANTA CRUZ,11.1300,1,0
2026-08-14,2026-08-17,BANCO MERCANTIL SANTA CRUZ,11.2000,1,0
2026-08-14,2026-08-17,BANCO MERCANTIL SANTA CRUZ,11.3000,1,18368
2026-08-14,2026-08-17,BANCO MERCANTIL SANTA CRUZ,11.3200,2,48160
2026-08-14,2026-08-17,BANCO MERCANTIL SANTA CRUZ,11.4200,1,3850
2026-08-14,2026-08-17,BANCO MERCANTIL SANTA CRUZ,11.4700,2,139707
2026-08-14,2026-08-17,BANCO MERCANTIL SANTA CRUZ,11.5000,1,39955
2026-08-14,2026-08-17,BANCO MERCANTIL SANTA CRUZ,11.5700,1,244888
2026-08-14,2026-08-17,BANCO MERCANTIL SANTA CRUZ,11.6010,8,1394131
2026-08-14,2026-08-17,BANCO MERCANTIL SANTA CRUZ,11.6100,1,499935
2026-08-14,2026-08-17,BANCO MERCANTIL SANTA CRUZ,11.6200,7,3007500
2026-08-14,2026-08-17,BANCO NACIONAL DE BOLIVIA,10.5500,1,1290
2026-08-14,2026-08-17,BANCO NACIONAL DE BOLIVIA,11.1200,220,287711
2026-08-14,2026-08-17,BANCO NACIONAL DE BOLIVIA,11.4200,3,101534
2026-08-14,2026-08-17,BANCO NACIONAL DE BOLIVIA,11.5200,1,264985
2026-08-14,2026-08-17,BANCO NACIONAL DE BOLIVIA,11.6100,23,2391
2026-08-14,2026-08-17,BANCO NACIONAL DE BOLIVIA,11.6500,1,499980
2026-08-14,2026-08-17,BANCO NACIONAL DE BOLIVIA,11.6900,2,1875
2026-08-14,2026-08-17,BANCO PRODEM,11.3200,24,50458
2026-08-14,2026-08-17,BANCO PYME ECOFUTURO,11.2200,1,1
2026-08-14,2026-08-17,BANCO SOLIDARIO,11.0400,24,3621
2026-08-14,2026-08-17,BANCO SOLIDARIO,11.4000,1,139143
2026-08-14,2026-08-17,BANCO SOLIDARIO,11.4700,1,60008
2026-08-14,2026-08-17,BANCO SOLIDARIO,11.5000,4,51695
2026-08-14,2026-08-17,BANCO SOLIDARIO,11.6200,1,40000
2026-08-14,2026-08-17,BANCO SOLIDARIO,11.7200,1,76000
2026-08-14,2026-08-17,BANCO UNION,10.5000,24,10019
2026-08-14,2026-08-17,BANCO UNION,11.7200,1,49935
2026-08-17,2026-08-18,BANCO BISA,11.3800,24,60167
2026-08-17,2026-08-18,BANCO BISA,11.4000,1,10000
2026-08-17,2026-08-18,BANCO BISA,11.4200,1,100
2026-08-17,2026-08-18,BANCO BISA,11.4500,4,2421
2026-08-17,2026-08-18,BANCO BISA,11.4700,1,27440
2026-08-17,2026-08-18,BANCO BISA,11.4800,10,45124
2026-08-17,2026-08-18,BANCO BISA,11.5000,4,534865
2026-08-17,2026-08-18,BANCO BISA,11.5200,1,49875
2026-08-17,2026-08-18,BANCO BISA,11.5400,1,16216
2026-08-17,2026-08-18,BANCO BISA,11.5500,2,600000
2026-08-17,2026-08-18,BANCO BISA,11.5600,7,1649408
2026-08-17,2026-08-18,BANCO BISA,11.5650,1,699975
2026-08-17,2026-08-18,BANCO BISA,11.5700,5,1801758
2026-08-17,2026-08-18,BANCO BISA,11.5800,1,1
2026-08-17,2026-08-18,BANCO BISA,11.5850,1,1000000
2026-08-17,2026-08-18,BANCO DE CRÉDITO,11.1800,37,84625
2026-08-17,2026-08-18,BANCO DE CRÉDITO,11.3800,319,28718
2026-08-17,2026-08-18,BANCO DE CRÉDITO,11.4500,2,120210
2026-08-17,2026-08-18,BANCO DE CRÉDITO,11.5000,2,40026
2026-08-17,2026-08-18,BANCO DE CRÉDITO,11.5500,2,239292
2026-08-17,2026-08-18,BANCO DE CRÉDITO,11.5800,3,266836
2026-08-17,2026-08-18,BANCO DE CRÉDITO,11.6200,1,31919
2026-08-17,2026-08-18,BANCO DE CRÉDITO,11.6400,1,1500000
2026-08-17,2026-08-18,BANCO DE CRÉDITO,11.7000,2,7056
2026-08-17,2026-08-18,BANCO DE CRÉDITO,11.7900,2,5020
2026-08-17,2026-08-18,BANCO DE LA NACIÓN ARGENTINA,11.0800,29,2332
2026-08-17,2026-08-18,BANCO ECONÓMICO,11.2500,51,33063
2026-08-17,2026-08-18,BANCO ECONÓMICO,11.5000,1,299990
2026-08-17,2026-08-18,BANCO FIE,11.3800,29,72087
2026-08-17,2026-08-18,BANCO FIE,11.5200,1,90000
2026-08-17,2026-08-18,BANCO FIE,11.5700,1,78000
2026-08-17,2026-08-18,BANCO FORTALEZA,11.4000,1,19930
2026-08-17,2026-08-18,BANCO FORTALEZA,11.4800,3,10266
2026-08-17,2026-08-18,BANCO FORTALEZA,11.5800,2,20
2026-08-17,2026-08-18,BANCO FORTALEZA,11.6000,1,305258
2026-08-17,2026-08-18,BANCO GANADERO,9.6300,1,16674
2026-08-17,2026-08-18,BANCO GANADERO,9.7300,1,60247
2026-08-17,2026-08-18,BANCO GANADERO,9.9600,1,12888
2026-08-17,2026-08-18,BANCO GANADERO,10.0000,75,22534
2026-08-17,2026-08-18,BANCO GANADERO,10.7000,1,7237
2026-08-17,2026-08-18,BANCO GANADERO,11.5200,1,99980
2026-08-17,2026-08-18,BANCO GANADERO,11.5500,3,1186783
2026-08-17,2026-08-18,BANCO GANADERO,11.5600,15,75692
2026-08-17,2026-08-18,BANCO GANADERO,11.5656,1,7299936
2026-08-17,2026-08-18,BANCO GANADERO,11.5700,4,1563297
2026-08-17,2026-08-18,BANCO GANADERO,11.5800,48,945069
2026-08-17,2026-08-18,BANCO GANADERO,11.6000,1,1000000
2026-08-17,2026-08-18,BANCO GANADERO,11.6200,7,2934
2026-08-17,2026-08-18,BANCO GANADERO,11.6400,1,349975
2026-08-17,2026-08-18,BANCO GANADERO,11.6600,5,1576
2026-08-17,2026-08-18,BANCO GANADERO,11.7700,1,221
2026-08-17,2026-08-18,BANCO GANADERO,12.1500,1,82
2026-08-17,2026-08-18,BANCO MERCANTIL SANTA CRUZ,11.0800,145,242554
2026-08-17,2026-08-18,BANCO MERCANTIL SANTA CRUZ,11.0900,2,1
2026-08-17,2026-08-18,BANCO MERCANTIL SANTA CRUZ,11.1800,1,2000
2026-08-17,2026-08-18,BANCO MERCANTIL SANTA CRUZ,11.5700,2,238450
2026-08-17,2026-08-18,BANCO MERCANTIL SANTA CRUZ,11.5800,1,1
2026-08-17,2026-08-18,BANCO MERCANTIL SANTA CRUZ,11.6000,1,1000000
2026-08-17,2026-08-18,BANCO MERCANTIL SANTA CRUZ,11.6200,1,2092696
2026-08-17,2026-08-18,BANCO MERCANTIL SANTA CRUZ,11.6800,9,216200
2026-08-17,2026-08-18,BANCO NACIONAL DE BOLIVIA,11.0200,1,52
2026-08-17,2026-08-18,BANCO NACIONAL DE BOLIVIA,11.0780,2,
2026-08-17,2026-08-18,BANCO NACIONAL DE BOLIVIA,11.0800,225,342029
2026-08-17,2026-08-18,BANCO NACIONAL DE BOLIVIA,11.1000,2,
2026-08-17,2026-08-18,BANCO NACIONAL DE BOLIVIA,11.1100,1,2000
2026-08-17,2026-08-18,BANCO NACIONAL DE BOLIVIA,11.3800,3,58432
2026-08-17,2026-08-18,BANCO NACIONAL DE BOLIVIA,11.4800,1,32112
2026-08-17,2026-08-18,BANCO NACIONAL DE BOLIVIA,11.5000,2,497500
2026-08-17,2026-08-18,BANCO NACIONAL DE BOLIVIA,11.5300,1,12882
2026-08-17,2026-08-18,BANCO NACIONAL DE BOLIVIA,11.5500,1,500000
2026-08-17,2026-08-18,BANCO NACIONAL DE BOLIVIA,11.5700,14,324
2026-08-17,2026-08-18,BANCO NACIONAL DE BOLIVIA,11.5750,1,863297
2026-08-17,2026-08-18,BANCO NACIONAL DE BOLIVIA,11.5800,1,15000
2026-08-17,2026-08-18,BANCO NACIONAL DE BOLIVIA,11.6000,1,87444
2026-08-17,2026-08-18,BANCO NACIONAL DE BOLIVIA,11.6500,3,20258
2026-08-17,2026-08-18,BANCO PRODEM,11.2800,24,6305
2026-08-17,2026-08-18,BANCO PYME DE LA COMUNIDAD,11.1800,1,50
2026-08-17,2026-08-18,BANCO PYME DE LA COMUNIDAD,11.5800,1,197
2026-08-17,2026-08-18,BANCO PYME ECOFUTURO,11.1800,3,251
2026-08-17,2026-08-18,BANCO SOLIDARIO,11.0000,34,6925
2026-08-17,2026-08-18,BANCO SOLIDARIO,11.2000,3,1992
2026-08-17,2026-08-18,BANCO SOLIDARIO,11.4700,1,98144
2026-08-17,2026-08-18,BANCO SOLIDARIO,11.5000,1,49975
2026-08-17,2026-08-18,BANCO SOLIDARIO,11.5500,1,83505
2026-08-17,2026-08-18,BANCO SOLIDARIO,11.5800,1,49887
2026-08-17,2026-08-18,BANCO SOLIDARIO,11.6800,2,322709
2026-08-17,2026-08-18,BANCO UNION,10.1600,1,16
2026-08-17,2026-08-18,BANCO UNION,10.5000,27,58735
2026-08-18,2026-08-19,BANCO BISA,11.3500,30,104585
2026-08-18,2026-08-19,BANCO BISA,11.3800,2,10244
2026-08-18,2026-08-19,BANCO BISA,11.4350,1,52755
2026-08-18,2026-08-19,BANCO BISA,11.4500,18,158666
2026-08-18,2026-08-19,BANCO BISA,11.4800,1,2048
2026-08-18,2026-08-19,BANCO BISA,11.4900,1,9981
2026-08-18,2026-08-19,BANCO BISA,11.5000,2,58821
2026-08-18,2026-08-19,BANCO BISA,11.5100,3,910000
2026-08-18,2026-08-19,BANCO BISA,11.5150,2,50049980
2026-08-18,2026-08-19,BANCO BISA,11.5500,10,47762
2026-08-18,2026-08-19,BANCO BISA,11.6500,7,6315
2026-08-18,2026-08-19,BANCO BISA,11.7500,7,18808
2026-08-18,2026-08-19,BANCO BISA,11.9000,2,575
2026-08-18,2026-08-19,BANCO BISA,12.0000,7,6231
2026-08-18,2026-08-19,BANCO DE CRÉDITO,11.1500,18,138906
2026-08-18,2026-08-19,BANCO DE CRÉDITO,11.5000,13,46421
2026-08-18,2026-08-19,BANCO DE CRÉDITO,11.5200,2,414981
2026-08-18,2026-08-19,BANCO DE CRÉDITO,11.5300,1,79084
2026-08-18,2026-08-19,BANCO DE CRÉDITO,11.5500,272,536910
2026-08-18,2026-08-19,BANCO DE CRÉDITO,11.6000,1,300000
2026-08-18,2026-08-19,BANCO DE CRÉDITO,11.7000,6,513
2026-08-18,2026-08-19,BANCO DE CRÉDITO,12.3900,1,5415
2026-08-18,2026-08-19,BANCO DE LA NACIÓN ARGENTINA,11.0500,9,2763
2026-08-18,2026-08-19,BANCO ECONÓMICO,11.2500,1,67
2026-08-18,2026-08-19,BANCO ECONÓMICO,11.3000,37,123685
2026-08-18,2026-08-19,BANCO ECONÓMICO,11.4500,1,29981
2026-08-18,2026-08-19,BANCO ECONÓMICO,11.5000,1,199975
2026-08-18,2026-08-19,BANCO ECONÓMICO,11.5500,1,50000
2026-08-18,2026-08-19,BANCO FIE,11.3500,15,38732
2026-08-18,2026-08-19,BANCO FIE,11.5000,2,9855
2026-08-18,2026-08-19,BANCO FORTALEZA,11.0000,1,14
2026-08-18,2026-08-19,BANCO FORTALEZA,11.4500,2,4465
2026-08-18,2026-08-19,BANCO FORTALEZA,11.5500,5,120202
2026-08-18,2026-08-19,BANCO GANADERO,9.7300,1,14095
2026-08-18,2026-08-19,BANCO GANADERO,10.0000,50,26616
2026-08-18,2026-08-19,BANCO GANADERO,10.8300,1,65000
2026-08-18,2026-08-19,BANCO GANADERO,11.5200,1,271982
2026-08-18,2026-08-19,BANCO GANADERO,11.5300,32,465407
2026-08-18,2026-08-19,BANCO GANADERO,11.5400,1,152017
2026-08-18,2026-08-19,BANCO GANADERO,11.5500,57,688067
2026-08-18,2026-08-19,BANCO GANADERO,11.5540,2,3000000
2026-08-18,2026-08-19,BANCO GANADERO,11.5700,2,1103050
2026-08-18,2026-08-19,BANCO GANADERO,11.5800,12,5661
2026-08-18,2026-08-19,BANCO GANADERO,11.5900,1,499975
2026-08-18,2026-08-19,BANCO GANADERO,11.6200,1,999
2026-08-18,2026-08-19,BANCO GANADERO,11.6500,3,4
2026-08-18,2026-08-19,BANCO GANADERO,11.6600,2,122
2026-08-18,2026-08-19,BANCO GANADERO,11.7100,1,85
2026-08-18,2026-08-19,BANCO GANADERO,11.8600,1,126
2026-08-18,2026-08-19,BANCO MERCANTIL SANTA CRUZ,11.0500,152,377936
2026-08-18,2026-08-19,BANCO MERCANTIL SANTA CRUZ,11.0600,1,1
2026-08-18,2026-08-19,BANCO MERCANTIL SANTA CRUZ,11.0700,1,10000
2026-08-18,2026-08-19,BANCO MERCANTIL SANTA CRUZ,11.3500,3,7800
2026-08-18,2026-08-19,BANCO MERCANTIL SANTA CRUZ,11.4500,1,14750
2026-08-18,2026-08-19,BANCO MERCANTIL SANTA CRUZ,11.5400,2,948012
2026-08-18,2026-08-19,BANCO MERCANTIL SANTA CRUZ,11.5500,3,2147
2026-08-18,2026-08-19,BANCO MERCANTIL SANTA CRUZ,11.5550,1,499940
2026-08-18,2026-08-19,BANCO MERCANTIL SANTA CRUZ,11.5750,1,1999949
2026-08-18,2026-08-19,BANCO MERCANTIL SANTA CRUZ,11.6500,2,300400
2026-08-18,2026-08-19,BANCO NACIONAL DE BOLIVIA,11.0500,55,24511
2026-08-18,2026-08-19,BANCO NACIONAL DE BOLIVIA,11.0800,1,1000
2026-08-18,2026-08-19,BANCO NACIONAL DE BOLIVIA,11.1500,1,3013
2026-08-18,2026-08-19,BANCO NACIONAL DE BOLIVIA,11.3500,107,96423
2026-08-18,2026-08-19,BANCO NACIONAL DE BOLIVIA,11.4500,2,306795
2026-08-18,2026-08-19,BANCO NACIONAL DE BOLIVIA,11.5250,1,87240
2026-08-18,2026-08-19,BANCO NACIONAL DE BOLIVIA,11.5300,1,1404365
2026-08-18,2026-08-19,BANCO NACIONAL DE BOLIVIA,11.5400,22,1580
2026-08-18,2026-08-19,BANCO NACIONAL DE BOLIVIA,11.5500,4,45206
2026-08-18,2026-08-19,BANCO NACIONAL DE BOLIVIA,11.6700,3,28640
2026-08-18,2026-08-19,BANCO NACIONAL DE BOLIVIA,11.6800,1,3425
2026-08-18,2026-08-19,BANCO PRODEM,11.2500,12,12065
2026-08-18,2026-08-19,BANCO PYME DE LA COMUNIDAD,11.1500,2,1940
2026-08-18,2026-08-19,BANCO PYME ECOFUTURO,11.1500,3,2551
2026-08-18,2026-08-19,BANCO SOLIDARIO,10.9700,26,13561
2026-08-18,2026-08-19,BANCO SOLIDARIO,11.4000,1,49960
2026-08-18,2026-08-19,BANCO SOLIDARIO,11.5000,2,124970
2026-08-18,2026-08-19,BANCO SOLIDARIO,11.5200,1,3003178
2026-08-18,2026-08-19,BANCO SOLIDARIO,11.5500,4,194776
2026-08-18,2026-08-19,BANCO UNION,10.5000,37,61103
2026-08-19,2026-08-20,BANCO BISA,11.2200,1,3000
2026-08-19,2026-08-20,BANCO BISA,11.3200,44,84279
2026-08-19,2026-08-20,BANCO BISA,11.3500,1,161
2026-08-19,2026-08-20,BANCO BISA,11.4000,6,6408
2026-08-19,2026-08-20,BANCO BISA,11.4200,6,22659
2026-08-19,2026-08-20,BANCO BISA,11.4500,11,81379
2026-08-19,2026-08-20,BANCO BISA,11.4600,2,59950
2026-08-19,2026-08-20,BANCO BISA,11.4800,3,56077
2026-08-19,2026-08-20,BANCO BISA,11.4850,1,525000
2026-08-19,2026-08-20,BANCO BISA,11.4900,6,291286
2026-08-19,2026-08-20,BANCO BISA,11.5000,9,728708
2026-08-19,2026-08-20,BANCO BISA,11.5100,5,3720635
2026-08-19,2026-08-20,BANCO BISA,11.5150,2,6172808
2026-08-19,2026-08-20,BANCO BISA,11.5200,2,1014133
2026-08-19,2026-08-20,BANCO BISA,11.5500,6,22186
2026-08-19,2026-08-20,BANCO BISA,11.6500,5,2537
2026-08-19,2026-08-20,BANCO BISA,11.7500,8,13114
2026-08-19,2026-08-20,BANCO BISA,11.9000,2,279
2026-08-19,2026-08-20,BANCO BISA,12.0000,4,3758
2026-08-19,2026-08-20,BANCO DE CRÉDITO,11.1200,18,52095
2026-08-19,2026-08-20,BANCO DE CRÉDITO,11.1500,1,18000
2026-08-19,2026-08-20,BANCO DE CRÉDITO,11.4500,2,152917
2026-08-19,2026-08-20,BANCO DE CRÉDITO,11.4800,3,709810
2026-08-19,2026-08-20,BANCO DE CRÉDITO,11.5000,3,315965
2026-08-19,2026-08-20,BANCO DE CRÉDITO,11.5200,301,21885
2026-08-19,2026-08-20,BANCO DE CRÉDITO,11.6000,1,849705
2026-08-19,2026-08-20,BANCO DE CRÉDITO,11.6200,1,4
2026-08-19,2026-08-20,BANCO DE CRÉDITO,11.6800,1,5500
2026-08-19,2026-08-20,BANCO DE CRÉDITO,11.7900,1,5000
2026-08-19,2026-08-20,BANCO DE LA NACIÓN ARGENTINA,11.0200,10,1711
2026-08-19,2026-08-20,BANCO DE LA NACIÓN ARGENTINA,11.4000,2,15425
2026-08-19,2026-08-20,BANCO ECONÓMICO,11.3200,26,19716
2026-08-19,2026-08-20,BANCO ECONÓMICO,11.5000,2,350000
2026-08-19,2026-08-20,BANCO ECONÓMICO,11.5500,2,620584
2026-08-19,2026-08-20,BANCO FIE,11.3200,27,7267
2026-08-19,2026-08-20,BANCO FIE,11.5200,1,209905
2026-08-19,2026-08-20,BANCO FORTALEZA,11.4000,1,29000
2026-08-19,2026-08-20,BANCO FORTALEZA,11.4200,6,9290
2026-08-19,2026-08-20,BANCO FORTALEZA,11.5500,1,699975
2026-08-19,2026-08-20,BANCO GANADERO,9.6300,1,9216
2026-08-19,2026-08-20,BANCO GANADERO,9.7300,1,36214
2026-08-19,2026-08-20,BANCO GANADERO,9.9600,2,6861
2026-08-19,2026-08-20,BANCO GANADERO,10.0000,47,4254
2026-08-19,2026-08-20,BANCO GANADERO,10.7000,2,655
2026-08-19,2026-08-20,BANCO GANADERO,11.3200,1,16884
2026-08-19,2026-08-20,BANCO GANADERO,11.5000,23,51137
2026-08-19,2026-08-20,BANCO GANADERO,11.5200,45,835348
2026-08-19,2026-08-20,BANCO GANADERO,11.5500,2,381907
2026-08-19,2026-08-20,BANCO GANADERO,11.5600,3,1152688
2026-08-19,2026-08-20,BANCO GANADERO,11.5700,2,1675297
2026-08-19,2026-08-20,BANCO GANADERO,11.5800,5,1513
2026-08-19,2026-08-20,BANCO GANADERO,11.6600,1,34
2026-08-19,2026-08-20,BANCO GANADERO,11.7100,3,160
2026-08-19,2026-08-20,BANCO GANADERO,11.8600,1,76
2026-08-19,2026-08-20,BANCO MERCANTIL SANTA CRUZ,11.0000,3,0
2026-08-19,2026-08-20,BANCO MERCANTIL SANTA CRUZ,11.0100,2,4
2026-08-19,2026-08-20,BANCO MERCANTIL SANTA CRUZ,11.0200,151,141564
2026-08-19,2026-08-20,BANCO MERCANTIL SANTA CRUZ,11.0300,1,0
2026-08-19,2026-08-20,BANCO MERCANTIL SANTA CRUZ,11.3200,3,139431
2026-08-19,2026-08-20,BANCO MERCANTIL SANTA CRUZ,11.4200,2,58135
2026-08-19,2026-08-20,BANCO MERCANTIL SANTA CRUZ,11.5000,1,199940
2026-08-19,2026-08-20,BANCO MERCANTIL SANTA CRUZ,11.5100,2,6991749
2026-08-19,2026-08-20,BANCO MERCANTIL SANTA CRUZ,11.5200,1,820
2026-08-19,2026-08-20,BANCO MERCANTIL SANTA CRUZ,11.5300,1,100000
2026-08-19,2026-08-20,BANCO MERCANTIL SANTA CRUZ,11.5550,2,2000000
2026-08-19,2026-08-20,BANCO MERCANTIL SANTA CRUZ,11.6050,1,2280126
2026-08-19,2026-08-20,BANCO MERCANTIL SANTA CRUZ,11.6200,2,8100
2026-08-19,2026-08-20,BANCO NACIONAL DE BOLIVIA,11.0200,1,131
2026-08-19,2026-08-20,BANCO NACIONAL DE BOLIVIA,11.3200,199,261107
2026-08-19,2026-08-20,BANCO NACIONAL DE BOLIVIA,11.3330,1,0
2026-08-19,2026-08-20,BANCO NACIONAL DE BOLIVIA,11.4500,1,20000
2026-08-19,2026-08-20,BANCO NACIONAL DE BOLIVIA,11.5100,24,777
2026-08-19,2026-08-20,BANCO NACIONAL DE BOLIVIA,11.5200,1,1430
2026-08-19,2026-08-20,BANCO NACIONAL DE BOLIVIA,11.6400,5,16065
2026-08-19,2026-08-20,BANCO NACIONAL DE BOLIVIA,11.6800,3,10337
2026-08-19,2026-08-20,BANCO PRODEM,11.2200,15,4698
2026-08-19,2026-08-20,BANCO PYME DE LA COMUNIDAD,11.1200,3,10000
2026-08-19,2026-08-20,BANCO PYME ECOFUTURO,11.1200,2,180
2026-08-19,2026-08-20,BANCO SOLIDARIO,10.9400,31,6728
2026-08-19,2026-08-20,BANCO SOLIDARIO,11.4000,3,65163
2026-08-19,2026-08-20,BANCO SOLIDARIO,11.4200,1,49960
2026-08-19,2026-08-20,BANCO SOLIDARIO,11.4900,1,109853
2026-08-19,2026-08-20,BANCO SOLIDARIO,11.5000,4,161108
2026-08-19,2026-08-20,BANCO SOLIDARIO,11.5200,1,5378
2026-08-19,2026-08-20,BANCO SOLIDARIO,11.5500,1,499980
2026-08-19,2026-08-20,BANCO UNION,10.5000,18,446
2026-08-19,2026-08-20,BANCO UNION,11.4700,1,79923
2026-08-20,2026-08-21,BANCO BISA,11.2200,1,200
2026-08-20,2026-08-21,BANCO BISA,11.3200,30,146724
2026-08-20,2026-08-21,BANCO BISA,11.3500,2,537
2026-08-20,2026-08-21,BANCO BISA,11.4000,10,31047
2026-08-20,2026-08-21,BANCO BISA,11.4200,3,38146
2026-08-20,2026-08-21,BANCO BISA,11.4500,8,34484
2026-08-20,2026-08-21,BANCO BISA,11.4800,2,104616
2026-08-20,2026-08-21,BANCO BISA,11.5000,6,226242
2026-08-20,2026-08-21,BANCO BISA,11.5050,1,50000
2026-08-20,2026-08-21,BANCO BISA,11.5100,3,553418
2026-08-20,2026-08-21,BANCO BISA,11.5200,4,1348693
2026-08-20,2026-08-21,BANCO BISA,11.5250,2,3536205
2026-08-20,2026-08-21,BANCO BISA,11.5300,1,1350395
2026-08-20,2026-08-21,BANCO BISA,11.5400,1,500000
2026-08-20,2026-08-21,BANCO BISA,11.5500,4,6783
2026-08-20,2026-08-21,BANCO BISA,11.6500,4,1795
2026-08-20,2026-08-21,BANCO BISA,11.7500,6,3271
2026-08-20,2026-08-21,BANCO BISA,11.9000,3,6759
2026-08-20,2026-08-21,BANCO BISA,12.0000,2,96
2026-08-20,2026-08-21,BANCO DE CRÉDITO,11.1200,15,49333
2026-08-20,2026-08-21,BANCO DE CRÉDITO,11.3000,1,7057
2026-08-20,2026-08-21,BANCO DE CRÉDITO,11.3200,1,19140
2026-08-20,2026-08-21,BANCO DE CRÉDITO,11.4800,4,68323
2026-08-20,2026-08-21,BANCO DE CRÉDITO,11.5000,9,1061954
2026-08-20,2026-08-21,BANCO DE CRÉDITO,11.5100,1,61236
2026-08-20,2026-08-21,BANCO DE CRÉDITO,11.5200,306,26562
2026-08-20,2026-08-21,BANCO DE CRÉDITO,11.5400,4,729780
2026-08-20,2026-08-21,BANCO DE CRÉDITO,11.5500,1,500000
2026-08-20,2026-08-21,BANCO DE CRÉDITO,11.5600,1,1000000
2026-08-20,2026-08-21,BANCO DE CRÉDITO,11.6400,1,5500
2026-08-20,2026-08-21,BANCO DE CRÉDITO,11.7500,1,3720
2026-08-20,2026-08-21,BANCO DE LA NACIÓN ARGENTINA,11.0200,14,1321
2026-08-20,2026-08-21,BANCO DE LA NACIÓN ARGENTINA,11.4000,1,30000
2026-08-20,2026-08-21,BANCO DE LA NACIÓN ARGENTINA,11.5200,1,89000
2026-08-20,2026-08-21,BANCO ECONÓMICO,11.4200,40,21711
2026-08-20,2026-08-21,BANCO ECONÓMICO,11.5200,2,23309
2026-08-20,2026-08-21,BANCO ECONÓMICO,11.5300,1,152521
2026-08-20,2026-08-21,BANCO ECONÓMICO,11.5400,1,500000
2026-08-20,2026-08-21,BANCO ECONÓMICO,11.5500,1,100000
2026-08-20,2026-08-21,BANCO ECONÓMICO,11.5800,1,694785
2026-08-20,2026-08-21,BANCO FIE,11.3200,20,14575
2026-08-20,2026-08-21,BANCO FORTALEZA,10.0000,1,198
2026-08-20,2026-08-21,BANCO FORTALEZA,10.5000,1,21
2026-08-20,2026-08-21,BANCO FORTALEZA,11.4700,1,97535
2026-08-20,2026-08-21,BANCO FORTALEZA,11.5200,6,332
2026-08-20,2026-08-21,BANCO GANADERO,9.6300,1,16394
2026-08-20,2026-08-21,BANCO GANADERO,9.7300,1,33998
2026-08-20,2026-08-21,BANCO GANADERO,9.9600,1,4996
2026-08-20,2026-08-21,BANCO GANADERO,10.0000,40,11031
2026-08-20,2026-08-21,BANCO GANADERO,11.4500,1,30000
2026-08-20,2026-08-21,BANCO GANADERO,11.5000,24,73673
2026-08-20,2026-08-21,BANCO GANADERO,11.5200,52,3040333
2026-08-20,2026-08-21,BANCO GANADERO,11.5250,1,100000
2026-08-20,2026-08-21,BANCO GANADERO,11.5300,1,216716
2026-08-20,2026-08-21,BANCO GANADERO,11.5400,3,3100000
2026-08-20,2026-08-21,BANCO GANADERO,11.5500,10,453951
2026-08-20,2026-08-21,BANCO GANADERO,11.5600,1,351109
2026-08-20,2026-08-21,BANCO GANADERO,11.5800,3,1641
2026-08-20,2026-08-21,BANCO GANADERO,11.6200,1,112
2026-08-20,2026-08-21,BANCO GANADERO,11.7700,1,392
2026-08-20,2026-08-21,BANCO GANADERO,11.8600,1,384
2026-08-20,2026-08-21,BANCO MERCANTIL SANTA CRUZ,11.0100,4,3
2026-08-20,2026-08-21,BANCO MERCANTIL SANTA CRUZ,11.0200,156,280315
2026-08-20,2026-08-21,BANCO MERCANTIL SANTA CRUZ,11.4200,3,1302630
2026-08-20,2026-08-21,BANCO MERCANTIL SANTA CRUZ,11.5100,3,1679540
2026-08-20,2026-08-21,BANCO MERCANTIL SANTA CRUZ,11.5110,1,129572
2026-08-20,2026-08-21,BANCO MERCANTIL SANTA CRUZ,11.5200,2,75000
2026-08-20,2026-08-21,BANCO MERCANTIL SANTA CRUZ,11.5400,1,13140
2026-08-20,2026-08-21,BANCO MERCANTIL SANTA CRUZ,11.6200,7,268440
2026-08-20,2026-08-21,BANCO NACIONAL DE BOLIVIA,11.2940,1,0
2026-08-20,2026-08-21,BANCO NACIONAL DE BOLIVIA,11.3200,212,379645
2026-08-20,2026-08-21,BANCO NACIONAL DE BOLIVIA,11.3230,1,1
2026-08-20,2026-08-21,BANCO NACIONAL DE BOLIVIA,11.3300,1,5900
2026-08-20,2026-08-21,BANCO NACIONAL DE BOLIVIA,11.4000,3,186177
2026-08-20,2026-08-21,BANCO NACIONAL DE BOLIVIA,11.4200,1,23000
2026-08-20,2026-08-21,BANCO NACIONAL DE BOLIVIA,11.4400,1,55031
2026-08-20,2026-08-21,BANCO NACIONAL DE BOLIVIA,11.4800,1,34929
2026-08-20,2026-08-21,BANCO NACIONAL DE BOLIVIA,11.5100,17,37565
2026-08-20,2026-08-21,BANCO NACIONAL DE BOLIVIA,11.5200,6,816359
2026-08-20,2026-08-21,BANCO NACIONAL DE BOLIVIA,11.5250,1,999980
2026-08-20,2026-08-21,BANCO NACIONAL DE BOLIVIA,11.5300,3,1999975
2026-08-20,2026-08-21,BANCO NACIONAL DE BOLIVIA,11.5400,1,499975
2026-08-20,2026-08-21,BANCO NACIONAL DE BOLIVIA,11.6500,1,466
2026-08-20,2026-08-21,BANCO PRODEM,11.2200,18,13867
2026-08-20,2026-08-21,BANCO PYME DE LA COMUNIDAD,11.1200,5,1104
2026-08-20,2026-08-21,BANCO SOLIDARIO,10.9400,17,4939
2026-08-20,2026-08-21,BANCO SOLIDARIO,11.2000,1,105
2026-08-20,2026-08-21,BANCO SOLIDARIO,11.5000,2,66305
2026-08-20,2026-08-21,BANCO SOLIDARIO,11.5200,4,211195
2026-08-20,2026-08-21,BANCO SOLIDARIO,11.5810,3,2906752
2026-08-20,2026-08-21,BANCO UNION,10.5000,26,1896
2026-08-20,2026-08-21,BANCO UNION,11.4700,1,85235
